name,dist_ly,x,y,z,spect,temp,size,color,brightness,comp_val,comp_desc,stage,image,has_planets,planet_count,visible_from
Earth (Sun),0.0,0.0,0.0,0.0,G2V,5757,1.007,Yellow,1.0,1.0,Solar metallicity,Main Sequence,images/sun.jpg,TRUE,8,"Solar System (Earth/Sun) (Home Star), Proxima Centauri System (4.2 ly away), Barnard's Star System (6.0 ly away)"
Proxima Centauri,4.23,-1.54,-1.18,-3.75,M5Ve,3383,0.022,Red,0.0001,0.5,Metal-poor,Main Sequence (Red Dwarf),images/proxima.jpg,TRUE,3,"Proxima Centauri System (0.4 ly away), Solar System (Earth/Sun) (4.2 ly away), Barnard's Star System (7.1 ly away)"
Toliman,4.32,-1.62,-1.35,-3.77,K1V,4996,0.888,Orange,0.441,1.0,Solar metallicity,Main Sequence,images/orange_dwarf.jpg,TRUE,1,"Proxima Centauri System (0.3 ly away), Solar System (Earth/Sun) (4.3 ly away), Barnard's Star System (7.0 ly away)"
Rigil Kentaurus,4.32,-1.62,-1.35,-3.77,G2V,5568,1.338,Yellow,1.5431,1.0,Solar metallicity,Main Sequence,images/sun.jpg,TRUE,1,"Proxima Centauri System (0.3 ly away), Solar System (Earth/Sun) (4.3 ly away), Barnard's Star System (7.0 ly away)"
Barnard's Star,5.95,-0.06,-5.92,0.49,sdM4,3691,0.052,Yellow,0.0004,0.5,Metal-poor,Subdwarf,images/barnard.jpg,TRUE,1,"Barnard's Star System (1.0 ly away), Solar System (Earth/Sun) (5.9 ly away), Proxima Centauri System (6.2 ly away)"
Wolf 359,7.8,-7.45,2.12,0.95,M6,3169,0.024,Red,0.0001,0.5,Metal-poor,Main Sequence (Red Dwarf),images/red_dwarf.jpg,TRUE,2,"Wolf 359 System (Home Star), Solar System (Earth/Sun) (7.8 ly away), Proxima Centauri System (8.3 ly away)"
Lalande 21185,8.31,-6.52,1.64,4.88,M2V,3791,0.175,Red,0.0057,0.5,Metal-poor,Main Sequence (Red Dwarf),images/red_dwarf.jpg,FALSE,0,"Wolf 359 System (4.1 ly away), Solar System (Earth/Sun) (8.3 ly away), Ross 128 System (9.0 ly away)"
Gliese Gl 65A,8.57,7.41,3.41,-2.64,dM5.5e,3333,0.023,White,0.0001,1.0,Solar metallicity,White Dwarf,images/sirius.jpg,FALSE,0,"Tau Ceti System (3.4 ly away), Epsilon Eridani System (5.1 ly away), Solar System (Earth/Sun) (8.6 ly away)"
Gliese Gl 65B,8.57,7.41,3.41,-2.64,dM5.5e,12000,0.01,White,0.0001,1.0,Solar metallicity,White Dwarf,images/sirius.jpg,FALSE,0,"Tau Ceti System (3.4 ly away), Epsilon Eridani System (5.1 ly away), Solar System (Earth/Sun) (8.6 ly away)"
Sirius,8.6,-1.61,8.08,-2.47,A0m...,10014,1.591,White,22.8244,1.4,Metal-rich,Main Sequence,images/sirius.jpg,FALSE,0,"Ross 128 System (6.4 ly away), Epsilon Eridani System (7.8 ly away), Solar System (Earth/Sun) (8.6 ly away)"
Gliese Gl 244B,8.6,-1.61,8.08,-2.47,DA2,10516,0.015,White,0.0025,1.0,Solar metallicity,White Dwarf,images/sirius.jpg,FALSE,0,"Ross 128 System (6.4 ly away), Epsilon Eridani System (7.8 ly away), Solar System (Earth/Sun) (8.6 ly away)"
Ross 154,9.69,1.91,-8.65,-3.91,M3.5Ve,3779,0.055,Red,0.0005,0.5,Metal-poor,Main Sequence (Red Dwarf),images/red_dwarf.jpg,FALSE,0,"Barnard's Star System (6.4 ly away), Proxima Centauri System (7.9 ly away), Solar System (Earth/Sun) (9.7 ly away)"
Ross 248,10.33,7.38,-0.58,7.19,dM6  e,3277,0.032,White,0.0001,1.0,Solar metallicity,White Dwarf,images/sirius.jpg,FALSE,0,"Solar System (Earth/Sun) (10.3 ly away), Barnard's Star System (10.8 ly away), Tau Ceti System (12.2 ly away)"
Ran,10.49,6.19,8.29,-1.72,K2V,5048,0.709,Orange,0.293,1.0,Solar metallicity,Main Sequence,images/orange_dwarf.jpg,TRUE,1,"Epsilon Eridani System (Home Star), Tau Ceti System (5.5 ly away), Solar System (Earth/Sun) (10.5 ly away)"
Lacaille 9352,10.68,8.42,-2.03,-6.26,M2/M3V,3819,0.237,Red,0.0107,0.5,Metal-poor,Main Sequence (Red Dwarf),images/red_dwarf.jpg,TRUE,2,"Gliese 876 System (6.7 ly away), Tau Ceti System (7.9 ly away), Proxima Centauri System (10.3 ly away)"
Ross 128,10.94,-10.93,0.59,0.15,M4.5V,3457,0.052,Red,0.0003,0.5,Metal-poor,Main Sequence (Red Dwarf),images/red_dwarf.jpg,TRUE,1,"Wolf 359 System (3.9 ly away), Proxima Centauri System (10.4 ly away), Solar System (Earth/Sun) (10.9 ly away)"
EZ Aqr,11.08,10.01,-3.72,-2.92,M5  e,3190,0.031,Red,0.0001,0.5,Metal-poor,Main Sequence (Red Dwarf),images/red_dwarf.jpg,FALSE,0,"Gliese 876 System (4.3 ly away), Tau Ceti System (8.8 ly away), Solar System (Earth/Sun) (11.1 ly away)"
Struve 2398 B,11.27,1.06,-5.6,9.72,K5,3704,0.09,Orange,0.0014,1.0,Solar metallicity,Main Sequence,images/orange_dwarf.jpg,FALSE,0,"Barnard's Star System (8.4 ly away), Solar System (Earth/Sun) (11.3 ly away), Proxima Centauri System (14.2 ly away)"
61 Cyg,11.37,6.46,-6.08,7.12,K5V,4583,0.472,Orange,0.0881,1.0,Solar metallicity,Main Sequence,images/orange_dwarf.jpg,FALSE,0,"Barnard's Star System (8.7 ly away), Solar System (Earth/Sun) (11.4 ly away), Gliese 876 System (13.5 ly away)"
61 Cyg,11.41,6.48,-6.1,7.14,K7V,4105,0.399,Orange,0.0405,1.0,Solar metallicity,Main Sequence,images/orange_dwarf.jpg,FALSE,0,"Barnard's Star System (8.7 ly away), Solar System (Earth/Sun) (11.4 ly away), Gliese 876 System (13.5 ly away)"
Gliese Gl 280B,11.41,-4.77,10.31,1.04,DA,12000,0.01,White,0.0006,1.0,Solar metallicity,White Dwarf,images/sirius.jpg,FALSE,0,"Ross 128 System (2.8 ly away), Wolf 359 System (8.6 ly away), Solar System (Earth/Sun) (11.4 ly away)"
Procyon,11.46,-4.79,10.36,1.04,F5IV-V,6714,2.02,Yellow-White,7.4405,1.0,Solar metallicity,Subgiant,images/procyon.jpg,FALSE,0,"Ross 128 System (2.8 ly away), Wolf 359 System (8.7 ly away), Solar System (Earth/Sun) (11.5 ly away)"
Struve 2398 A,11.64,1.09,-5.78,10.04,K5,3787,0.126,Orange,0.0029,1.0,Solar metallicity,Main Sequence,images/orange_dwarf.jpg,FALSE,0,"Barnard's Star System (8.7 ly away), Solar System (Earth/Sun) (11.6 ly away), Proxima Centauri System (14.5 ly away)"
Gliese Gl 15B,11.64,8.34,0.67,8.09,M6 Ve,3404,0.059,Red,0.0004,0.5,Metal-poor,Main Sequence (Red Dwarf),images/red_dwarf.jpg,FALSE,0,"Solar System (Earth/Sun) (11.6 ly away), Tau Ceti System (12.3 ly away), Barnard's Star System (12.5 ly away)"
Groombridge 34,11.7,8.39,0.67,8.13,M1V,3705,0.196,Red,0.0065,0.5,Metal-poor,Main Sequence (Red Dwarf),images/red_dwarf.jpg,TRUE,2,"Solar System (Earth/Sun) (11.7 ly away), Tau Ceti System (12.3 ly away), Barnard's Star System (12.6 ly away)"
Eps Ind,11.81,5.65,-3.15,-9.88,K5V,4612,0.612,Orange,0.1521,1.0,Solar metallicity,Main Sequence,images/orange_dwarf.jpg,TRUE,1,"Proxima Centauri System (9.7 ly away), Gliese 876 System (10.6 ly away), Tau Ceti System (11.5 ly away)"
Gliese GJ 1111,11.83,-6.42,8.38,5.33,M6.5,3108,0.024,Red,0.0001,0.5,Metal-poor,Main Sequence (Red Dwarf),images/red_dwarf.jpg,FALSE,0,"Ross 128 System (3.9 ly away), Wolf 359 System (7.7 ly away), Solar System (Earth/Sun) (11.8 ly away)"
52Tau Cet,11.91,10.29,5.02,-3.27,G8V,5511,0.751,Yellow,0.4664,1.0,Solar metallicity,Main Sequence,images/sun.jpg,TRUE,4,"Tau Ceti System (Home Star), Epsilon Eridani System (5.5 ly away), Gliese 876 System (10.1 ly away)"
Gliese Gl 54.1,12.03,10.94,3.58,-3.52,M5.5Ve,3333,0.039,Red,0.0002,0.5,Metal-poor,Main Sequence (Red Dwarf),images/red_dwarf.jpg,FALSE,0,"Tau Ceti System (1.6 ly away), Epsilon Eridani System (6.9 ly away), Gliese 876 System (8.5 ly away)"
Hipparcos 82724,12.06,-1.57,-5.36,-10.68,Mp,3479,0.041,Red,0.0002,0.5,Metal-poor,Main Sequence (Red Dwarf),images/red_dwarf.jpg,FALSE,0,"Proxima Centauri System (8.0 ly away), Solar System (Earth/Sun) (12.1 ly away), Barnard's Star System (12.2 ly away)"
Luyten's Star,12.4,-4.6,11.46,1.13,M5,3687,0.094,Red,0.0015,0.5,Metal-poor,Main Sequence (Red Dwarf),images/red_dwarf.jpg,FALSE,0,"Ross 128 System (3.0 ly away), Wolf 359 System (9.8 ly away), Epsilon Eridani System (11.6 ly away)"
Kapteyn's Star,12.76,1.89,8.82,-9.03,M0V,3730,0.148,Red,0.0038,0.5,Metal-poor,Main Sequence (Red Dwarf),images/red_dwarf.jpg,TRUE,1,"Epsilon Eridani System (8.5 ly away), Tau Ceti System (10.9 ly away), Proxima Centauri System (12.2 ly away)"
Lacaille 8760,12.87,7.6,-6.53,-8.08,M1/M2V,3955,0.361,Red,0.0286,0.5,Metal-poor,Main Sequence (Red Dwarf),images/red_dwarf.jpg,FALSE,0,"Gliese 876 System (8.2 ly away), Proxima Centauri System (11.3 ly away), Barnard's Star System (12.3 ly away)"
Kruger 60,13.05,6.42,-2.72,11.03,M2V,3631,0.114,Red,0.002,0.5,Metal-poor,Main Sequence (Red Dwarf),images/red_dwarf.jpg,FALSE,0,"Barnard's Star System (12.0 ly away), Solar System (Earth/Sun) (13.0 ly away), Proxima Centauri System (16.7 ly away)"
Gliese Gl 860B,13.07,6.43,-2.73,11.04,M6 V,3392,0.06,Red,0.0004,0.5,Metal-poor,Main Sequence (Red Dwarf),images/red_dwarf.jpg,FALSE,0,"Barnard's Star System (12.0 ly away), Solar System (Earth/Sun) (13.1 ly away), Proxima Centauri System (16.7 ly away)"
Gliese Gl 234B,13.43,-1.72,13.3,-0.66,G2V,5700,0.01,Yellow,0.0001,1.0,Solar metallicity,Main Sequence,images/sun.jpg,FALSE,0,"Ross 128 System (5.6 ly away), Epsilon Eridani System (9.4 ly away), Wolf 359 System (12.7 ly away)"
Ross 614,13.46,-1.72,13.33,-0.66,M4.5Ve,3528,0.062,Red,0.0005,0.5,Metal-poor,Main Sequence (Red Dwarf),images/red_dwarf.jpg,FALSE,0,"Ross 128 System (5.6 ly away), Epsilon Eridani System (9.4 ly away), Wolf 359 System (12.7 ly away)"
Hipparcos 82725,13.52,-1.77,-6.01,-11.99,G2V,5700,0.018,Yellow,0.0003,1.0,Solar metallicity,Main Sequence,images/sun.jpg,FALSE,0,"Proxima Centauri System (9.5 ly away), Gliese 667 System (12.5 ly away), Solar System (Earth/Sun) (13.5 ly away)"
Van Maanen's Star,13.9,13.53,2.95,1.31,DG,6154,0.012,White,0.0002,1.0,Solar metallicity,White Dwarf,images/sirius.jpg,FALSE,0,"Tau Ceti System (6.0 ly away), Gliese 876 System (8.8 ly away), Epsilon Eridani System (9.6 ly away)"
Wolf 1061,14.0,-5.21,-12.63,-3.07,M4,3644,0.096,Red,0.0015,0.5,Metal-poor,Main Sequence (Red Dwarf),images/red_dwarf.jpg,TRUE,3,"Gliese 581 System (8.2 ly away), Barnard's Star System (9.7 ly away), Gliese 667 System (11.6 ly away)"
Gliese GJ 1061,14.0,5.87,8.07,-9.81,M4.5,3277,0.031,Red,0.0001,0.5,Metal-poor,Main Sequence (Red Dwarf),images/red_dwarf.jpg,TRUE,3,"Epsilon Eridani System (8.1 ly away), Tau Ceti System (8.5 ly away), Proxima Centauri System (13.6 ly away)"
Gliese Gl 473A,14.05,-13.73,-2.01,2.2,dM5.5eJ,3356,0.029,White,0.0001,1.0,Solar metallicity,White Dwarf,images/sirius.jpg,FALSE,0,"Wolf 359 System (7.6 ly away), Proxima Centauri System (13.5 ly away), Solar System (Earth/Sun) (14.0 ly away)"
Gliese Gl 473B,14.05,-13.73,-2.01,2.2,M7,3100,0.031,Red,0.0001,0.5,Metal-poor,Main Sequence (Red Dwarf),images/red_dwarf.jpg,FALSE,0,"Wolf 359 System (7.6 ly away), Proxima Centauri System (13.5 ly away), Solar System (Earth/Sun) (14.0 ly away)"
Gliese Gl 1,14.15,11.25,0.27,-8.59,M2V,3852,0.177,Red,0.0062,0.5,Metal-poor,Main Sequence (Red Dwarf),images/red_dwarf.jpg,FALSE,0,"Tau Ceti System (7.2 ly away), Gliese 876 System (7.2 ly away), Epsilon Eridani System (11.7 ly away)"
Gliese GJ 3522,14.56,-10.14,10.23,2.15,k,3555,0.073,Orange,0.0008,1.0,Solar metallicity,Main Sequence,images/orange_dwarf.jpg,FALSE,0,"Ross 128 System (6.9 ly away), Wolf 359 System (8.6 ly away), Solar System (Earth/Sun) (14.6 ly away)"
Gliese Gl 83.1,14.57,12.28,7.11,3.29,dM8  e,3392,0.042,White,0.0002,1.0,Solar metallicity,White Dwarf,images/sirius.jpg,FALSE,0,"Tau Ceti System (7.2 ly away), Epsilon Eridani System (8.0 ly away), Gliese 876 System (13.5 ly away)"
Gliese GJ 3618,14.64,-6.67,2.28,-12.83,m,3368,0.021,Red,0.0001,0.5,Metal-poor,Main Sequence (Red Dwarf),images/red_dwarf.jpg,FALSE,0,"Proxima Centauri System (11.2 ly away), Wolf 359 System (13.8 ly away), Solar System (Earth/Sun) (14.6 ly away)"
Gliese GJ 3622,14.76,-13.77,4.46,-2.9,M6.5,3069,0.025,Red,0.0001,0.5,Metal-poor,Main Sequence (Red Dwarf),images/red_dwarf.jpg,FALSE,0,"Wolf 359 System (7.8 ly away), Ross 128 System (13.3 ly away), Proxima Centauri System (13.7 ly away)"
Gliese Gl 687,14.77,-0.56,-5.42,13.73,M3.5Vvar,3786,0.146,Red,0.0039,0.5,Metal-poor,Main Sequence (Red Dwarf),images/red_dwarf.jpg,FALSE,0,"Barnard's Star System (12.3 ly away), Solar System (Earth/Sun) (14.8 ly away), Wolf 359 System (16.4 ly away)"
Gliese Gl 674,14.81,-1.38,-10.02,-10.81,K5,3715,0.136,Orange,0.0032,1.0,Solar metallicity,Main Sequence,images/orange_dwarf.jpg,FALSE,0,"Gliese 667 System (8.8 ly away), Proxima Centauri System (11.1 ly away), Barnard's Star System (13.0 ly away)"
Gliese Gl 440,15.03,-6.38,0.4,-13.6,DC:,8194,0.011,White,0.0005,1.0,Solar metallicity,White Dwarf,images/sirius.jpg,FALSE,0,"Proxima Centauri System (11.3 ly away), Wolf 359 System (14.7 ly away), Solar System (Earth/Sun) (15.0 ly away)"
Gliese Gl 876,15.29,14.2,-4.25,-3.77,M5,3653,0.102,Red,0.0017,0.5,Metal-poor,Main Sequence (Red Dwarf),images/red_dwarf.jpg,TRUE,4,"Gliese 876 System (Home Star), Tau Ceti System (10.1 ly away), Epsilon Eridani System (15.0 ly away)"
Gliese GJ 1002,15.33,15.18,0.45,-2.01,M5-5.5,3190,0.026,Red,0.0001,0.5,Metal-poor,Main Sequence (Red Dwarf),images/red_dwarf.jpg,TRUE,2,"Gliese 876 System (5.1 ly away), Tau Ceti System (6.8 ly away), Epsilon Eridani System (11.9 ly away)"
Gliese GJ 1245A,15.38,5.24,-9.66,10.77,M5.5 V e,3277,0.028,Red,0.0001,0.5,Metal-poor,Main Sequence (Red Dwarf),images/red_dwarf.jpg,FALSE,0,"Barnard's Star System (11.4 ly away), Solar System (Earth/Sun) (15.4 ly away), Proxima Centauri System (17.9 ly away)"
Gliese GJ 1245B,15.38,5.24,-9.66,10.77,m,3190,0.023,Red,0.0001,0.5,Metal-poor,Main Sequence (Red Dwarf),images/red_dwarf.jpg,FALSE,0,"Barnard's Star System (11.4 ly away), Solar System (Earth/Sun) (15.4 ly away), Proxima Centauri System (17.9 ly away)"
Gliese Gl 412B,15.76,-11.11,2.69,10.85,M6  e,3079,0.025,Red,0.0001,0.5,Metal-poor,Main Sequence (Red Dwarf),images/red_dwarf.jpg,FALSE,0,"Wolf 359 System (10.6 ly away), Ross 128 System (12.9 ly away), Solar System (Earth/Sun) (15.8 ly away)"
Gliese Gl 412A,15.81,-11.14,2.7,10.89,M2Vvar,3807,0.179,Red,0.0061,0.5,Metal-poor,Main Sequence (Red Dwarf),images/red_dwarf.jpg,FALSE,0,"Wolf 359 System (10.6 ly away), Ross 128 System (12.9 ly away), Solar System (Earth/Sun) (15.8 ly away)"
Gliese Gl 380,15.89,-9.19,4.72,12.08,K8V,4075,0.438,Orange,0.0474,1.0,Solar metallicity,Main Sequence,images/orange_dwarf.jpg,FALSE,0,"Wolf 359 System (11.6 ly away), Ross 128 System (11.6 ly away), Solar System (Earth/Sun) (15.9 ly away)"
Gliese Gl 388,16.0,-13.63,6.38,5.44,M4.5Ve,3734,0.144,Red,0.0036,0.5,Metal-poor,Main Sequence (Red Dwarf),images/red_dwarf.jpg,FALSE,0,"Wolf 359 System (8.7 ly away), Ross 128 System (11.0 ly away), Solar System (Earth/Sun) (16.0 ly away)"
Gliese Gl 832,16.16,8.51,-6.32,-12.2,M1V,3762,0.202,Red,0.0073,0.5,Metal-poor,Main Sequence (Red Dwarf),images/red_dwarf.jpg,FALSE,0,"Gliese 876 System (10.4 ly away), Proxima Centauri System (14.0 ly away), Tau Ceti System (14.5 ly away)"
Gliese GJ 1005A,16.26,15.59,1.05,-4.52,M:,3453,0.066,Red,0.0005,0.5,Metal-poor,Main Sequence (Red Dwarf),images/red_dwarf.jpg,FALSE,0,"Gliese 876 System (5.5 ly away), Tau Ceti System (6.7 ly away), Epsilon Eridani System (12.2 ly away)"
Keid,16.26,7.11,14.46,-2.16,K1V,5221,0.741,Orange,0.3658,1.0,Solar metallicity,Main Sequence,images/orange_dwarf.jpg,FALSE,0,"Epsilon Eridani System (6.3 ly away), Tau Ceti System (10.0 ly away), Ross 128 System (12.7 ly away)"
Gliese Gl 166B,16.45,7.19,14.63,-2.19,DA4,9766,0.021,White,0.0034,1.0,Solar metallicity,White Dwarf,images/sirius.jpg,FALSE,0,"Epsilon Eridani System (6.4 ly away), Tau Ceti System (10.2 ly away), Ross 128 System (12.9 ly away)"
Gliese Gl 166C,16.45,7.18,14.63,-2.19,dM4.5e,3555,0.073,White,0.0008,1.0,Solar metallicity,White Dwarf,images/sirius.jpg,FALSE,0,"Epsilon Eridani System (6.4 ly away), Tau Ceti System (10.2 ly away), Ross 128 System (12.9 ly away)"
Gliese Gl 682,16.56,-1.18,-11.79,-11.57,M5,3574,0.08,Red,0.0009,0.5,Metal-poor,Main Sequence (Red Dwarf),images/red_dwarf.jpg,FALSE,0,"Gliese 667 System (7.0 ly away), Proxima Centauri System (12.9 ly away), Barnard's Star System (14.4 ly away)"
70 Oph,16.58,0.39,-16.56,0.72,K0V SB,5106,0.95,Orange,0.55,1.0,Solar metallicity,Main Sequence,images/orange_dwarf.jpg,FALSE,0,"Barnard's Star System (10.8 ly away), Gliese 581 System (13.8 ly away), Gliese 667 System (14.4 ly away)"
Gliese Gl 702B,16.59,0.39,-16.57,0.72,K5 Ve,4409,0.514,Orange,0.0897,1.0,Solar metallicity,Main Sequence,images/orange_dwarf.jpg,FALSE,0,"Barnard's Star System (10.8 ly away), Gliese 581 System (13.8 ly away), Gliese 667 System (14.4 ly away)"
Gliese Gl 873,16.71,11.35,-3.75,11.68,M4.5Ve,3734,0.1,Red,0.0017,0.5,Metal-poor,Main Sequence (Red Dwarf),images/red_dwarf.jpg,FALSE,0,"Barnard's Star System (15.5 ly away), Gliese 876 System (15.7 ly away), Solar System (Earth/Sun) (16.7 ly away)"
Altair,16.73,7.68,-14.64,2.58,A7IV-V,8004,1.758,White,11.3763,1.4,Metal-rich,Subgiant,images/sirius.jpg,FALSE,0,"Barnard's Star System (11.9 ly away), Gliese 876 System (13.8 ly away), Solar System (Earth/Sun) (16.7 ly away)"
Gliese GJ 1116A,17.05,-11.26,11.43,5.76,m,3345,0.022,Red,0.0001,0.5,Metal-poor,Main Sequence (Red Dwarf),images/red_dwarf.jpg,FALSE,0,"Ross 128 System (8.3 ly away), Wolf 359 System (11.2 ly away), Solar System (Earth/Sun) (17.0 ly away)"
Gliese GJ 1116B,17.05,-11.26,11.43,5.77,m,3244,0.022,Red,0.0001,0.5,Metal-poor,Main Sequence (Red Dwarf),images/red_dwarf.jpg,FALSE,0,"Ross 128 System (8.3 ly away), Wolf 359 System (11.2 ly away), Solar System (Earth/Sun) (17.1 ly away)"
Hipparcos 67593,17.37,-14.07,-7.4,7.0,G2V,5700,0.011,Yellow,0.0001,1.0,Solar metallicity,Main Sequence,images/sun.jpg,FALSE,0,"Gliese 581 System (12.6 ly away), Wolf 359 System (13.1 ly away), Barnard's Star System (15.1 ly away)"
Gliese Gl 445,17.45,-3.42,0.18,17.11,M4,3688,0.085,Red,0.0012,0.5,Metal-poor,Main Sequence (Red Dwarf),images/red_dwarf.jpg,FALSE,0,"Wolf 359 System (16.8 ly away), Ross 128 System (16.8 ly away), Barnard's Star System (17.1 ly away)"
Gliese GJ 3379,17.51,-0.0,17.49,0.83,M4,3541,0.072,Red,0.0007,0.5,Metal-poor,Main Sequence (Red Dwarf),images/red_dwarf.jpg,FALSE,0,"Ross 128 System (8.7 ly away), Epsilon Eridani System (11.4 ly away), Tau Ceti System (16.7 ly away)"
Gliese Gl 526,17.58,-15.22,-7.56,4.52,M3V,3894,0.225,Red,0.0105,0.5,Metal-poor,Main Sequence (Red Dwarf),images/red_dwarf.jpg,FALSE,0,"Gliese 581 System (10.9 ly away), Wolf 359 System (12.9 ly away), Barnard's Star System (15.5 ly away)"
Gliese Gl 169.1B,17.98,3.5,8.58,15.41,DC5,7399,0.01,White,0.0003,1.0,Solar metallicity,White Dwarf,images/sirius.jpg,FALSE,0,"Ross 128 System (13.9 ly away), Epsilon Eridani System (17.3 ly away), Solar System (Earth/Sun) (18.0 ly away)"
Hipparcos 58910,17.99,-8.45,-0.18,-15.89,F0Ib-II,5868,0.153,Yellow-White,0.0248,1.0,Solar metallicity,Main Sequence,images/sun.jpg,FALSE,0,"Proxima Centauri System (14.1 ly away), Wolf 359 System (17.0 ly away), Solar System (Earth/Sun) (18.0 ly away)"
Gliese Gl 169.1A,18.19,3.54,8.68,15.59,G2V,4368,0.062,Yellow,0.0013,1.0,Solar metallicity,Main Sequence,images/sun.jpg,FALSE,0,"Ross 128 System (14.1 ly away), Epsilon Eridani System (17.5 ly away), Solar System (Earth/Sun) (18.2 ly away)"
Hipparcos 33226,18.22,-3.61,14.8,10.0,K:...,3677,0.135,Orange,0.003,1.0,Solar metallicity,Main Sequence,images/orange_dwarf.jpg,FALSE,0,"Ross 128 System (8.2 ly away), Wolf 359 System (16.0 ly away), Epsilon Eridani System (16.6 ly away)"
Hipparcos 83609,18.32,-3.6,-14.79,-10.18,G0,5940,0.07,Yellow,0.0055,1.0,Solar metallicity,Main Sequence,images/sun.jpg,FALSE,0,"Gliese 667 System (4.6 ly away), Gliese 581 System (12.0 ly away), Proxima Centauri System (14.9 ly away)"
Gliese Gl 205,18.45,2.29,18.27,-1.18,M1V,3833,0.306,Red,0.0181,0.5,Metal-poor,Main Sequence (Red Dwarf),images/red_dwarf.jpg,FALSE,0,"Epsilon Eridani System (10.7 ly away), Ross 128 System (11.1 ly away), Tau Ceti System (15.6 ly away)"
Gliese Gl 754,18.56,4.49,-12.2,-13.26,M4.5,3541,0.051,Red,0.0004,0.5,Metal-poor,Main Sequence (Red Dwarf),images/red_dwarf.jpg,FALSE,0,"Gliese 667 System (9.9 ly away), Proxima Centauri System (15.6 ly away), Gliese 876 System (15.7 ly away)"
Hipparcos 103039,18.63,12.19,-13.01,-5.44,G2V,3577,0.073,Yellow,0.0008,1.0,Solar metallicity,Main Sequence,images/sun.jpg,FALSE,0,"Gliese 876 System (9.1 ly away), Barnard's Star System (15.9 ly away), Proxima Centauri System (18.0 ly away)"
Gliese Gl 644B,18.72,-5.15,-17.79,-2.71,G2V,5700,0.058,Yellow,0.0031,1.0,Solar metallicity,Main Sequence,images/sun.jpg,FALSE,0,"Gliese 581 System (8.2 ly away), Gliese 667 System (10.5 ly away), Barnard's Star System (13.7 ly away)"
Gliese Gl 644C,18.72,-5.14,-17.8,-2.73,M7,3180,0.023,Red,0.0001,0.5,Metal-poor,Main Sequence (Red Dwarf),images/red_dwarf.jpg,FALSE,0,"Gliese 581 System (8.2 ly away), Gliese 667 System (10.5 ly away), Barnard's Star System (13.7 ly away)"
Gliese Gl 229,18.77,-0.8,17.4,-6.99,M1/M2V,3813,0.289,Red,0.0158,0.5,Metal-poor,Main Sequence (Red Dwarf),images/red_dwarf.jpg,FALSE,0,"Epsilon Eridani System (12.6 ly away), Ross 128 System (13.1 ly away), Tau Ceti System (17.0 ly away)"
Alsafi,18.77,2.56,-6.0,17.6,K0V,5323,0.737,Orange,0.3908,1.0,Solar metallicity,Main Sequence,images/orange_dwarf.jpg,FALSE,0,"Barnard's Star System (16.4 ly away), Solar System (Earth/Sun) (18.8 ly away), Wolf 359 System (21.1 ly away)"
Gliese Gl 251,18.79,-3.72,15.26,10.31,dM4,3691,0.131,White,0.0029,1.0,Solar metallicity,White Dwarf,images/sirius.jpg,FALSE,0,"Ross 128 System (8.7 ly away), Wolf 359 System (16.6 ly away), Epsilon Eridani System (17.1 ly away)"
Gliese Gl 338A,18.95,-8.62,7.6,15.07,M0V,3934,0.347,Red,0.0258,0.5,Metal-poor,Main Sequence (Red Dwarf),images/red_dwarf.jpg,FALSE,0,"Ross 128 System (13.0 ly away), Wolf 359 System (15.2 ly away), Solar System (Earth/Sun) (19.0 ly away)"
Gliese Gl 213,19.01,1.44,18.51,4.11,M5,3548,0.07,Red,0.0007,0.5,Metal-poor,Main Sequence (Red Dwarf),images/red_dwarf.jpg,FALSE,0,"Ross 128 System (9.9 ly away), Epsilon Eridani System (12.7 ly away), Tau Ceti System (17.7 ly away)"
Gliese Gl 693,19.02,-0.6,-10.25,-16.01,M5,3568,0.101,Red,0.0015,0.5,Metal-poor,Main Sequence (Red Dwarf),images/red_dwarf.jpg,FALSE,0,"Gliese 667 System (9.0 ly away), Proxima Centauri System (15.1 ly away), Barnard's Star System (18.0 ly away)"
Gliese Gl 570A,19.05,-12.68,-12.4,-6.96,K4V,4686,0.595,Orange,0.153,1.0,Solar metallicity,Main Sequence,images/orange_dwarf.jpg,FALSE,0,"Gliese 581 System (5.2 ly away), Gliese 667 System (12.6 ly away), Proxima Centauri System (15.9 ly away)"
Gliese Gl 752A,19.15,6.28,-18.0,1.72,M3.5V,3848,0.185,Red,0.0067,0.5,Metal-poor,Main Sequence (Red Dwarf),images/red_dwarf.jpg,FALSE,0,"Barnard's Star System (13.8 ly away), Gliese 876 System (16.8 ly away), Gliese 667 System (17.6 ly away)"
Gliese Gl 752B,19.16,6.29,-18.01,1.72,dM5  e,2975,0.027,White,0.0001,1.0,Solar metallicity,White Dwarf,images/sirius.jpg,FALSE,0,"Barnard's Star System (13.8 ly away), Gliese 876 System (16.8 ly away), Gliese 667 System (17.6 ly away)"
Gliese Gl 300,19.19,-9.76,14.94,-7.05,M4,3649,0.052,Red,0.0004,0.5,Metal-poor,Main Sequence (Red Dwarf),images/red_dwarf.jpg,FALSE,0,"Ross 128 System (13.2 ly away), Wolf 359 System (15.3 ly away), Epsilon Eridani System (18.1 ly away)"
Gliese Gl 570B,19.33,-12.86,-12.58,-7.06,K5V,3765,0.326,Orange,0.0191,1.0,Solar metallicity,Main Sequence,images/orange_dwarf.jpg,FALSE,0,"Gliese 581 System (5.2 ly away), Gliese 667 System (12.6 ly away), Proxima Centauri System (16.2 ly away)"
Gliese Gl 588,19.34,-8.74,-11.62,-12.76,M0,3758,0.18,Red,0.0058,0.5,Metal-poor,Main Sequence (Red Dwarf),images/red_dwarf.jpg,FALSE,0,"Gliese 667 System (8.6 ly away), Gliese 581 System (11.5 ly away), Proxima Centauri System (15.4 ly away)"
Guniibuu,19.35,-3.35,-16.98,-8.67,K2:III:,5120,0.96,Orange,0.5681,1.0,Solar metallicity,Red Giant,images/orange_dwarf.jpg,FALSE,0,"Gliese 667 System (4.6 ly away), Gliese 581 System (11.4 ly away), Barnard's Star System (15.4 ly away)"
Achird,19.42,10.11,2.2,16.43,G0V SB,6019,1.041,Yellow,1.2753,1.0,Solar metallicity,Main Sequence,images/sun.jpg,FALSE,0,"Solar System (Earth/Sun) (19.4 ly away), Epsilon Eridani System (19.5 ly away), Barnard's Star System (19.8 ly away)"
Gliese Gl 34B,19.42,10.11,2.2,16.43,K7 V,3967,0.371,Orange,0.0306,1.0,Solar metallicity,Main Sequence,images/orange_dwarf.jpg,FALSE,0,"Solar System (Earth/Sun) (19.4 ly away), Epsilon Eridani System (19.5 ly away), Barnard's Star System (19.8 ly away)"
Gliese Gl 285,19.43,-8.55,17.4,1.2,M4.5Ve,3649,0.081,Red,0.001,0.5,Metal-poor,Main Sequence (Red Dwarf),images/red_dwarf.jpg,FALSE,0,"Ross 128 System (9.3 ly away), Wolf 359 System (15.3 ly away), Epsilon Eridani System (17.6 ly away)"
Gliese Gl 664,19.47,-3.31,-17.1,-8.7,K5V,4422,0.516,Orange,0.0912,1.0,Solar metallicity,Main Sequence,images/orange_dwarf.jpg,FALSE,0,"Gliese 667 System (4.5 ly away), Gliese 581 System (11.5 ly away), Barnard's Star System (15.5 ly away)"
Gliese Gl 661A,19.5,-2.82,-13.33,13.94,K5,3816,0.176,Orange,0.0059,1.0,Solar metallicity,Main Sequence,images/orange_dwarf.jpg,FALSE,0,"Barnard's Star System (14.8 ly away), Solar System (Earth/Sun) (19.5 ly away), Gliese 581 System (19.6 ly away)"
Gliese Gl 908,19.5,19.46,-0.92,0.82,M2V,3855,0.2,Red,0.008,0.5,Metal-poor,Main Sequence (Red Dwarf),images/red_dwarf.jpg,FALSE,0,"Gliese 876 System (7.7 ly away), Tau Ceti System (11.7 ly away), Epsilon Eridani System (16.4 ly away)"
36 Oph,19.52,-3.38,-17.12,-8.74,K1 Ve,5134,0.685,Orange,0.2924,1.0,Solar metallicity,Main Sequence,images/orange_dwarf.jpg,FALSE,0,"Gliese 667 System (4.5 ly away), Gliese 581 System (11.4 ly away), Barnard's Star System (15.6 ly away)"
Gliese Gl 783A,19.62,8.58,-13.32,-11.56,K2V,5084,0.626,Orange,0.2346,1.0,Solar metallicity,Main Sequence,images/orange_dwarf.jpg,FALSE,0,"Gliese 667 System (13.0 ly away), Gliese 876 System (13.2 ly away), Proxima Centauri System (17.4 ly away)"
82 G. Eri,19.71,9.26,11.03,-13.46,G8V,5564,0.855,Yellow,0.6286,1.0,Solar metallicity,Main Sequence,images/sun.jpg,FALSE,0,"Tau Ceti System (11.9 ly away), Epsilon Eridani System (12.4 ly away), Gliese 876 System (18.8 ly away)"
Gliese Gl 783B,19.74,8.64,-13.41,-11.63,M3.5,3100,0.098,Red,0.0008,0.5,Metal-poor,Main Sequence (Red Dwarf),images/red_dwarf.jpg,FALSE,0,"Gliese 667 System (13.0 ly away), Gliese 876 System (13.3 ly away), Proxima Centauri System (17.5 ly away)"
Gliese Gl 555,19.77,-15.09,-12.03,-4.29,M4,3604,0.079,Red,0.0009,0.5,Metal-poor,Main Sequence (Red Dwarf),images/red_dwarf.jpg,FALSE,0,"Gliese 581 System (4.3 ly away), Gliese 667 System (16.0 ly away), Wolf 359 System (16.9 ly away)"
Del Pav,19.92,4.28,-6.81,-18.23,G5IV-Vvar,5433,1.257,Yellow,1.2359,1.0,Solar metallicity,Subgiant,images/sun.jpg,FALSE,0,"Gliese 667 System (14.7 ly away), Proxima Centauri System (16.6 ly away), Gliese 876 System (17.7 ly away)"
Gliese GJ 3323,20.01,4.98,19.23,-2.42,m,3100,0.076,Red,0.0005,0.5,Metal-poor,Main Sequence (Red Dwarf),images/red_dwarf.jpg,TRUE,2,"Epsilon Eridani System (11.0 ly away), Ross 128 System (13.8 ly away), Tau Ceti System (15.2 ly away)"
Gliese GJ 1221,20.03,-0.34,-6.55,18.93,DXP9,6880,0.01,White,0.0001,1.0,Solar metallicity,White Dwarf,images/sirius.jpg,FALSE,0,"Barnard's Star System (17.5 ly away), Solar System (Earth/Sun) (20.0 ly away), Wolf 359 System (21.2 ly away)"
Gliese GJ 3454,20.13,-8.16,18.24,2.48,m,3100,0.045,Red,0.0002,0.5,Metal-poor,Main Sequence (Red Dwarf),images/red_dwarf.jpg,FALSE,0,"Ross 128 System (9.6 ly away), Wolf 359 System (16.2 ly away), Epsilon Eridani System (18.0 ly away)"
Gliese Gl 896A,20.16,18.81,-2.32,6.88,M6Ve,4328,0.101,Red,0.0032,0.5,Metal-poor,Main Sequence (Red Dwarf),images/red_dwarf.jpg,FALSE,0,"Gliese 876 System (11.8 ly away), Tau Ceti System (15.1 ly away), Epsilon Eridani System (18.6 ly away)"
Gliese Gl 644A,20.21,-5.55,-19.21,-2.93,M3Ve,3715,0.22,Red,0.0082,0.5,Metal-poor,Main Sequence (Red Dwarf),images/red_dwarf.jpg,FALSE,0,"Gliese 581 System (8.3 ly away), Gliese 667 System (10.4 ly away), Barnard's Star System (15.1 ly away)"
Gliese Gl 784,20.22,7.86,-11.89,-14.33,M0V,3900,0.323,Red,0.0217,0.5,Metal-poor,Main Sequence (Red Dwarf),images/red_dwarf.jpg,FALSE,0,"Gliese 667 System (13.0 ly away), Gliese 876 System (14.5 ly away), Proxima Centauri System (17.6 ly away)"
Gliese GJ 1128,20.26,-6.03,4.11,-18.89,m,3477,0.044,Red,0.0003,0.5,Metal-poor,Main Sequence (Red Dwarf),images/red_dwarf.jpg,FALSE,0,"Proxima Centauri System (16.9 ly away), Wolf 359 System (20.0 ly away), Solar System (Earth/Sun) (20.3 ly away)"
Gliese GJ 3877,20.26,-12.81,-12.44,-9.56,dM8,4051,0.014,White,0.0001,1.0,Solar metallicity,White Dwarf,images/sirius.jpg,FALSE,0,"Gliese 581 System (7.4 ly away), Gliese 667 System (11.7 ly away), Proxima Centauri System (16.7 ly away)"
Gliese Gl 581,20.27,-12.95,-15.36,-2.72,M5,3649,0.112,Red,0.002,0.5,Metal-poor,Main Sequence (Red Dwarf),images/red_dwarf.jpg,TRUE,3,"Gliese 581 System (Home Star), Gliese 667 System (14.4 ly away), Barnard's Star System (16.5 ly away)"
Gliese Gl 896B,20.38,19.01,-2.34,6.95,dM6  e,3581,0.05,White,0.0004,1.0,Solar metallicity,White Dwarf,images/sirius.jpg,FALSE,0,"Gliese 876 System (11.9 ly away), Tau Ceti System (15.3 ly away), Epsilon Eridani System (18.8 ly away)"
Gliese Gl 268,20.53,-4.83,15.32,12.79,M5Ve,3516,0.074,Red,0.0008,0.5,Metal-poor,Main Sequence (Red Dwarf),images/red_dwarf.jpg,FALSE,0,"Ross 128 System (10.9 ly away), Wolf 359 System (17.9 ly away), Epsilon Eridani System (19.5 ly away)"
Gliese Gl 661B,20.62,-2.99,-14.1,14.75,M3.5,3100,0.17,Red,0.0024,0.5,Metal-poor,Main Sequence (Red Dwarf),images/red_dwarf.jpg,FALSE,0,"Barnard's Star System (15.9 ly away), Gliese 581 System (20.1 ly away), Solar System (Earth/Sun) (20.6 ly away)"
Gliese Gl 338B,20.85,-9.48,8.36,16.58,K2,3918,0.374,Orange,0.0296,1.0,Solar metallicity,Main Sequence,images/orange_dwarf.jpg,FALSE,0,"Ross 128 System (14.6 ly away), Wolf 359 System (17.0 ly away), Solar System (Earth/Sun) (20.8 ly away)"
Gliese GJ 2097,20.91,-18.71,-5.63,7.43,m,3622,0.046,Red,0.0003,0.5,Metal-poor,Main Sequence (Red Dwarf),images/red_dwarf.jpg,FALSE,0,"Wolf 359 System (15.1 ly away), Gliese 581 System (15.2 ly away), Barnard's Star System (19.5 ly away)"
Gliese Gl 223.2,21.07,0.44,21.01,-1.53,DZ9,4626,0.012,White,0.0001,1.0,Solar metallicity,White Dwarf,images/sirius.jpg,FALSE,0,"Ross 128 System (12.7 ly away), Epsilon Eridani System (14.0 ly away), Tau Ceti System (18.9 ly away)"
Gliese Gl 625,21.25,-4.97,-11.36,17.26,M2,3662,0.143,Red,0.0033,0.5,Metal-poor,Main Sequence (Red Dwarf),images/red_dwarf.jpg,FALSE,0,"Barnard's Star System (17.5 ly away), Solar System (Earth/Sun) (21.3 ly away), Wolf 359 System (21.3 ly away)"
Gliese GJ 1156,21.33,-20.86,-1.73,4.12,dM   e,3299,0.032,White,0.0001,1.0,Solar metallicity,White Dwarf,images/sirius.jpg,FALSE,0,"Wolf 359 System (14.3 ly away), Gliese 581 System (17.2 ly away), Proxima Centauri System (20.8 ly away)"
Gliese Gl 892,21.35,11.34,-2.34,17.94,K3Vvar,4743,0.697,Orange,0.2208,1.0,Solar metallicity,Main Sequence,images/orange_dwarf.jpg,FALSE,0,"Barnard's Star System (20.4 ly away), Solar System (Earth/Sun) (21.4 ly away), Gliese 876 System (22.0 ly away)"
Gliese Gl 408,21.73,-19.35,5.18,8.43,M3,3756,0.145,Red,0.0038,0.5,Metal-poor,Main Sequence (Red Dwarf),images/red_dwarf.jpg,FALSE,0,"Wolf 359 System (14.4 ly away), Ross 128 System (17.4 ly away), Solar System (Earth/Sun) (21.7 ly away)"
Gliese Gl 566B,21.85,-15.14,-14.04,7.15,K4 Ve,4389,0.437,Orange,0.0637,1.0,Solar metallicity,Main Sequence,images/orange_dwarf.jpg,FALSE,0,"Gliese 581 System (10.2 ly away), Barnard's Star System (18.1 ly away), Wolf 359 System (18.9 ly away)"
Gliese Gl 829,21.87,16.51,-12.71,6.63,M4,3622,0.137,Red,0.0029,0.5,Metal-poor,Main Sequence (Red Dwarf),images/red_dwarf.jpg,FALSE,0,"Gliese 876 System (13.6 ly away), Barnard's Star System (18.7 ly away), Tau Ceti System (21.2 ly away)"
37Xi Boo,21.89,-15.17,-14.07,7.16,G8V + K4V,5534,0.844,Yellow,0.5992,1.0,Solar metallicity,Main Sequence,images/sun.jpg,FALSE,0,"Gliese 581 System (10.2 ly away), Barnard's Star System (18.1 ly away), Wolf 359 System (19.0 ly away)"
Gliese Gl 643,21.9,-6.03,-20.82,-3.17,M4,3516,0.076,Red,0.0008,0.5,Metal-poor,Main Sequence (Red Dwarf),images/red_dwarf.jpg,FALSE,0,"Gliese 581 System (8.8 ly away), Gliese 667 System (10.5 ly away), Barnard's Star System (16.8 ly away)"
Gliese Gl 299,22.04,-11.86,18.26,3.36,dM5,3428,0.049,White,0.0003,1.0,Solar metallicity,White Dwarf,images/sirius.jpg,FALSE,0,"Ross 128 System (11.9 ly away), Wolf 359 System (16.9 ly away), Epsilon Eridani System (21.2 ly away)"
Gliese Gl 402,22.05,-20.91,6.5,2.61,M4:,3543,0.079,Red,0.0009,0.5,Metal-poor,Main Sequence (Red Dwarf),images/red_dwarf.jpg,FALSE,0,"Wolf 359 System (14.3 ly away), Ross 128 System (17.8 ly away), Proxima Centauri System (21.9 ly away)"
Gliese GJ 4285,22.19,8.51,-3.18,-20.24,m,3100,0.113,Red,0.0011,0.5,Metal-poor,Main Sequence (Red Dwarf),images/red_dwarf.jpg,FALSE,0,"Gliese 876 System (17.5 ly away), Tau Ceti System (18.9 ly away), Proxima Centauri System (19.5 ly away)"
Hipparcos 85605,22.21,-2.67,-20.01,9.27,G2V,4513,0.055,Yellow,0.0011,1.0,Solar metallicity,Main Sequence,images/sun.jpg,FALSE,0,"Barnard's Star System (16.4 ly away), Gliese 581 System (16.5 ly away), Solar System (Earth/Sun) (22.2 ly away)"
Gliese Gl 667A,22.3,-3.25,-17.97,-12.78,K4V,4554,0.675,Orange,0.176,1.0,Solar metallicity,Main Sequence,images/orange_dwarf.jpg,FALSE,0,"Gliese 667 System (0.4 ly away), Gliese 581 System (14.2 ly away), Proxima Centauri System (18.9 ly away)"
Gliese Gl 880,22.33,20.59,-5.85,6.36,M2:,3783,0.274,Red,0.0138,0.5,Metal-poor,Main Sequence (Red Dwarf),images/red_dwarf.jpg,FALSE,0,"Gliese 876 System (12.1 ly away), Tau Ceti System (17.8 ly away), Barnard's Star System (21.3 ly away)"
Gliese Gl 293,22.54,-4.04,7.5,-20.87,DQ9,5742,0.01,White,0.0001,1.0,Solar metallicity,White Dwarf,images/sirius.jpg,FALSE,0,"Proxima Centauri System (19.6 ly away), Epsilon Eridani System (21.7 ly away), Solar System (Earth/Sun) (22.5 ly away)"
Gliese Gl 667B,22.74,-3.32,-18.33,-13.04,K5 V,4500,0.39,Orange,0.0558,1.0,Solar metallicity,Main Sequence,images/orange_dwarf.jpg,FALSE,0,"Gliese 667 System (Home Star), Gliese 581 System (14.4 ly away), Proxima Centauri System (19.3 ly away)"
Gliese Gl 667C,22.74,-3.32,-18.33,-13.04,M2.5,3691,0.143,Red,0.0034,0.5,Metal-poor,Main Sequence (Red Dwarf),images/red_dwarf.jpg,TRUE,2,"Gliese 667 System (Home Star), Gliese 581 System (14.4 ly away), Proxima Centauri System (19.3 ly away)"
Gliese Gl 809,22.99,7.37,-7.81,20.33,M2V,3819,0.294,Red,0.0165,0.5,Metal-poor,Main Sequence (Red Dwarf),images/red_dwarf.jpg,FALSE,0,"Barnard's Star System (20.4 ly away), Solar System (Earth/Sun) (23.0 ly away), Gliese 876 System (25.3 ly away)"
Gliese Gl 393,23.05,-21.25,8.92,0.34,M2,3783,0.181,Red,0.006,0.5,Metal-poor,Main Sequence (Red Dwarf),images/red_dwarf.jpg,FALSE,0,"Wolf 359 System (15.4 ly away), Ross 128 System (18.1 ly away), Proxima Centauri System (22.7 ly away)"
268 G. Cet,23.42,18.06,14.64,2.81,K3V,4949,0.635,Orange,0.217,1.0,Solar metallicity,Main Sequence,images/orange_dwarf.jpg,FALSE,0,"Tau Ceti System (13.8 ly away), Epsilon Eridani System (14.2 ly away), Gliese 876 System (20.4 ly away)"
Gliese GJ 3737,23.46,-18.13,-3.1,-14.57,M4,3528,0.051,Red,0.0004,0.5,Metal-poor,Main Sequence (Red Dwarf),images/red_dwarf.jpg,FALSE,0,"Gliese 581 System (17.8 ly away), Wolf 359 System (19.5 ly away), Proxima Centauri System (19.9 ly away)"
Gliese Gl 105B,23.51,18.13,14.71,2.81,dM4.5,3649,0.079,White,0.001,1.0,Solar metallicity,White Dwarf,images/sirius.jpg,FALSE,0,"Tau Ceti System (13.9 ly away), Epsilon Eridani System (14.3 ly away), Gliese 876 System (20.5 ly away)"
Gliese GJ 1286,23.53,23.37,-2.54,-0.98,M5,3211,0.025,Red,0.0001,0.5,Metal-poor,Main Sequence (Red Dwarf),images/red_dwarf.jpg,FALSE,0,"Gliese 876 System (9.7 ly away), Tau Ceti System (15.3 ly away), Epsilon Eridani System (20.3 ly away)"
Gliese GJ 4053,23.75,0.79,-9.56,21.73,m,3356,0.041,Red,0.0002,0.5,Metal-poor,Main Sequence (Red Dwarf),images/red_dwarf.jpg,FALSE,0,"Barnard's Star System (20.6 ly away), Solar System (Earth/Sun) (23.8 ly away), Wolf 359 System (25.2 ly away)"
Gliese GJ 1230A,23.98,3.89,-21.42,10.05,k-m,3503,0.062,Orange,0.0005,1.0,Solar metallicity,Main Sequence,images/orange_dwarf.jpg,FALSE,0,"Barnard's Star System (18.3 ly away), Gliese 581 System (22.0 ly away), Solar System (Earth/Sun) (24.0 ly away)"
Gliese GJ 1230B,23.98,3.89,-21.42,10.05,m,3100,0.038,Red,0.0001,0.5,Metal-poor,Main Sequence (Red Dwarf),images/red_dwarf.jpg,FALSE,0,"Barnard's Star System (18.3 ly away), Gliese 581 System (22.0 ly away), Solar System (Earth/Sun) (24.0 ly away)"
Gliese GJ 3991,24.28,-3.84,-17.14,16.77,M3,3521,0.083,Red,0.0009,0.5,Metal-poor,Main Sequence (Red Dwarf),images/red_dwarf.jpg,FALSE,0,"Barnard's Star System (19.4 ly away), Gliese 581 System (21.6 ly away), Solar System (Earth/Sun) (24.3 ly away)"
96 G. Psc,24.31,23.67,5.07,2.24,K2V,5023,0.655,Orange,0.2448,1.0,Solar metallicity,Main Sequence,images/orange_dwarf.jpg,FALSE,0,"Tau Ceti System (14.5 ly away), Gliese 876 System (14.6 ly away), Epsilon Eridani System (18.2 ly away)"
Gliese GJ 4274,24.32,21.14,-9.51,-7.36,M4,3345,0.046,Red,0.0002,0.5,Metal-poor,Main Sequence (Red Dwarf),images/red_dwarf.jpg,TRUE,2,"Gliese 876 System (9.4 ly away), Tau Ceti System (18.6 ly away), Barnard's Star System (23.3 ly away)"
Bet Hyi,24.33,5.33,0.6,-23.73,G2IV,5898,1.823,Yellow,3.6074,1.0,Solar metallicity,Subgiant,images/sun.jpg,FALSE,0,"Proxima Centauri System (21.4 ly away), Tau Ceti System (21.5 ly away), Gliese 876 System (22.4 ly away)"
Gliese Gl 109,24.49,16.67,14.52,10.55,M3.5Ve,3749,0.129,Red,0.003,0.5,Metal-poor,Main Sequence (Red Dwarf),images/red_dwarf.jpg,FALSE,0,"Epsilon Eridani System (17.3 ly away), Tau Ceti System (17.9 ly away), Ross 128 System (21.8 ly away)"
Hipparcos 62951,24.55,-22.7,-5.45,-7.6,A2,6403,0.114,White,0.0195,1.0,Solar metallicity,Main Sequence,images/sirius.jpg,FALSE,0,"Gliese 581 System (14.7 ly away), Wolf 359 System (19.1 ly away), Proxima Centauri System (21.9 ly away)"
Gliese GJ 2005,24.56,21.69,2.35,-11.19,M5.5,3100,0.025,Red,0.0001,0.5,Metal-poor,Main Sequence (Red Dwarf),images/red_dwarf.jpg,FALSE,0,"Gliese 876 System (12.4 ly away), Tau Ceti System (14.1 ly away), Epsilon Eridani System (19.1 ly away)"
107 Psc,24.57,20.78,9.97,8.51,K1V,5174,0.785,Orange,0.3963,1.0,Solar metallicity,Main Sequence,images/orange_dwarf.jpg,FALSE,0,"Tau Ceti System (16.5 ly away), Epsilon Eridani System (17.9 ly away), Gliese 876 System (19.9 ly away)"
Gliese GJ 1224,24.58,0.78,-23.62,-6.76,m,3404,0.038,Red,0.0002,0.5,Metal-poor,Main Sequence (Red Dwarf),images/red_dwarf.jpg,FALSE,0,"Gliese 667 System (9.2 ly away), Gliese 581 System (16.5 ly away), Barnard's Star System (19.7 ly away)"
Gliese Gl 53B,24.63,13.53,4.15,20.16,G2V,5700,0.046,Yellow,0.002,1.0,Solar metallicity,Main Sequence,images/sun.jpg,FALSE,0,"Epsilon Eridani System (23.4 ly away), Tau Ceti System (23.7 ly away), Ross 128 System (24.5 ly away)"
30Mu Cas,24.64,13.53,4.16,20.16,G5Vp,5588,0.697,Yellow,0.425,1.0,Solar metallicity,Main Sequence,images/sun.jpg,FALSE,0,"Epsilon Eridani System (23.4 ly away), Tau Ceti System (23.7 ly away), Ross 128 System (24.5 ly away)"
Gliese GJ 3378,24.67,-0.06,12.48,21.28,m,3649,0.081,Red,0.001,0.5,Metal-poor,Main Sequence (Red Dwarf),images/red_dwarf.jpg,TRUE,1,"Ross 128 System (18.3 ly away), Wolf 359 System (24.0 ly away), Epsilon Eridani System (24.2 ly away)"
Gliese Gl 879,24.82,20.34,-5.79,-12.99,K4Vp,4528,0.585,Orange,0.1291,1.0,Solar metallicity,Main Sequence,images/orange_dwarf.jpg,FALSE,0,"Gliese 876 System (11.2 ly away), Tau Ceti System (17.7 ly away), Epsilon Eridani System (22.9 ly away)"
Gliese GJ 3193B,24.9,16.74,17.01,-7.11,M3,3100,0.108,Red,0.001,0.5,Metal-poor,Main Sequence (Red Dwarf),images/red_dwarf.jpg,FALSE,0,"Tau Ceti System (14.1 ly away), Epsilon Eridani System (14.7 ly away), Gliese 876 System (21.7 ly away)"
Gliese GJ 3192,24.9,16.74,17.01,-7.11,M3,3528,0.14,Red,0.0027,0.5,Metal-poor,Main Sequence (Red Dwarf),images/red_dwarf.jpg,FALSE,0,"Tau Ceti System (14.1 ly away), Epsilon Eridani System (14.7 ly away), Gliese 876 System (21.7 ly away)"
Gliese Gl 514,24.97,-22.69,-9.4,4.5,M1V,3804,0.255,Red,0.0122,0.5,Metal-poor,Main Sequence (Red Dwarf),images/red_dwarf.jpg,FALSE,0,"Gliese 581 System (13.5 ly away), Wolf 359 System (19.4 ly away), Barnard's Star System (23.1 ly away)"
Vega,25.04,3.13,-19.27,15.69,A0Vvar,10138,2.295,White,49.9344,1.4,Metal-rich,Main Sequence,images/sirius.jpg,FALSE,0,"Barnard's Star System (19.9 ly away), Gliese 581 System (24.8 ly away), Solar System (Earth/Sun) (25.0 ly away)"
Gliese Gl 673,25.12,-3.74,-24.82,0.93,K7V,4019,0.461,Orange,0.0498,1.0,Solar metallicity,Main Sequence,images/orange_dwarf.jpg,FALSE,0,"Gliese 581 System (13.7 ly away), Gliese 667 System (15.4 ly away), Barnard's Star System (19.4 ly away)"
Fomalhaut,25.13,21.04,-5.87,-12.42,A3V,8615,1.886,White,17.5873,1.4,Metal-rich,Main Sequence,images/sirius.jpg,FALSE,0,"Gliese 876 System (11.1 ly away), Tau Ceti System (17.8 ly away), Epsilon Eridani System (23.1 ly away)"
Gliese GJ 3417,25.28,-2.94,11.37,22.39,m,3100,0.047,Red,0.0002,0.5,Metal-poor,Main Sequence (Red Dwarf),images/red_dwarf.jpg,TRUE,1,"Ross 128 System (19.0 ly away), Wolf 359 System (23.8 ly away), Solar System (Earth/Sun) (25.3 ly away)"
Gliese GJ 1093,25.3,-6.13,23.07,8.38,m,3244,0.025,Red,0.0001,0.5,Metal-poor,Main Sequence (Red Dwarf),images/red_dwarf.jpg,FALSE,0,"Ross 128 System (14.3 ly away), 55 Cancri System (21.2 ly away), Epsilon Eridani System (21.7 ly away)"
Gliese Gl 701,25.31,0.57,-25.26,-1.34,M2V,3782,0.226,Red,0.0094,0.5,Metal-poor,Main Sequence (Red Dwarf),images/red_dwarf.jpg,FALSE,0,"Gliese 667 System (14.1 ly away), Gliese 581 System (16.8 ly away), Barnard's Star System (19.7 ly away)"
Gliese Gl 480.1,25.38,-18.1,-3.25,-17.49,M4,3453,0.072,Red,0.0007,0.5,Metal-poor,Main Sequence (Red Dwarf),images/red_dwarf.jpg,FALSE,0,"Gliese 581 System (19.8 ly away), Gliese 667 System (21.6 ly away), Proxima Centauri System (21.7 ly away)"
Gliese Gl 915,25.44,18.56,0.18,-17.4,DA5,9328,0.01,White,0.0003,1.0,Solar metallicity,White Dwarf,images/sirius.jpg,FALSE,0,"Gliese 876 System (15.0 ly away), Tau Ceti System (17.1 ly away), Epsilon Eridani System (21.6 ly away)"
p Eridani,25.51,12.87,5.99,-21.2,K0V,5051,0.673,Orange,0.2647,1.0,Solar metallicity,Main Sequence,images/orange_dwarf.jpg,FALSE,0,"Tau Ceti System (18.1 ly away), Gliese 876 System (20.3 ly away), Epsilon Eridani System (20.7 ly away)"
Gliese Gl 382,25.67,-22.83,11.6,-1.68,M3,3813,0.237,Red,0.0107,0.5,Metal-poor,Main Sequence (Red Dwarf),images/red_dwarf.jpg,FALSE,0,"Wolf 359 System (18.3 ly away), Ross 128 System (20.2 ly away), Proxima Centauri System (25.1 ly away)"
Gliese GJ 3789,25.89,-20.79,-8.8,12.66,M4  e,3691,0.074,Red,0.0009,0.5,Metal-poor,Main Sequence (Red Dwarf),images/red_dwarf.jpg,FALSE,0,"Gliese 581 System (18.5 ly away), Wolf 359 System (20.8 ly away), Barnard's Star System (23.7 ly away)"
Gliese GJ 1087,26.07,0.41,25.95,2.44,DAP9,5968,0.011,White,0.0001,1.0,Solar metallicity,White Dwarf,images/sirius.jpg,FALSE,0,"Ross 128 System (16.5 ly away), Epsilon Eridani System (19.0 ly away), Tau Ceti System (23.8 ly away)"
Gliese Gl 793,26.08,6.62,-8.58,23.72,M3,3731,0.14,Red,0.0034,0.5,Metal-poor,Main Sequence (Red Dwarf),images/red_dwarf.jpg,FALSE,0,"Barnard's Star System (23.4 ly away), Solar System (Earth/Sun) (26.1 ly away), Wolf 359 System (28.8 ly away)"
Gliese Gl 257A,26.12,-4.66,18.11,-18.24,M4+...,3600,0.133,Red,0.0026,0.5,Metal-poor,Main Sequence (Red Dwarf),images/red_dwarf.jpg,FALSE,0,"Epsilon Eridani System (22.1 ly away), Ross 128 System (23.2 ly away), Proxima Centauri System (24.7 ly away)"
Gliese Gl 831B,26.13,20.52,-15.56,-4.44,G2V,5700,0.01,Yellow,0.0001,1.0,Solar metallicity,Main Sequence,images/sun.jpg,FALSE,0,"Gliese 876 System (13.0 ly away), Tau Ceti System (23.0 ly away), Barnard's Star System (23.6 ly away)"
Gliese Gl 257B,26.17,-4.67,18.14,-18.28,M3,3100,0.119,Red,0.0012,0.5,Metal-poor,Main Sequence (Red Dwarf),images/red_dwarf.jpg,FALSE,0,"Epsilon Eridani System (22.1 ly away), Ross 128 System (23.2 ly away), Proxima Centauri System (24.8 ly away)"
Gliese GJ 1276,26.26,25.0,-7.42,-3.1,DZ9+,3277,0.022,White,0.0001,1.0,Solar metallicity,White Dwarf,images/sirius.jpg,FALSE,0,"Gliese 876 System (11.3 ly away), Tau Ceti System (19.3 ly away), Epsilon Eridani System (24.5 ly away)"
Gliese Gl 623,26.28,-7.09,-15.96,19.64,M3,3832,0.151,Red,0.0044,0.5,Metal-poor,Main Sequence (Red Dwarf),images/red_dwarf.jpg,FALSE,0,"Barnard's Star System (22.0 ly away), Gliese 581 System (23.1 ly away), Wolf 359 System (26.0 ly away)"
44Chi Dra,26.28,0.72,-7.77,25.1,F7Vvar,6439,1.181,Yellow-White,2.1498,1.0,Solar metallicity,Main Sequence,images/sun.jpg,FALSE,0,"Barnard's Star System (23.7 ly away), Solar System (Earth/Sun) (26.3 ly away), Wolf 359 System (27.3 ly away)"
Gliese GJ 4063,26.3,3.03,-19.88,16.95,M3  p,3918,0.085,Red,0.0015,0.5,Metal-poor,Main Sequence (Red Dwarf),images/red_dwarf.jpg,FALSE,0,"Barnard's Star System (21.2 ly away), Gliese 581 System (25.7 ly away), Solar System (Earth/Sun) (26.3 ly away)"
Tabit,26.32,7.87,24.91,3.19,F6V,6462,1.386,Yellow-White,3.0033,1.0,Solar metallicity,Main Sequence,images/sun.jpg,FALSE,0,"Epsilon Eridani System (17.4 ly away), Ross 128 System (18.8 ly away), Tau Ceti System (21.1 ly away)"
Gliese Gl 686,26.37,-2.41,-24.88,8.41,M1,3749,0.214,Red,0.0081,0.5,Metal-poor,Main Sequence (Red Dwarf),images/red_dwarf.jpg,TRUE,1,"Gliese 581 System (18.0 ly away), Barnard's Star System (20.5 ly away), Gliese 667 System (22.4 ly away)"
Gliese GJ 2034,26.52,7.33,15.91,-19.91,DA8,6300,0.01,White,0.0001,1.0,Solar metallicity,White Dwarf,images/sirius.jpg,FALSE,0,"Epsilon Eridani System (19.8 ly away), Tau Ceti System (20.1 ly away), Proxima Centauri System (25.5 ly away)"
Gliese GJ 1123,26.52,-4.23,3.65,-25.92,m,3594,0.047,Red,0.0003,0.5,Metal-poor,Main Sequence (Red Dwarf),images/red_dwarf.jpg,FALSE,0,"Proxima Centauri System (23.1 ly away), Gliese 667 System (25.5 ly away), Solar System (Earth/Sun) (26.5 ly away)"
Gliese GJ 1289,26.52,21.25,-1.57,15.79,k,3649,0.058,Orange,0.0005,1.0,Solar metallicity,Main Sequence,images/orange_dwarf.jpg,TRUE,1,"Gliese 876 System (21.0 ly away), Tau Ceti System (23.0 ly away), Epsilon Eridani System (25.1 ly away)"
Gliese Gl 493.1,26.56,-25.51,-6.9,2.63,dM5  e,3453,0.044,White,0.0003,1.0,Solar metallicity,White Dwarf,images/sirius.jpg,TRUE,1,"Gliese 581 System (16.1 ly away), Wolf 359 System (20.3 ly away), Proxima Centauri System (25.3 ly away)"
p Eridani,26.57,13.41,6.24,-22.08,K2 V,5106,0.674,Orange,0.2767,1.0,Solar metallicity,Main Sequence,images/orange_dwarf.jpg,FALSE,0,"Tau Ceti System (19.1 ly away), Gliese 876 System (21.1 ly away), Epsilon Eridani System (21.7 ly away)"
Gliese Gl 747A,26.6,6.53,-21.45,14.31,M3.5 J,3516,0.087,Red,0.001,0.5,Metal-poor,Main Sequence (Red Dwarf),images/red_dwarf.jpg,FALSE,0,"Barnard's Star System (21.3 ly away), Gliese 876 System (26.1 ly away), Solar System (Earth/Sun) (26.6 ly away)"
Gliese Gl 747B,26.6,6.53,-21.45,14.31,M5   K,3100,0.098,Red,0.0008,0.5,Metal-poor,Main Sequence (Red Dwarf),images/red_dwarf.jpg,FALSE,0,"Barnard's Star System (21.3 ly away), Gliese 876 System (26.1 ly away), Solar System (Earth/Sun) (26.6 ly away)"
Gliese Gl 518,26.69,-24.31,-10.89,1.71,DZ9,4866,0.013,White,0.0001,1.0,Solar metallicity,White Dwarf,images/sirius.jpg,FALSE,0,"Gliese 581 System (13.0 ly away), Wolf 359 System (21.3 ly away), Barnard's Star System (24.7 ly away)"
Gliese Gl 54,26.73,9.77,3.1,-24.68,K,3694,0.205,Orange,0.007,1.0,Solar metallicity,Main Sequence,images/orange_dwarf.jpg,FALSE,0,"Tau Ceti System (21.5 ly away), Gliese 876 System (22.6 ly away), Epsilon Eridani System (23.8 ly away)"
Gliese GJ 1151,26.78,-17.77,0.7,20.01,m,3345,0.051,Red,0.0003,0.5,Metal-poor,Main Sequence (Red Dwarf),images/red_dwarf.jpg,TRUE,1,"Wolf 359 System (21.7 ly away), Ross 128 System (23.8 ly away), 55 Cancri System (26.0 ly away)"
Gliese Gl 884,26.8,23.92,-6.38,-10.27,K5/M0V,3985,0.428,Orange,0.0415,1.0,Solar metallicity,Main Sequence,images/orange_dwarf.jpg,FALSE,0,"Gliese 876 System (11.9 ly away), Tau Ceti System (19.1 ly away), Epsilon Eridani System (24.5 ly away)"
Gliese Gl 48,26.86,8.13,2.28,25.5,M3.5e,3792,0.18,Red,0.006,0.5,Metal-poor,Main Sequence (Red Dwarf),images/red_dwarf.jpg,FALSE,0,"Ross 128 System (26.1 ly away), Barnard's Star System (26.7 ly away), Solar System (Earth/Sun) (26.9 ly away)"
Gliese GJ 1227,26.89,1.23,-12.54,23.75,m,3440,0.045,Red,0.0003,0.5,Metal-poor,Main Sequence (Red Dwarf),images/red_dwarf.jpg,FALSE,0,"Barnard's Star System (23.3 ly away), Solar System (Earth/Sun) (26.9 ly away), Wolf 359 System (28.5 ly away)"
Gliese Gl 831A,27.06,21.25,-16.11,-4.6,M4e...,3512,0.085,Red,0.001,0.5,Metal-poor,Main Sequence (Red Dwarf),images/red_dwarf.jpg,FALSE,0,"Gliese 876 System (13.8 ly away), Tau Ceti System (23.8 ly away), Barnard's Star System (24.5 ly away)"
86Mu Her,27.11,-1.42,-23.95,12.61,G5IV,5436,1.814,Yellow,2.5775,1.0,Solar metallicity,Subgiant,images/sun.jpg,FALSE,0,"Gliese 581 System (21.0 ly away), Barnard's Star System (21.4 ly away), Gliese 667 System (26.3 ly away)"
Gliese Gl 232,27.18,-2.68,24.79,10.81,M4.5,3440,0.054,Red,0.0004,0.5,Metal-poor,Main Sequence (Red Dwarf),images/red_dwarf.jpg,FALSE,0,"Ross 128 System (16.6 ly away), Epsilon Eridani System (22.5 ly away), 55 Cancri System (23.1 ly away)"
Gliese Gl 618A,27.21,-9.12,-19.56,-16.58,M4,3720,0.145,Red,0.0036,0.5,Metal-poor,Main Sequence (Red Dwarf),images/red_dwarf.jpg,FALSE,0,"Gliese 667 System (6.9 ly away), Gliese 581 System (15.0 ly away), Proxima Centauri System (23.4 ly away)"
Gliese Gl 486,27.3,-26.32,-5.59,4.62,M4,3701,0.1,Red,0.0017,0.5,Metal-poor,Main Sequence (Red Dwarf),images/red_dwarf.jpg,FALSE,0,"Gliese 581 System (18.1 ly away), Wolf 359 System (20.7 ly away), Proxima Centauri System (26.4 ly away)"
Gliese Gl 695B,27.4,-1.44,-24.21,12.74,M3   J,3809,0.154,Red,0.0045,0.5,Metal-poor,Main Sequence (Red Dwarf),images/red_dwarf.jpg,FALSE,0,"Gliese 581 System (21.2 ly away), Barnard's Star System (21.7 ly away), Gliese 667 System (26.5 ly away)"
Gliese Gl 695C,27.4,-1.44,-24.21,12.74,M4   K,3100,0.188,Red,0.0029,0.5,Metal-poor,Main Sequence (Red Dwarf),images/red_dwarf.jpg,FALSE,0,"Gliese 581 System (21.2 ly away), Barnard's Star System (21.7 ly away), Gliese 667 System (26.5 ly away)"
Gliese Gl 438,27.41,-16.89,1.23,-21.55,K0,3749,0.158,Orange,0.0044,1.0,Solar metallicity,Main Sequence,images/orange_dwarf.jpg,FALSE,0,"Proxima Centauri System (23.8 ly away), Wolf 359 System (24.4 ly away), Gliese 667 System (25.3 ly away)"
Chara,27.53,-20.44,-3.03,18.19,G0V,6015,1.032,Yellow,1.2497,1.0,Solar metallicity,Main Sequence,images/sun.jpg,FALSE,0,"Wolf 359 System (22.2 ly away), Gliese 581 System (25.4 ly away), Ross 128 System (26.0 ly away)"
Gliese GJ 3146,27.59,22.2,15.05,6.49,m,3190,0.023,Red,0.0001,0.5,Metal-poor,Main Sequence (Red Dwarf),images/red_dwarf.jpg,FALSE,0,"Tau Ceti System (18.4 ly away), Epsilon Eridani System (19.2 ly away), Gliese 876 System (23.3 ly away)"
Gliese GJ 1154A,27.59,-27.54,-1.72,0.3,m,3428,0.04,Red,0.0002,0.5,Metal-poor,Main Sequence (Red Dwarf),images/red_dwarf.jpg,FALSE,0,"Gliese 581 System (20.2 ly away), Wolf 359 System (20.5 ly away), Proxima Centauri System (26.3 ly away)"
Gliese GJ 1057,27.62,18.29,20.56,2.3,m,3368,0.04,Red,0.0002,0.5,Metal-poor,Main Sequence (Red Dwarf),images/red_dwarf.jpg,FALSE,0,"Epsilon Eridani System (17.7 ly away), Tau Ceti System (18.3 ly away), Ross 128 System (24.2 ly away)"
Gliese Gl 618B,27.63,-9.26,-19.86,-16.83,M5  :,3404,0.034,Red,0.0001,0.5,Metal-poor,Main Sequence (Red Dwarf),images/red_dwarf.jpg,FALSE,0,"Gliese 667 System (7.2 ly away), Gliese 581 System (15.3 ly away), Proxima Centauri System (23.8 ly away)"
Gliese GJ 3076,27.64,25.36,8.17,7.36,m,3100,0.037,Red,0.0001,0.5,Metal-poor,Main Sequence (Red Dwarf),images/red_dwarf.jpg,FALSE,0,"Tau Ceti System (18.7 ly away), Gliese 876 System (20.1 ly away), Epsilon Eridani System (21.2 ly away)"
Gliese Gl 745A,27.77,7.49,-24.84,9.9,M2,3691,0.137,Red,0.0031,0.5,Metal-poor,Main Sequence (Red Dwarf),images/red_dwarf.jpg,FALSE,0,"Barnard's Star System (22.2 ly away), Gliese 876 System (25.6 ly away), Gliese 581 System (25.8 ly away)"
Gliese Gl 185B,27.79,6.43,25.08,-10.07,G2V,5700,0.065,Yellow,0.004,1.0,Solar metallicity,Main Sequence,images/sun.jpg,FALSE,0,"Epsilon Eridani System (18.8 ly away), Tau Ceti System (21.5 ly away), Ross 128 System (22.6 ly away)"
Hipparcos 18899,27.9,13.15,23.5,-7.29,G2V,5700,0.068,Yellow,0.0044,1.0,Solar metallicity,Main Sequence,images/sun.jpg,FALSE,0,"Epsilon Eridani System (17.6 ly away), Tau Ceti System (19.1 ly away), Ross 128 System (23.9 ly away)"
61 Vir,27.9,-24.95,-8.89,-8.77,G5V,5571,0.968,Yellow,0.8098,1.0,Solar metallicity,Main Sequence,images/sun.jpg,TRUE,3,"Gliese 581 System (14.9 ly away), Wolf 359 System (22.8 ly away), Gliese 667 System (24.0 ly away)"
Gliese GJ 3517,27.92,-19.15,20.25,-1.7,m,3100,0.025,Red,0.0001,0.5,Metal-poor,Main Sequence (Red Dwarf),images/red_dwarf.jpg,FALSE,0,"Ross 128 System (19.5 ly away), Wolf 359 System (21.7 ly away), 55 Cancri System (22.1 ly away)"
Gliese Gl 185A,27.97,6.48,25.25,-10.14,M0V,3902,0.382,Red,0.0304,0.5,Metal-poor,Main Sequence (Red Dwarf),images/red_dwarf.jpg,FALSE,0,"Epsilon Eridani System (18.9 ly away), Tau Ceti System (21.7 ly away), Ross 128 System (22.7 ly away)"
Gliese Gl 450,28.0,-22.84,0.89,16.17,M1V,3828,0.204,Red,0.008,0.5,Metal-poor,Main Sequence (Red Dwarf),images/red_dwarf.jpg,FALSE,0,"Wolf 359 System (21.7 ly away), Ross 128 System (24.9 ly away), 55 Cancri System (25.2 ly away)"
Zet Tuc,28.01,11.85,1.04,-25.36,F9V,6063,1.037,Yellow-White,1.305,1.0,Solar metallicity,Main Sequence,images/sun.jpg,FALSE,0,"Gliese 876 System (22.4 ly away), Tau Ceti System (22.5 ly away), Epsilon Eridani System (25.4 ly away)"
Gliese GJ 1105,28.1,-10.41,18.36,18.55,M4V,3624,0.081,Red,0.001,0.5,Metal-poor,Main Sequence (Red Dwarf),images/red_dwarf.jpg,FALSE,0,"55 Cancri System (15.7 ly away), Ross 128 System (18.7 ly away), Wolf 359 System (24.1 ly away)"
Gliese Gl 877,28.1,6.78,-1.95,-27.2,K,3816,0.152,Orange,0.0044,1.0,Solar metallicity,Main Sequence,images/orange_dwarf.jpg,FALSE,0,"Gliese 667 System (23.9 ly away), Gliese 876 System (24.7 ly away), Proxima Centauri System (25.0 ly away)"
Gliese Gl 867B,28.19,24.74,-9.16,-9.93,dM4  e,3649,0.104,White,0.0017,1.0,Solar metallicity,White Dwarf,images/sirius.jpg,FALSE,0,"Gliese 876 System (13.2 ly away), Tau Ceti System (21.3 ly away), Epsilon Eridani System (26.8 ly away)"
54Chi1Ori,28.26,0.65,26.5,9.79,G0V,5991,0.996,Yellow,1.146,1.0,Solar metallicity,Main Sequence,images/sun.jpg,FALSE,0,"Ross 128 System (18.2 ly away), Epsilon Eridani System (22.2 ly away), 55 Cancri System (26.6 ly away)"
Hipparcos 31292,28.31,-1.03,6.95,-27.43,G2V,5700,0.043,Yellow,0.0018,1.0,Solar metallicity,Main Sequence,images/sun.jpg,FALSE,0,"Proxima Centauri System (25.3 ly away), Epsilon Eridani System (26.7 ly away), Tau Ceti System (26.8 ly away)"
Gliese Gl 867A,28.36,24.89,-9.21,-9.99,M0Vpe,3845,0.282,Red,0.0156,0.5,Metal-poor,Main Sequence (Red Dwarf),images/red_dwarf.jpg,FALSE,0,"Gliese 876 System (13.3 ly away), Tau Ceti System (21.5 ly away), Epsilon Eridani System (26.9 ly away)"
Gliese GJ 3839,28.36,-19.94,-13.58,14.91,m,3100,0.068,Red,0.0004,0.5,Metal-poor,Main Sequence (Red Dwarf),images/red_dwarf.jpg,FALSE,0,"Gliese 581 System (19.0 ly away), Wolf 359 System (24.4 ly away), Barnard's Star System (25.2 ly away)"
Gliese Gl 250B,28.38,-6.39,27.53,-2.57,M2,3794,0.181,Red,0.0061,0.5,Metal-poor,Main Sequence (Red Dwarf),images/red_dwarf.jpg,FALSE,0,"Ross 128 System (18.8 ly away), Epsilon Eridani System (23.0 ly away), Wolf 359 System (25.7 ly away)"
Gliese Gl 183,28.4,7.22,27.32,-2.85,K3V,4628,0.722,Orange,0.2148,1.0,Solar metallicity,Main Sequence,images/orange_dwarf.jpg,FALSE,0,"Epsilon Eridani System (19.1 ly away), Ross 128 System (21.3 ly away), Tau Ceti System (22.5 ly away)"
Gliese Gl 250A,28.41,-6.4,27.56,-2.56,K3V,4578,0.625,Orange,0.1542,1.0,Solar metallicity,Main Sequence,images/orange_dwarf.jpg,FALSE,0,"Ross 128 System (18.9 ly away), Epsilon Eridani System (23.0 ly away), Wolf 359 System (25.7 ly away)"
Gliese Gl 745B,28.55,7.71,-25.53,10.17,M2,3691,0.141,Red,0.0033,0.5,Metal-poor,Main Sequence (Red Dwarf),images/red_dwarf.jpg,FALSE,0,"Barnard's Star System (23.0 ly away), Gliese 876 System (26.3 ly away), Gliese 581 System (26.4 ly away)"
Gliese Gl 791.2,28.56,17.12,-22.35,4.81,dM6  e,3581,0.052,White,0.0004,1.0,Solar metallicity,White Dwarf,images/sirius.jpg,FALSE,0,"Gliese 876 System (20.2 ly away), Barnard's Star System (24.1 ly away), Gliese 667 System (27.4 ly away)"
Gliese GJ 2069B,28.61,-16.58,21.29,9.5,G2V,5700,0.018,Yellow,0.0003,1.0,Solar metallicity,Main Sequence,images/sun.jpg,FALSE,0,"55 Cancri System (13.1 ly away), Ross 128 System (18.4 ly away), Wolf 359 System (22.9 ly away)"
Gliese GJ 3667,28.61,-26.92,3.63,8.98,DC8,12000,0.01,White,0.0002,1.0,Solar metallicity,White Dwarf,images/sirius.jpg,FALSE,0,"Wolf 359 System (21.1 ly away), 55 Cancri System (24.6 ly away), Ross 128 System (25.0 ly away)"
Gliese GJ 1103A,28.66,-13.45,25.32,-0.0,m,3541,0.044,Red,0.0003,0.5,Metal-poor,Main Sequence (Red Dwarf),images/red_dwarf.jpg,FALSE,0,"Ross 128 System (18.7 ly away), 55 Cancri System (21.9 ly away), Wolf 359 System (24.0 ly away)"
Gliese GJ 1103B,28.66,-13.45,25.31,-0.0,m,3100,0.028,Red,0.0001,0.5,Metal-poor,Main Sequence (Red Dwarf),images/red_dwarf.jpg,FALSE,0,"Ross 128 System (18.7 ly away), 55 Cancri System (21.9 ly away), Wolf 359 System (24.0 ly away)"
Gliese Gl 666B,28.66,-3.5,-19.37,-20.84,M0 V,3934,0.323,Red,0.0225,0.5,Metal-poor,Main Sequence (Red Dwarf),images/red_dwarf.jpg,FALSE,0,"Gliese 667 System (7.9 ly away), Gliese 581 System (20.8 ly away), Proxima Centauri System (24.8 ly away)"
Gliese Gl 666A,28.71,-3.5,-19.4,-20.87,M0V,5392,0.76,Red,0.4377,0.5,Metal-poor,Main Sequence (Red Dwarf),images/red_dwarf.jpg,FALSE,0,"Gliese 667 System (7.9 ly away), Gliese 581 System (20.9 ly away), Proxima Centauri System (24.9 ly away)"
Gliese Gl 203,28.74,3.94,28.05,4.81,M5,3577,0.068,Red,0.0007,0.5,Metal-poor,Main Sequence (Red Dwarf),images/red_dwarf.jpg,FALSE,0,"Ross 128 System (19.6 ly away), Epsilon Eridani System (20.9 ly away), Tau Ceti System (25.2 ly away)"
Gliese Gl 465,28.87,-27.26,-2.97,-9.04,M4,3685,0.113,Red,0.0021,0.5,Metal-poor,Main Sequence (Red Dwarf),images/red_dwarf.jpg,FALSE,0,"Gliese 581 System (20.0 ly away), Wolf 359 System (22.8 ly away), Proxima Centauri System (26.3 ly away)"
Gliese Gl 433,28.97,-24.28,2.61,-15.58,M2V,3810,0.208,Red,0.0082,0.5,Metal-poor,Main Sequence (Red Dwarf),images/red_dwarf.jpg,FALSE,0,"Wolf 359 System (23.6 ly away), Gliese 581 System (24.8 ly away), Proxima Centauri System (26.0 ly away)"
Gliese GJ 4247,29.04,22.21,-12.66,13.77,G2V,3493,0.091,Yellow,0.0011,1.0,Solar metallicity,Main Sequence,images/sun.jpg,FALSE,0,"Gliese 876 System (21.0 ly away), Barnard's Star System (26.4 ly away), Tau Ceti System (27.3 ly away)"
Gliese Gl 318,29.04,-15.8,18.57,-15.8,DA6,8011,0.018,White,0.0012,1.0,Solar metallicity,White Dwarf,images/sirius.jpg,FALSE,0,"Ross 128 System (24.5 ly away), Wolf 359 System (24.9 ly away), Proxima Centauri System (27.5 ly away)"
Gliese Gl 785,29.06,14.41,-21.51,-13.21,K3V,5056,0.776,Orange,0.3532,1.0,Solar metallicity,Main Sequence,images/orange_dwarf.jpg,FALSE,0,"Gliese 667 System (18.0 ly away), Gliese 876 System (19.7 ly away), Barnard's Star System (26.0 ly away)"
Gliese Gl 424,29.09,-11.72,2.06,26.54,M1Vvar,3931,0.247,Red,0.0131,0.5,Metal-poor,Main Sequence (Red Dwarf),images/red_dwarf.jpg,FALSE,0,"Ross 128 System (25.8 ly away), Wolf 359 System (25.9 ly away), 55 Cancri System (27.9 ly away)"
Hipparcos 94223,29.09,5.91,-18.51,-21.64,G2V,5700,0.075,Yellow,0.0054,1.0,Solar metallicity,Main Sequence,images/sun.jpg,FALSE,0,"Gliese 667 System (12.6 ly away), Gliese 876 System (24.3 ly away), Proxima Centauri System (25.8 ly away)"
13Gam Lep,29.12,1.82,26.85,-11.12,F7V,6476,1.27,Yellow-White,2.5445,1.0,Solar metallicity,Main Sequence,images/sun.jpg,FALSE,0,"Epsilon Eridani System (21.3 ly away), Ross 128 System (22.9 ly away), Tau Ceti System (24.7 ly away)"
Gliese GJ 3128,29.12,24.67,14.57,5.23,m,3149,0.024,Red,0.0001,0.5,Metal-poor,Main Sequence (Red Dwarf),images/red_dwarf.jpg,FALSE,0,"Tau Ceti System (19.2 ly away), Epsilon Eridani System (20.7 ly away), Gliese 876 System (23.3 ly away)"
Gliese Gl 283A,29.12,-11.78,25.17,-8.72,DZQ6,7866,0.011,White,0.0004,1.0,Solar metallicity,White Dwarf,images/sirius.jpg,FALSE,0,"Ross 128 System (21.2 ly away), Wolf 359 System (25.4 ly away), Epsilon Eridani System (25.6 ly away)"
Gliese Gl 283B,29.12,-11.78,25.17,-8.71,m,3356,0.021,Red,0.0001,0.5,Metal-poor,Main Sequence (Red Dwarf),images/red_dwarf.jpg,FALSE,0,"Ross 128 System (21.2 ly away), Wolf 359 System (25.4 ly away), Epsilon Eridani System (25.6 ly away)"
Gliese GJ 3707,29.12,-28.09,-1.24,-7.57,m,3677,0.08,Red,0.001,0.5,Metal-poor,Main Sequence (Red Dwarf),images/red_dwarf.jpg,FALSE,0,"Gliese 581 System (21.3 ly away), Wolf 359 System (22.6 ly away), Proxima Centauri System (26.8 ly away)"
Gliese GJ 3820,29.12,-23.77,-13.61,-9.88,K2 :,4500,0.035,Orange,0.0004,1.0,Solar metallicity,Main Sequence,images/orange_dwarf.jpg,FALSE,0,"Gliese 581 System (13.1 ly away), Gliese 667 System (21.2 ly away), Wolf 359 System (25.1 ly away)"
Gliese Gl 216B,29.25,1.84,26.98,-11.16,K2 V,4892,0.694,Orange,0.2475,1.0,Solar metallicity,Main Sequence,images/orange_dwarf.jpg,FALSE,0,"Epsilon Eridani System (21.4 ly away), Ross 128 System (23.1 ly away), Tau Ceti System (24.8 ly away)"
Gliese GJ 4360,29.38,28.16,-1.78,-8.18,m,3100,0.037,Red,0.0001,0.5,Metal-poor,Main Sequence (Red Dwarf),images/red_dwarf.jpg,TRUE,1,"Gliese 876 System (14.8 ly away), Tau Ceti System (19.7 ly away), Epsilon Eridani System (25.0 ly away)"
Gliese Gl 51,29.41,13.12,3.72,26.06,M5,3541,0.042,Red,0.0002,0.5,Metal-poor,Main Sequence (Red Dwarf),images/red_dwarf.jpg,FALSE,0,"Ross 128 System (28.7 ly away), Epsilon Eridani System (29.0 ly away), Solar System (Earth/Sun) (29.4 ly away)"
Hipparcos 31293,29.42,-1.07,7.22,-28.5,G2V,5700,0.074,Yellow,0.0051,1.0,Solar metallicity,Main Sequence,images/sun.jpg,FALSE,0,"Proxima Centauri System (26.4 ly away), Epsilon Eridani System (27.8 ly away), Tau Ceti System (27.8 ly away)"
Gliese Gl 357,29.43,-22.13,16.07,-10.86,K,3688,0.136,Orange,0.0031,1.0,Solar metallicity,Main Sequence,images/orange_dwarf.jpg,FALSE,0,"Wolf 359 System (23.4 ly away), Ross 128 System (24.3 ly away), Proxima Centauri System (28.1 ly away)"
Rana,29.49,16.33,24.04,-5.0,K0IV,4957,2.266,Orange,2.7823,1.0,Solar metallicity,Subgiant,images/orange_dwarf.jpg,FALSE,0,"Epsilon Eridani System (19.0 ly away), Tau Ceti System (20.0 ly away), Ross 128 System (25.7 ly away)"
Groombridge 1830,29.65,-23.44,0.72,18.14,G8Vp,5423,0.501,Yellow,0.1946,1.0,Solar metallicity,Main Sequence,images/sun.jpg,FALSE,0,"Wolf 359 System (23.5 ly away), 55 Cancri System (25.2 ly away), Ross 128 System (26.5 ly away)"
Gliese Gl 849,29.67,26.21,-13.69,-2.4,M3,3747,0.167,Red,0.0049,0.5,Metal-poor,Main Sequence (Red Dwarf),images/red_dwarf.jpg,FALSE,0,"Gliese 876 System (15.3 ly away), Tau Ceti System (24.6 ly away), Barnard's Star System (27.8 ly away)"
Gliese GJ 2066,29.75,-16.65,24.65,0.68,G2V,3779,0.192,Yellow,0.0067,1.0,Solar metallicity,Main Sequence,images/sun.jpg,FALSE,0,"Ross 128 System (20.0 ly away), 55 Cancri System (20.0 ly away), Wolf 359 System (24.3 ly away)"
43Bet Com,29.78,-25.04,-8.12,13.92,G0V,6079,1.097,Yellow,1.475,1.0,Solar metallicity,Main Sequence,images/sun.jpg,FALSE,0,"Gliese 581 System (21.8 ly away), Wolf 359 System (24.1 ly away), Barnard's Star System (28.0 ly away)"
96Kap1Cet,29.81,19.19,22.74,1.75,G5Vvar,5667,0.955,Yellow,0.8433,1.0,Solar metallicity,Main Sequence,images/sun.jpg,FALSE,0,"Epsilon Eridani System (19.7 ly away), Tau Ceti System (20.5 ly away), Ross 128 System (26.0 ly away)"
Gliese Gl 84,29.82,24.29,14.75,-9.02,M3,3773,0.183,Red,0.0061,0.5,Metal-poor,Main Sequence (Red Dwarf),images/red_dwarf.jpg,FALSE,0,"Tau Ceti System (18.0 ly away), Epsilon Eridani System (20.6 ly away), Gliese 876 System (22.1 ly away)"
Gliese Gl 451B,29.87,-23.61,0.72,18.27,G2V,5700,0.035,Yellow,0.0012,1.0,Solar metallicity,Main Sequence,images/sun.jpg,FALSE,0,"Wolf 359 System (23.7 ly away), 55 Cancri System (25.2 ly away), Ross 128 System (26.7 ly away)"
Gliese GJ 3421,29.9,-4.99,17.41,23.78,M4.5,3345,0.056,Red,0.0004,0.5,Metal-poor,Main Sequence (Red Dwarf),images/red_dwarf.jpg,FALSE,0,"55 Cancri System (21.5 ly away), Ross 128 System (21.7 ly away), Wolf 359 System (27.6 ly away)"
Gliese GJ 3325,30.03,7.01,27.79,-8.97,K:,3566,0.103,Orange,0.0015,1.0,Solar metallicity,Main Sequence,images/orange_dwarf.jpg,FALSE,0,"Epsilon Eridani System (20.8 ly away), Tau Ceti System (23.7 ly away), Ross 128 System (24.1 ly away)"
Gliese Gl 442A,30.07,-22.83,1.34,-19.53,G3/G5V,5728,0.921,Yellow,0.8196,1.0,Solar metallicity,Main Sequence,images/sun.jpg,FALSE,0,"Wolf 359 System (25.6 ly away), Gliese 581 System (25.7 ly away), Proxima Centauri System (26.7 ly away)"
Gliese Gl 442B,30.14,-22.88,1.35,-19.57,G2V,5700,0.01,Yellow,0.0001,1.0,Solar metallicity,Main Sequence,images/sun.jpg,FALSE,0,"Wolf 359 System (25.7 ly away), Gliese 581 System (25.7 ly away), Proxima Centauri System (26.8 ly away)"
Gam Pav,30.21,9.87,-7.82,-27.46,F6V,6416,1.008,Yellow-White,1.546,1.0,Solar metallicity,Main Sequence,images/sun.jpg,FALSE,0,"Gliese 667 System (22.2 ly away), Gliese 876 System (24.3 ly away), Proxima Centauri System (27.1 ly away)"
Gliese Gl 190,30.24,6.39,28.01,-9.43,M5,3764,0.179,Red,0.0058,0.5,Metal-poor,Main Sequence (Red Dwarf),images/red_dwarf.jpg,FALSE,0,"Epsilon Eridani System (21.2 ly away), Tau Ceti System (24.1 ly away), Ross 128 System (24.3 ly away)"
Gliese GJ 3135,30.25,22.31,13.65,-15.21,K:...,3491,0.088,Orange,0.001,1.0,Solar metallicity,Main Sequence,images/orange_dwarf.jpg,FALSE,0,"Tau Ceti System (19.0 ly away), Epsilon Eridani System (21.7 ly away), Gliese 876 System (22.7 ly away)"
Gliese Gl 176,30.25,9.44,27.01,9.83,M2,3759,0.209,Red,0.0078,0.5,Metal-poor,Main Sequence (Red Dwarf),images/red_dwarf.jpg,FALSE,0,"Epsilon Eridani System (22.2 ly away), Ross 128 System (22.3 ly away), Tau Ceti System (25.6 ly away)"
Gliese GJ 3801,30.26,-22.8,-10.96,16.61,M:,2804,0.144,Red,0.0012,0.5,Metal-poor,Main Sequence (Red Dwarf),images/red_dwarf.jpg,FALSE,0,"Gliese 581 System (22.1 ly away), Wolf 359 System (25.5 ly away), Barnard's Star System (27.8 ly away)"
Gliese GJ 3380,30.26,-0.21,19.5,23.13,m,3310,0.034,Red,0.0001,0.5,Metal-poor,Main Sequence (Red Dwarf),images/red_dwarf.jpg,FALSE,0,"Ross 128 System (22.1 ly away), 55 Cancri System (25.2 ly away), Epsilon Eridani System (28.0 ly away)"
Gliese GJ 1253,30.31,9.41,-12.7,25.87,M5,3404,0.039,Red,0.0002,0.5,Metal-poor,Main Sequence (Red Dwarf),images/red_dwarf.jpg,FALSE,0,"Barnard's Star System (27.1 ly away), Solar System (Earth/Sun) (30.3 ly away), Gliese 876 System (31.2 ly away)"
Gliese Gl 226,30.57,-0.19,4.19,30.28,M3,3773,0.164,Red,0.0049,0.5,Metal-poor,Main Sequence (Red Dwarf),images/red_dwarf.jpg,FALSE,0,"Ross 128 System (27.6 ly away), Wolf 359 System (30.3 ly away), Barnard's Star System (30.5 ly away)"
Hipparcos 27604,30.67,1.25,30.63,-0.76,F0,7866,0.063,Yellow-White,0.0136,1.0,Solar metallicity,Main Sequence,images/sun.jpg,FALSE,0,"Ross 128 System (21.6 ly away), Epsilon Eridani System (22.9 ly away), Tau Ceti System (27.3 ly away)"
Hipparcos 14101,30.72,20.65,20.99,-8.77,G2V,5700,0.075,Yellow,0.0053,1.0,Solar metallicity,Main Sequence,images/sun.jpg,FALSE,0,"Tau Ceti System (19.8 ly away), Epsilon Eridani System (20.5 ly away), Gliese 876 System (26.5 ly away)"
Gliese Gl 358,30.88,-19.06,13.37,-20.29,M:,3762,0.15,Red,0.004,0.5,Metal-poor,Main Sequence (Red Dwarf),images/red_dwarf.jpg,FALSE,0,"Wolf 359 System (26.7 ly away), Proxima Centauri System (28.4 ly away), Ross 128 System (28.6 ly away)"
Gliese Gl 694,30.92,-1.57,-22.41,21.23,M3,3752,0.167,Red,0.005,0.5,Metal-poor,Main Sequence (Red Dwarf),images/red_dwarf.jpg,FALSE,0,"Barnard's Star System (25.9 ly away), Gliese 581 System (27.4 ly away), Solar System (Earth/Sun) (30.9 ly away)"
Gliese GJ 3988,31.0,-4.73,-18.75,24.23,k-m,3453,0.048,Orange,0.0003,1.0,Solar metallicity,Main Sequence,images/orange_dwarf.jpg,TRUE,1,"Barnard's Star System (26.6 ly away), Gliese 581 System (28.4 ly away), Solar System (Earth/Sun) (31.0 ly away)"
Gliese GJ 3306,31.03,10.76,28.72,-4.76,DQ7,7276,0.01,White,0.0002,1.0,Solar metallicity,White Dwarf,images/sirius.jpg,FALSE,0,"Epsilon Eridani System (21.2 ly away), Tau Ceti System (23.8 ly away), Ross 128 System (24.9 ly away)"
Gliese GJ 1065,31.09,16.53,26.13,-3.3,dM4,3516,0.066,White,0.0006,1.0,Solar metallicity,White Dwarf,images/sirius.jpg,FALSE,0,"Epsilon Eridani System (20.7 ly away), Tau Ceti System (22.0 ly away), Ross 128 System (26.6 ly away)"
Gliese Gl 432B,31.11,-25.98,2.9,-16.87,m,3100,0.031,Red,0.0001,0.5,Metal-poor,Main Sequence (Red Dwarf),images/red_dwarf.jpg,FALSE,0,"Wolf 359 System (25.7 ly away), Gliese 581 System (26.5 ly away), Proxima Centauri System (28.2 ly away)"
Gliese Gl 432A,31.18,-26.04,2.91,-16.9,K0V,5248,0.695,Orange,0.3287,1.0,Solar metallicity,Main Sequence,images/orange_dwarf.jpg,FALSE,0,"Wolf 359 System (25.8 ly away), Gliese 581 System (26.6 ly away), Proxima Centauri System (28.2 ly away)"
Gliese Gl 633,31.18,-7.34,-20.38,-22.44,M3,3635,0.066,Red,0.0007,0.5,Metal-poor,Main Sequence (Red Dwarf),images/red_dwarf.jpg,FALSE,0,"Gliese 667 System (10.4 ly away), Gliese 581 System (21.1 ly away), Proxima Centauri System (27.2 ly away)"
Gliese GJ 1207,31.24,-8.44,-29.99,-2.37,dM3.5,3649,0.078,White,0.001,1.0,Solar metallicity,White Dwarf,images/sirius.jpg,FALSE,0,"Gliese 581 System (15.3 ly away), Gliese 667 System (16.6 ly away), Barnard's Star System (25.9 ly away)"
Gliese GJ 1001,31.3,23.72,0.49,-20.41,M3.5,3608,0.062,Red,0.0006,0.5,Metal-poor,Main Sequence (Red Dwarf),images/red_dwarf.jpg,FALSE,0,"Gliese 876 System (19.7 ly away), Tau Ceti System (22.2 ly away), Epsilon Eridani System (26.8 ly away)"
61 UMa,31.35,-25.84,2.14,17.62,G8Vvar,5524,0.851,Yellow,0.6048,1.0,Solar metallicity,Main Sequence,images/sun.jpg,FALSE,0,"55 Cancri System (23.8 ly away), Wolf 359 System (24.8 ly away), Ross 128 System (27.7 ly away)"
Gliese GJ 3253,31.36,15.81,25.48,9.18,M4.5,3100,0.057,Red,0.0003,0.5,Metal-poor,Main Sequence (Red Dwarf),images/red_dwarf.jpg,FALSE,0,"Epsilon Eridani System (22.5 ly away), Tau Ceti System (24.6 ly away), Ross 128 System (25.4 ly away)"
Gliese GJ 3275,31.36,12.26,26.95,10.34,dM4.5e,3516,0.064,White,0.0006,1.0,Solar metallicity,White Dwarf,images/sirius.jpg,FALSE,0,"Epsilon Eridani System (23.0 ly away), Ross 128 System (24.2 ly away), Tau Ceti System (25.9 ly away)"
Gliese Gl 569A,31.49,-21.9,-20.87,8.73,M2Ve,3794,0.199,Red,0.0073,0.5,Metal-poor,Main Sequence (Red Dwarf),images/red_dwarf.jpg,FALSE,0,"Gliese 581 System (15.5 ly away), Barnard's Star System (27.5 ly away), Wolf 359 System (28.2 ly away)"
Gliese GJ 1125,31.52,-25.07,19.11,0.18,K:...,3666,0.102,Orange,0.0017,1.0,Solar metallicity,Main Sequence,images/orange_dwarf.jpg,FALSE,0,"55 Cancri System (20.1 ly away), Ross 128 System (23.8 ly away), Wolf 359 System (24.5 ly away)"
Gliese GJ 3855,31.57,-12.6,-9.73,27.27,M6.5,3100,0.025,Red,0.0001,0.5,Metal-poor,Main Sequence (Red Dwarf),images/red_dwarf.jpg,FALSE,0,"Barnard's Star System (28.9 ly away), Wolf 359 System (29.3 ly away), Gliese 581 System (30.5 ly away)"
Hipparcos 84581,31.58,-5.78,-30.74,-4.33,G2V,5700,0.056,Yellow,0.003,1.0,Solar metallicity,Main Sequence,images/sun.jpg,FALSE,0,"Gliese 667 System (15.4 ly away), Gliese 581 System (17.0 ly away), Barnard's Star System (26.2 ly away)"
Gliese Gl 479,31.61,-19.2,-3.2,-24.91,M3,3839,0.152,Red,0.0045,0.5,Metal-poor,Main Sequence (Red Dwarf),images/red_dwarf.jpg,FALSE,0,"Gliese 667 System (24.9 ly away), Gliese 581 System (26.1 ly away), Proxima Centauri System (27.7 ly away)"
Gliese Gl 680,31.72,-2.26,-20.82,-23.82,K5,3730,0.205,Orange,0.0073,1.0,Solar metallicity,Main Sequence,images/orange_dwarf.jpg,FALSE,0,"Gliese 667 System (11.1 ly away), Gliese 581 System (24.3 ly away), Proxima Centauri System (27.9 ly away)"
Hipparcos 70185,31.77,-24.87,-17.67,-8.9,G2V,5700,0.019,Yellow,0.0003,1.0,Solar metallicity,Main Sequence,images/sun.jpg,FALSE,0,"Gliese 581 System (13.6 ly away), Gliese 667 System (22.0 ly away), Wolf 359 System (28.1 ly away)"
Gliese Gl 239,31.79,-4.89,29.91,9.59,M1:,3824,0.246,Red,0.0116,0.5,Metal-poor,Main Sequence (Red Dwarf),images/red_dwarf.jpg,FALSE,0,"Ross 128 System (21.0 ly away), 55 Cancri System (21.9 ly away), Epsilon Eridani System (26.8 ly away)"
12 Oph,31.8,-11.34,-29.68,-1.29,K2V,5201,0.788,Orange,0.4074,1.0,Solar metallicity,Main Sequence,images/orange_dwarf.jpg,FALSE,0,"Gliese 581 System (14.5 ly away), Gliese 667 System (18.2 ly away), Barnard's Star System (26.5 ly away)"
Gliese Gl 102,31.85,22.64,17.94,13.42,M4,3516,0.063,Red,0.0005,0.5,Metal-poor,Main Sequence (Red Dwarf),images/red_dwarf.jpg,FALSE,0,"Epsilon Eridani System (24.4 ly away), Tau Ceti System (24.5 ly away), Ross 128 System (29.0 ly away)"
Gliese GJ 1138,31.85,-24.71,7.82,18.52,m,3568,0.059,Red,0.0005,0.5,Metal-poor,Main Sequence (Red Dwarf),images/red_dwarf.jpg,FALSE,0,"55 Cancri System (18.0 ly away), Wolf 359 System (25.3 ly away), Ross 128 System (26.2 ly away)"
Gliese Gl 638,31.99,-8.56,-25.26,17.66,K7V,4104,0.435,Orange,0.0482,1.0,Solar metallicity,Main Sequence,images/orange_dwarf.jpg,FALSE,0,"Gliese 581 System (23.1 ly away), Barnard's Star System (26.7 ly away), Gliese 667 System (31.9 ly away)"
Gliese GJ 1256,32.1,19.94,-23.64,8.57,dM4-5,3490,0.052,White,0.0004,1.0,Solar metallicity,White Dwarf,images/sirius.jpg,FALSE,0,"Gliese 876 System (23.7 ly away), Barnard's Star System (27.8 ly away), Solar System (Earth/Sun) (32.1 ly away)"
Gliese Gl 367,32.19,-18.64,12.52,-23.07,M1:,3749,0.198,Red,0.0069,0.5,Metal-poor,Main Sequence (Red Dwarf),images/red_dwarf.jpg,FALSE,0,"Wolf 359 System (28.5 ly away), Proxima Centauri System (29.5 ly away), Ross 128 System (30.7 ly away)"
Gliese GJ 3049,32.29,23.83,4.57,-21.31,M4,3100,0.077,Red,0.0005,0.5,Metal-poor,Main Sequence (Red Dwarf),images/red_dwarf.jpg,FALSE,0,"Gliese 876 System (21.9 ly away), Tau Ceti System (22.6 ly away), Epsilon Eridani System (26.6 ly away)"
Gliese Gl 803,32.32,18.22,-20.74,-16.81,M1Ve,3839,0.362,Red,0.0256,0.5,Metal-poor,Main Sequence (Red Dwarf),images/red_dwarf.jpg,FALSE,0,"Gliese 876 System (21.4 ly away), Gliese 667 System (22.0 ly away), Barnard's Star System (29.9 ly away)"
Gliese GJ 2012,32.36,29.44,5.38,-12.3,DQ9,5890,0.011,White,0.0001,1.0,Solar metallicity,White Dwarf,images/sirius.jpg,FALSE,0,"Gliese 876 System (19.9 ly away), Tau Ceti System (21.2 ly away), Epsilon Eridani System (25.7 ly away)"
Gliese Gl 49,32.49,14.52,4.07,28.77,K5V...,3850,0.256,Orange,0.013,1.0,Solar metallicity,Main Sequence,images/orange_dwarf.jpg,TRUE,1,"Ross 128 System (31.6 ly away), Epsilon Eridani System (31.9 ly away), Tau Ceti System (32.3 ly away)"
Hipparcos 12703,32.51,14.42,12.45,-26.34,G2V,5700,0.035,Yellow,0.0012,1.0,Solar metallicity,Main Sequence,images/sun.jpg,FALSE,0,"Tau Ceti System (24.6 ly away), Epsilon Eridani System (26.3 ly away), Gliese 876 System (28.1 ly away)"
Gliese Gl 678.1A,32.54,-4.17,-32.12,3.15,M1V...,3853,0.285,Red,0.0161,0.5,Metal-poor,Main Sequence (Red Dwarf),images/red_dwarf.jpg,FALSE,0,"Gliese 581 System (19.8 ly away), Gliese 667 System (21.3 ly away), Barnard's Star System (26.7 ly away)"
Gliese GJ 3512,32.55,-10.69,12.59,28.05,m,3244,0.029,Red,0.0001,0.5,Metal-poor,Main Sequence (Red Dwarf),images/red_dwarf.jpg,TRUE,2,"55 Cancri System (21.0 ly away), Ross 128 System (25.8 ly away), Wolf 359 System (29.2 ly away)"
Hipparcos 117828,32.59,8.08,-0.22,-31.57,M...,3845,0.212,Red,0.0088,0.5,Metal-poor,Main Sequence (Red Dwarf),images/red_dwarf.jpg,FALSE,0,"Gliese 667 System (28.3 ly away), Gliese 876 System (28.7 ly away), Tau Ceti System (28.9 ly away)"
Gliese GJ 1028,32.62,29.76,8.66,-10.15,m,3310,0.036,Red,0.0001,0.5,Metal-poor,Main Sequence (Red Dwarf),images/red_dwarf.jpg,FALSE,0,"Tau Ceti System (21.0 ly away), Gliese 876 System (21.2 ly away), Epsilon Eridani System (25.0 ly away)"
Gliese GJ 3119,32.62,28.7,15.11,-3.48,m,3100,0.039,Red,0.0001,0.5,Metal-poor,Main Sequence (Red Dwarf),images/red_dwarf.jpg,FALSE,0,"Tau Ceti System (21.0 ly away), Epsilon Eridani System (23.6 ly away), Gliese 876 System (24.2 ly away)"
Gliese GJ 3126,32.62,12.43,7.29,29.26,M4,3734,0.139,Red,0.0034,0.5,Metal-poor,Main Sequence (Red Dwarf),images/red_dwarf.jpg,FALSE,0,"Ross 128 System (30.4 ly away), Epsilon Eridani System (31.6 ly away), Solar System (Earth/Sun) (32.6 ly away)"
Gliese GJ 3304,32.62,10.04,26.93,15.42,m,3581,0.076,Red,0.0008,0.5,Metal-poor,Main Sequence (Red Dwarf),images/red_dwarf.jpg,FALSE,0,"Ross 128 System (24.8 ly away), Epsilon Eridani System (25.6 ly away), Tau Ceti System (28.8 ly away)"
Gliese GJ 3959,32.62,-9.31,-22.84,21.34,m+,3490,0.028,Red,0.0001,0.5,Metal-poor,Main Sequence (Red Dwarf),images/red_dwarf.jpg,FALSE,0,"Gliese 581 System (25.5 ly away), Barnard's Star System (27.8 ly away), Wolf 359 System (32.3 ly away)"
Gliese GJ 3976,32.62,-8.94,-28.79,12.46,m,3453,0.04,Red,0.0002,0.5,Metal-poor,Main Sequence (Red Dwarf),images/red_dwarf.jpg,FALSE,0,"Gliese 581 System (20.7 ly away), Barnard's Star System (27.0 ly away), Gliese 667 System (28.1 ly away)"
Gliese GJ 4248,32.62,22.67,-12.76,-19.67,M3.5,3581,0.106,Red,0.0017,0.5,Metal-poor,Main Sequence (Red Dwarf),images/red_dwarf.jpg,FALSE,0,"Gliese 876 System (19.9 ly away), Tau Ceti System (27.2 ly away), Gliese 667 System (27.4 ly away)"
Gliese Gl 352A,32.65,-25.3,19.18,-7.62,M2,3727,0.218,Red,0.0083,0.5,Metal-poor,Main Sequence (Red Dwarf),images/red_dwarf.jpg,FALSE,0,"Wolf 359 System (26.1 ly away), Ross 128 System (26.2 ly away), 55 Cancri System (27.6 ly away)"
Gliese Gl 536,32.71,-28.22,-16.47,-1.51,K5,3853,0.241,Orange,0.0114,1.0,Solar metallicity,Main Sequence,images/orange_dwarf.jpg,FALSE,0,"Gliese 581 System (15.4 ly away), Gliese 667 System (27.5 ly away), Wolf 359 System (28.0 ly away)"
Gliese Gl 609,32.81,-15.03,-26.79,11.54,M3,3608,0.074,Red,0.0008,0.5,Metal-poor,Main Sequence (Red Dwarf),images/red_dwarf.jpg,FALSE,0,"Gliese 581 System (18.4 ly away), Barnard's Star System (27.7 ly away), Gliese 667 System (28.5 ly away)"
Gliese Gl 22A,32.83,12.58,1.79,30.27,M2.5Ve,3764,0.195,Red,0.0069,0.5,Metal-poor,Main Sequence (Red Dwarf),images/red_dwarf.jpg,FALSE,0,"Ross 128 System (32.3 ly away), Barnard's Star System (32.4 ly away), Solar System (Earth/Sun) (32.8 ly away)"
Hipparcos 68184,32.83,-13.65,-7.69,28.85,K3V,4649,0.731,Orange,0.2237,1.0,Solar metallicity,Main Sequence,images/orange_dwarf.jpg,FALSE,0,"Wolf 359 System (30.2 ly away), Barnard's Star System (30.6 ly away), Gliese 581 System (32.5 ly away)"
Gliese Gl 75,32.84,12.9,6.56,29.48,K0V,5269,0.845,Orange,0.4943,1.0,Solar metallicity,Main Sequence,images/orange_dwarf.jpg,FALSE,0,"Ross 128 System (30.9 ly away), Epsilon Eridani System (32.0 ly away), Solar System (Earth/Sun) (32.8 ly away)"
Gliese GJ 3079,32.95,31.3,10.24,-1.07,DAwk,12000,0.01,White,0.0002,1.0,Solar metallicity,White Dwarf,images/sirius.jpg,FALSE,0,"Tau Ceti System (21.8 ly away), Gliese 876 System (22.6 ly away), Epsilon Eridani System (25.2 ly away)"
Gliese Gl 172,32.98,6.99,18.62,26.3,K8V,3913,0.388,Orange,0.0317,1.0,Solar metallicity,Main Sequence,images/orange_dwarf.jpg,FALSE,0,"Ross 128 System (26.6 ly away), Epsilon Eridani System (29.9 ly away), Tau Ceti System (32.7 ly away)"
Gliese Gl 22B,33.03,12.65,1.81,30.46,dM3.5,12000,0.01,White,0.001,1.0,Solar metallicity,White Dwarf,images/sirius.jpg,FALSE,0,"Ross 128 System (32.5 ly away), Barnard's Star System (32.6 ly away), Solar System (Earth/Sun) (33.0 ly away)"
Gliese Gl 436,33.08,-29.46,2.29,14.86,M3,3804,0.16,Red,0.0048,0.5,Metal-poor,Main Sequence (Red Dwarf),images/red_dwarf.jpg,FALSE,0,"55 Cancri System (24.5 ly away), Wolf 359 System (26.0 ly away), Ross 128 System (29.5 ly away)"
Gliese Gl 127.1B,33.11,8.14,8.93,-30.83,G2V,5890,0.01,Yellow,0.0001,1.0,Solar metallicity,Main Sequence,images/sun.jpg,FALSE,0,"Tau Ceti System (27.9 ly away), Epsilon Eridani System (29.2 ly away), Proxima Centauri System (30.7 ly away)"
Gliese Gl 453,33.13,-29.33,0.26,-15.4,K4V,4455,0.638,Orange,0.1437,1.0,Solar metallicity,Main Sequence,images/orange_dwarf.jpg,FALSE,0,"Gliese 581 System (25.9 ly away), Wolf 359 System (27.4 ly away), Proxima Centauri System (30.2 ly away)"
Gliese Gl 568A,33.15,-22.05,-20.9,13.25,G2V,5700,0.048,Yellow,0.0022,1.0,Solar metallicity,Main Sequence,images/sun.jpg,FALSE,0,"Gliese 581 System (19.2 ly away), Barnard's Star System (29.1 ly away), Wolf 359 System (29.9 ly away)"
Gliese GJ 1235,33.15,10.81,-29.04,11.81,k-m,3503,0.054,Orange,0.0004,1.0,Solar metallicity,Main Sequence,images/orange_dwarf.jpg,FALSE,0,"Barnard's Star System (27.7 ly away), Gliese 876 System (29.5 ly away), Gliese 667 System (30.5 ly away)"
Gliese GJ 3526,33.18,-8.88,8.65,30.78,m,3100,0.097,Red,0.0008,0.5,Metal-poor,Main Sequence (Red Dwarf),images/red_dwarf.jpg,FALSE,0,"55 Cancri System (25.8 ly away), Ross 128 System (27.9 ly away), Wolf 359 System (30.6 ly away)"
Gliese Gl 660A,33.22,-6.92,-32.47,-1.07,G,3649,0.122,Yellow,0.0024,1.0,Solar metallicity,Main Sequence,images/sun.jpg,FALSE,0,"Gliese 581 System (18.2 ly away), Gliese 667 System (18.9 ly away), Barnard's Star System (27.7 ly away)"
Gliese Gl 852A,33.25,29.62,-14.24,-5.09,dM4.5e,3516,0.054,White,0.0004,1.0,Solar metallicity,White Dwarf,images/sirius.jpg,FALSE,0,"Gliese 876 System (18.4 ly away), Tau Ceti System (27.3 ly away), Barnard's Star System (31.6 ly away)"
Gliese Gl 852B,33.25,29.61,-14.23,-5.09,dM5  e,3277,0.039,White,0.0002,1.0,Solar metallicity,White Dwarf,images/sirius.jpg,FALSE,0,"Gliese 876 System (18.4 ly away), Tau Ceti System (27.3 ly away), Barnard's Star System (31.6 ly away)"
Alp Men,33.26,-0.39,8.74,-32.09,G5V,5554,0.993,Yellow,0.8418,1.0,Solar metallicity,Main Sequence,images/sun.jpg,FALSE,0,"Proxima Centauri System (30.3 ly away), Tau Ceti System (31.0 ly away), Epsilon Eridani System (31.1 ly away)"
Gliese GJ 1129,33.28,-26.27,17.59,-10.4,m,3663,0.072,Red,0.0008,0.5,Metal-poor,Main Sequence (Red Dwarf),images/red_dwarf.jpg,FALSE,0,"Wolf 359 System (26.9 ly away), Ross 128 System (27.8 ly away), 55 Cancri System (30.7 ly away)"
Gliese GJ 3571,33.28,-26.5,16.25,11.9,m,3100,0.051,Red,0.0002,0.5,Metal-poor,Main Sequence (Red Dwarf),images/red_dwarf.jpg,TRUE,3,"55 Cancri System (12.2 ly away), Ross 128 System (25.4 ly away), Wolf 359 System (26.1 ly away)"
Gliese Gl 487,33.31,-13.18,-2.87,30.46,M4,3613,0.158,Red,0.0038,0.5,Metal-poor,Main Sequence (Red Dwarf),images/red_dwarf.jpg,FALSE,0,"Wolf 359 System (30.5 ly away), Ross 128 System (31.5 ly away), Barnard's Star System (31.9 ly away)"
Gliese Gl 748,33.34,10.32,-31.65,1.68,M4,3731,0.138,Red,0.0033,0.5,Metal-poor,Main Sequence (Red Dwarf),images/red_dwarf.jpg,FALSE,0,"Gliese 667 System (24.1 ly away), Barnard's Star System (27.9 ly away), Gliese 876 System (28.2 ly away)"
Gliese Gl 568B,33.34,-22.18,-21.02,13.32,G2V,5700,0.028,Yellow,0.0008,1.0,Solar metallicity,Main Sequence,images/sun.jpg,FALSE,0,"Gliese 581 System (19.4 ly away), Barnard's Star System (29.3 ly away), Wolf 359 System (30.1 ly away)"
Gliese Gl 799B,33.35,18.27,-21.41,-17.89,dM4.5e,12000,0.014,White,0.0036,1.0,Solar metallicity,White Dwarf,images/sirius.jpg,FALSE,0,"Gliese 667 System (22.3 ly away), Gliese 876 System (22.6 ly away), Barnard's Star System (30.9 ly away)"
Gliese Gl 127.1A,33.4,8.21,9.0,-31.09,DA,9824,0.017,White,0.0025,1.0,Solar metallicity,White Dwarf,images/sirius.jpg,FALSE,0,"Tau Ceti System (28.2 ly away), Epsilon Eridani System (29.4 ly away), Gliese 876 System (30.9 ly away)"
Gliese GJ 3804,33.41,-28.45,-14.16,-10.31,M:,3731,0.1,Red,0.0017,0.5,Metal-poor,Main Sequence (Red Dwarf),images/red_dwarf.jpg,FALSE,0,"Gliese 581 System (17.3 ly away), Gliese 667 System (25.6 ly away), Wolf 359 System (28.9 ly away)"
Gliese Gl 846,33.41,29.09,-16.43,0.82,M0,3866,0.313,Red,0.0196,0.5,Metal-poor,Main Sequence (Red Dwarf),images/red_dwarf.jpg,FALSE,0,"Gliese 876 System (19.8 ly away), Tau Ceti System (28.8 ly away), Barnard's Star System (31.1 ly away)"
Gliese GJ 3182,33.62,14.52,13.14,27.34,DC9,4917,0.011,White,0.0001,1.0,Solar metallicity,White Dwarf,images/sirius.jpg,FALSE,0,"Ross 128 System (30.1 ly away), Epsilon Eridani System (30.6 ly away), Tau Ceti System (31.9 ly away)"
Gliese GJ 1083A,33.73,2.61,30.51,14.15,m,3299,0.032,Red,0.0001,0.5,Metal-poor,Main Sequence (Red Dwarf),images/red_dwarf.jpg,FALSE,0,"Ross 128 System (24.0 ly away), Epsilon Eridani System (27.5 ly away), 55 Cancri System (27.7 ly away)"
Gliese Gl 339.1,33.73,-15.17,13.19,27.09,DXP7,7217,0.011,White,0.0003,1.0,Solar metallicity,White Dwarf,images/sirius.jpg,FALSE,0,"55 Cancri System (17.5 ly away), Ross 128 System (26.6 ly away), Wolf 359 System (29.4 ly away)"
Gliese Gl 649,33.74,-8.1,-29.29,14.65,M2,3761,0.262,Red,0.0123,0.5,Metal-poor,Main Sequence (Red Dwarf),images/red_dwarf.jpg,FALSE,0,"Gliese 581 System (22.8 ly away), Barnard's Star System (28.1 ly away), Gliese 667 System (30.2 ly away)"
Gliese Gl 117,33.76,24.03,22.51,-7.46,K1V,5101,0.764,Orange,0.3548,1.0,Solar metallicity,Main Sequence,images/orange_dwarf.jpg,FALSE,0,"Tau Ceti System (22.6 ly away), Epsilon Eridani System (23.5 ly away), Gliese 876 System (28.7 ly away)"
Gliese GJ 3147,33.76,22.73,15.5,19.58,m+,3100,0.025,Red,0.0001,0.5,Metal-poor,Main Sequence (Red Dwarf),images/red_dwarf.jpg,FALSE,0,"Epsilon Eridani System (27.9 ly away), Tau Ceti System (28.0 ly away), Ross 128 System (31.2 ly away)"
Gliese GJ 1119,33.76,-16.45,16.37,24.53,m,3490,0.057,Red,0.0004,0.5,Metal-poor,Main Sequence (Red Dwarf),images/red_dwarf.jpg,FALSE,0,"55 Cancri System (13.4 ly away), Ross 128 System (25.6 ly away), Wolf 359 System (29.0 ly away)"
Pollux,33.78,-13.23,26.73,15.87,K0IIIvar,4764,8.333,Orange,32.0922,1.4,Metal-rich,Red Giant,images/orange_dwarf.jpg,TRUE,1,"55 Cancri System (11.5 ly away), Ross 128 System (23.1 ly away), Wolf 359 System (29.4 ly away)"
Gliese Gl 431,33.78,-25.28,3.13,-22.18,M,3601,0.122,Red,0.0022,0.5,Metal-poor,Main Sequence (Red Dwarf),images/red_dwarf.jpg,FALSE,0,"Wolf 359 System (29.2 ly away), Gliese 581 System (29.5 ly away), Proxima Centauri System (30.5 ly away)"
Gliese Gl 508B,33.83,-21.37,-7.75,25.05,G2V,5700,0.109,Yellow,0.0113,1.0,Solar metallicity,Main Sequence,images/sun.jpg,FALSE,0,"Wolf 359 System (29.5 ly away), Gliese 581 System (30.0 ly away), Barnard's Star System (31.8 ly away)"
Gliese GJ 1134,33.9,-25.3,9.01,20.69,m,3541,0.065,Red,0.0006,0.5,Metal-poor,Main Sequence (Red Dwarf),images/red_dwarf.jpg,FALSE,0,"55 Cancri System (16.9 ly away), Wolf 359 System (27.5 ly away), Ross 128 System (27.9 ly away)"
Gliese Gl 452.1,33.94,-33.43,0.86,5.78,M3.5,3528,0.073,Red,0.0007,0.5,Metal-poor,Main Sequence (Red Dwarf),images/red_dwarf.jpg,FALSE,0,"Wolf 359 System (26.5 ly away), Gliese 581 System (27.5 ly away), 55 Cancri System (29.8 ly away)"
Gliese Gl 87,33.97,28.4,18.51,2.12,M3V:,3900,0.209,Red,0.0091,0.5,Metal-poor,Main Sequence (Red Dwarf),images/red_dwarf.jpg,TRUE,4,"Tau Ceti System (23.2 ly away), Epsilon Eridani System (24.7 ly away), Gliese 876 System (27.5 ly away)"
Alula Australis,33.97,-28.48,5.25,17.76,G0 Ve,6007,1.225,Yellow,1.7523,1.0,Solar metallicity,Main Sequence,images/sun.jpg,FALSE,0,"55 Cancri System (21.1 ly away), Wolf 359 System (27.1 ly away), Ross 128 System (29.3 ly away)"
53Xi UMa,33.97,-28.48,5.25,17.77,G0 Ve,5700,1.095,Yellow,1.1366,1.0,Solar metallicity,Main Sequence,images/sun.jpg,FALSE,0,"55 Cancri System (21.1 ly away), Wolf 359 System (27.1 ly away), Ross 128 System (29.3 ly away)"
Gliese GJ 4071,33.97,6.11,-32.41,8.16,m,3100,0.093,Red,0.0007,0.5,Metal-poor,Main Sequence (Red Dwarf),images/red_dwarf.jpg,FALSE,0,"Gliese 667 System (27.1 ly away), Gliese 581 System (27.8 ly away), Barnard's Star System (28.2 ly away)"
Gliese Gl 595,34.01,-18.15,-26.44,-11.34,M5,3662,0.104,Red,0.0018,0.5,Metal-poor,Main Sequence (Red Dwarf),images/red_dwarf.jpg,FALSE,0,"Gliese 581 System (15.0 ly away), Gliese 667 System (17.0 ly away), Barnard's Star System (30.3 ly away)"
Gliese Gl 170,34.01,9.95,24.14,21.79,M4.5,3477,0.044,Red,0.0003,0.5,Metal-poor,Main Sequence (Red Dwarf),images/red_dwarf.jpg,FALSE,0,"Ross 128 System (26.8 ly away), Epsilon Eridani System (28.6 ly away), Tau Ceti System (31.5 ly away)"
Gliese GJ 1265,34.05,29.01,-14.51,-10.34,m,3477,0.052,Red,0.0004,0.5,Metal-poor,Main Sequence (Red Dwarf),images/red_dwarf.jpg,TRUE,1,"Gliese 876 System (19.2 ly away), Tau Ceti System (28.0 ly away), Barnard's Star System (32.6 ly away)"
Gliese Gl 341,34.12,-13.04,10.78,-29.64,M0V,3836,0.28,Red,0.0152,0.5,Metal-poor,Main Sequence (Red Dwarf),images/red_dwarf.jpg,FALSE,0,"Proxima Centauri System (31.0 ly away), Wolf 359 System (32.3 ly away), Epsilon Eridani System (34.0 ly away)"
Gliese GJ 3412A,34.18,-3.89,16.18,29.86,M:,3717,0.148,Red,0.0038,0.5,Metal-poor,Main Sequence (Red Dwarf),images/red_dwarf.jpg,TRUE,1,"55 Cancri System (25.0 ly away), Ross 128 System (27.2 ly away), Wolf 359 System (32.3 ly away)"
Gliese GJ 3125,34.33,8.38,4.93,32.93,m,3277,0.046,Red,0.0002,0.5,Metal-poor,Main Sequence (Red Dwarf),images/red_dwarf.jpg,FALSE,0,"Ross 128 System (32.2 ly away), Solar System (Earth/Sun) (34.3 ly away), Barnard's Star System (34.3 ly away)"
Gliese GJ 3270,34.33,14.7,30.58,5.27,dM4  e,12000,0.01,White,0.0003,1.0,Solar metallicity,White Dwarf,images/sirius.jpg,FALSE,0,"Epsilon Eridani System (24.9 ly away), Tau Ceti System (27.3 ly away), Ross 128 System (27.5 ly away)"
Gliese GJ 2036B,34.33,5.51,18.47,-28.41,G2V,3649,0.091,Yellow,0.0013,1.0,Solar metallicity,Main Sequence,images/sun.jpg,FALSE,0,"Epsilon Eridani System (28.6 ly away), Tau Ceti System (28.9 ly away), Proxima Centauri System (32.6 ly away)"
Gliese GJ 3849,34.33,-22.89,-17.36,18.79,dM9,12000,0.01,White,0.0001,1.0,Solar metallicity,White Dwarf,images/sirius.jpg,FALSE,0,"Gliese 581 System (23.8 ly away), Wolf 359 System (30.6 ly away), Barnard's Star System (30.9 ly away)"
Gliese Gl 352B,34.35,-26.62,20.18,-8.01,G2V,5700,0.07,Yellow,0.0046,1.0,Solar metallicity,Main Sequence,images/sun.jpg,FALSE,0,"Wolf 359 System (27.8 ly away), Ross 128 System (27.8 ly away), 55 Cancri System (27.8 ly away)"
Iot Per,34.38,15.12,16.36,26.19,G0V,5987,1.419,Yellow,2.3206,1.0,Solar metallicity,Main Sequence,images/sun.jpg,FALSE,0,"Ross 128 System (30.0 ly away), Epsilon Eridani System (30.4 ly away), Tau Ceti System (31.9 ly away)"
Gliese Gl 373,34.45,-13.51,8.1,30.64,M2,3889,0.346,Red,0.0246,0.5,Metal-poor,Main Sequence (Red Dwarf),images/red_dwarf.jpg,FALSE,0,"55 Cancri System (23.7 ly away), Ross 128 System (29.1 ly away), Wolf 359 System (30.9 ly away)"
Gliese Gl 488,34.48,-33.63,-7.57,-0.46,M0.5V,3936,0.426,Red,0.0391,0.5,Metal-poor,Main Sequence (Red Dwarf),images/red_dwarf.jpg,FALSE,0,"Gliese 581 System (22.2 ly away), Wolf 359 System (28.0 ly away), Proxima Centauri System (32.8 ly away)"
Gliese Gl 654,34.48,-8.13,-33.37,-3.06,M0V,3830,0.216,Red,0.009,0.5,Metal-poor,Main Sequence (Red Dwarf),images/red_dwarf.jpg,FALSE,0,"Gliese 581 System (18.6 ly away), Gliese 667 System (18.7 ly away), Barnard's Star System (29.1 ly away)"
Gliese GJ 3459,34.58,-13.46,29.29,-12.52,M2,3666,0.113,Red,0.0021,0.5,Metal-poor,Main Sequence (Red Dwarf),images/red_dwarf.jpg,FALSE,0,"Ross 128 System (27.0 ly away), Epsilon Eridani System (30.7 ly away), Wolf 359 System (30.9 ly away)"
Gliese GJ 1206,34.68,-5.48,-16.97,29.75,DA,8486,0.016,White,0.0013,1.0,Solar metallicity,White Dwarf,images/sirius.jpg,FALSE,0,"Barnard's Star System (30.9 ly away), Gliese 581 System (33.4 ly away), Wolf 359 System (34.6 ly away)"
Gliese GJ 3010,34.7,32.4,1.26,12.34,m,3100,0.068,Red,0.0004,0.5,Metal-poor,Main Sequence (Red Dwarf),images/red_dwarf.jpg,FALSE,0,"Gliese 876 System (24.9 ly away), Tau Ceti System (27.3 ly away), Epsilon Eridani System (30.6 ly away)"
Hipparcos 21000,34.82,13.24,32.04,3.22,F8+...,5968,0.101,Yellow-White,0.0116,1.0,Solar metallicity,Main Sequence,images/sun.jpg,FALSE,0,"Epsilon Eridani System (25.3 ly away), Ross 128 System (27.7 ly away), Tau Ceti System (27.9 ly away)"
Gliese GJ 1232,34.85,9.96,-31.67,10.57,k-m,3333,0.059,Orange,0.0004,1.0,Solar metallicity,Main Sequence,images/orange_dwarf.jpg,FALSE,0,"Barnard's Star System (29.2 ly away), Gliese 667 System (30.2 ly away), Gliese 581 System (31.1 ly away)"
Gliese Gl 617A,34.86,-5.87,-12.14,32.14,M0Vvar,3936,0.408,Red,0.0358,0.5,Metal-poor,Main Sequence (Red Dwarf),images/red_dwarf.jpg,FALSE,0,"Barnard's Star System (31.9 ly away), Wolf 359 System (34.3 ly away), Solar System (Earth/Sun) (34.9 ly away)"
Gliese Gl 799A,34.88,19.11,-22.4,-18.71,Mpe,3720,0.213,Red,0.0078,0.5,Metal-poor,Main Sequence (Red Dwarf),images/red_dwarf.jpg,FALSE,0,"Gliese 667 System (23.5 ly away), Gliese 876 System (24.0 ly away), Barnard's Star System (32.4 ly away)"
Gliese Gl 508A,34.92,-22.06,-8.0,25.86,K0,3841,0.455,Orange,0.0405,1.0,Solar metallicity,Main Sequence,images/orange_dwarf.jpg,FALSE,0,"Wolf 359 System (30.6 ly away), Gliese 581 System (30.9 ly away), Barnard's Star System (32.9 ly away)"
Gliese Gl 653,34.92,-8.26,-33.79,-3.08,K5V,4515,0.472,Orange,0.083,1.0,Solar metallicity,Main Sequence,images/orange_dwarf.jpg,FALSE,0,"Gliese 581 System (19.0 ly away), Gliese 667 System (19.0 ly away), Barnard's Star System (29.5 ly away)"
40Zet Her,34.95,-10.02,-28.03,18.31,F9IV,5778,2.742,Yellow-White,7.5162,1.0,Solar metallicity,Subgiant,images/sun.jpg,FALSE,0,"Gliese 581 System (24.7 ly away), Barnard's Star System (29.6 ly away), Gliese 667 System (33.5 ly away)"
Gliese GJ 9492,35.01,-10.79,-9.24,31.99,M3,3628,0.169,Red,0.0045,0.5,Metal-poor,Main Sequence (Red Dwarf),images/red_dwarf.jpg,FALSE,0,"Barnard's Star System (32.5 ly away), Wolf 359 System (33.2 ly away), Solar System (Earth/Sun) (35.0 ly away)"
Gliese Gl 145,35.03,14.9,19.94,-24.64,G2V,3705,0.124,Yellow,0.0026,1.0,Solar metallicity,Main Sequence,images/sun.jpg,FALSE,0,"Tau Ceti System (26.5 ly away), Epsilon Eridani System (27.1 ly away), Gliese 876 System (32.0 ly away)"
Gliese Gl 766A,35.03,13.88,-27.92,15.97,dM4.5 J,3490,0.072,White,0.0007,1.0,Solar metallicity,White Dwarf,images/sirius.jpg,FALSE,0,"Barnard's Star System (30.0 ly away), Gliese 876 System (30.8 ly away), Solar System (Earth/Sun) (35.0 ly away)"
Gliese Gl 766B,35.03,13.88,-27.92,15.97,G2V,5700,0.022,Yellow,0.0004,1.0,Solar metallicity,Main Sequence,images/sun.jpg,FALSE,0,"Barnard's Star System (30.0 ly away), Gliese 876 System (30.8 ly away), Solar System (Earth/Sun) (35.0 ly away)"
Gliese Gl 617B,35.04,-5.9,-12.19,32.31,M3,3794,0.169,Red,0.0053,0.5,Metal-poor,Main Sequence (Red Dwarf),images/red_dwarf.jpg,FALSE,0,"Barnard's Star System (32.0 ly away), Wolf 359 System (34.5 ly away), Solar System (Earth/Sun) (35.0 ly away)"
Gliese Gl 413.1,35.07,-31.12,6.97,-14.6,M:,3750,0.195,Red,0.0067,0.5,Metal-poor,Main Sequence (Red Dwarf),images/red_dwarf.jpg,FALSE,0,"Wolf 359 System (28.7 ly away), Gliese 581 System (31.1 ly away), Proxima Centauri System (32.7 ly away)"
Gliese GJ 1041B,35.07,30.38,17.4,2.15,m,3100,0.055,Red,0.0003,0.5,Metal-poor,Main Sequence (Red Dwarf),images/red_dwarf.jpg,FALSE,0,"Tau Ceti System (24.2 ly away), Epsilon Eridani System (26.1 ly away), Gliese 876 System (27.7 ly away)"
Gliese Gl 228B,35.16,-1.65,34.55,6.3,G2V,5700,0.033,Yellow,0.001,1.0,Solar metallicity,Main Sequence,images/sun.jpg,FALSE,0,"Ross 128 System (24.9 ly away), 55 Cancri System (27.4 ly away), Epsilon Eridani System (28.6 ly away)"
Gliese Gl 86,35.17,18.72,11.97,-27.26,K0V,5245,0.729,Orange,0.3611,1.0,Solar metallicity,Main Sequence,images/orange_dwarf.jpg,FALSE,0,"Tau Ceti System (26.4 ly away), Epsilon Eridani System (28.7 ly away), Gliese 876 System (28.9 ly away)"
8Del Tri,35.17,24.04,16.37,19.78,G0V,5940,1.025,Yellow,1.1738,1.0,Solar metallicity,Main Sequence,images/sun.jpg,FALSE,0,"Epsilon Eridani System (29.1 ly away), Tau Ceti System (29.1 ly away), Ross 128 System (32.6 ly away)"
Gliese Gl 909B,35.19,8.78,-0.29,34.08,M2,3100,0.16,Red,0.0021,0.5,Metal-poor,Main Sequence (Red Dwarf),images/red_dwarf.jpg,FALSE,0,"Barnard's Star System (34.3 ly away), Ross 128 System (34.5 ly away), Solar System (Earth/Sun) (35.2 ly away)"
Gliese Gl 635B,35.21,-10.1,-28.24,18.45,K0 V,4500,1.381,Orange,0.7021,1.0,Solar metallicity,Main Sequence,images/orange_dwarf.jpg,FALSE,0,"Gliese 581 System (24.9 ly away), Barnard's Star System (29.9 ly away), Gliese 667 System (33.7 ly away)"
Gliese Gl 660B,35.23,-7.34,-34.44,-1.14,G2V,5700,0.038,Yellow,0.0013,1.0,Solar metallicity,Main Sequence,images/sun.jpg,FALSE,0,"Gliese 581 System (20.0 ly away), Gliese 667 System (20.4 ly away), Barnard's Star System (29.7 ly away)"
Gliese Gl 553.1,35.28,-27.26,-21.11,-7.51,M4,3662,0.104,Red,0.0017,0.5,Metal-poor,Main Sequence (Red Dwarf),images/red_dwarf.jpg,FALSE,0,"Gliese 581 System (16.1 ly away), Gliese 667 System (24.7 ly away), Wolf 359 System (31.7 ly away)"
Gliese Gl 47,35.3,16.31,4.47,30.98,dM2.5e,3691,0.169,White,0.0048,1.0,Solar metallicity,White Dwarf,images/sirius.jpg,FALSE,0,"Ross 128 System (34.3 ly away), Epsilon Eridani System (34.4 ly away), Tau Ceti System (34.8 ly away)"
Gliese GJ 3928,35.45,-14.97,-24.8,20.44,m,3100,0.065,Red,0.0003,0.5,Metal-poor,Main Sequence (Red Dwarf),images/red_dwarf.jpg,FALSE,0,"Gliese 581 System (25.1 ly away), Barnard's Star System (30.7 ly away), Wolf 359 System (34.1 ly away)"
Gliese GJ 4281,35.49,31.83,-13.36,-8.24,M6.5,3012,0.026,Red,0.0001,0.5,Metal-poor,Main Sequence (Red Dwarf),images/red_dwarf.jpg,FALSE,0,"Gliese 876 System (20.3 ly away), Tau Ceti System (28.7 ly away), Barnard's Star System (34.2 ly away)"
Gliese Gl 909A,35.52,8.86,-0.29,34.4,K3V,4799,0.788,Orange,0.2951,1.0,Solar metallicity,Main Sequence,images/orange_dwarf.jpg,FALSE,0,"Barnard's Star System (34.6 ly away), Ross 128 System (34.8 ly away), Solar System (Earth/Sun) (35.5 ly away)"
Gliese Gl 740,35.58,8.86,-34.26,3.66,M2V,3880,0.323,Red,0.0213,0.5,Metal-poor,Main Sequence (Red Dwarf),images/red_dwarf.jpg,FALSE,0,"Gliese 667 System (26.1 ly away), Gliese 581 System (29.6 ly away), Barnard's Star System (29.9 ly away)"
Gliese Gl 228A,35.59,-1.67,34.97,6.37,M3,3870,0.188,Red,0.0071,0.5,Metal-poor,Main Sequence (Red Dwarf),images/red_dwarf.jpg,FALSE,0,"Ross 128 System (25.3 ly away), 55 Cancri System (27.5 ly away), Epsilon Eridani System (29.0 ly away)"
Zavijava,35.65,-35.6,1.45,1.1,F8V,6308,1.638,Yellow-White,3.8124,1.0,Solar metallicity,Main Sequence,images/sun.jpg,FALSE,0,"Wolf 359 System (28.2 ly away), Gliese 581 System (28.5 ly away), 55 Cancri System (32.4 ly away)"
Gliese GJ 1236,35.65,12.4,-33.14,4.37,m,3528,0.093,Red,0.0012,0.5,Metal-poor,Main Sequence (Red Dwarf),images/red_dwarf.jpg,FALSE,0,"Gliese 667 System (27.7 ly away), Gliese 876 System (30.1 ly away), Barnard's Star System (30.2 ly away)"
Gliese Gl 519,35.67,-26.38,-11.95,20.82,M9,3965,0.334,Red,0.0248,0.5,Metal-poor,Main Sequence (Red Dwarf),images/red_dwarf.jpg,FALSE,0,"Gliese 581 System (27.3 ly away), Wolf 359 System (30.8 ly away), Barnard's Star System (33.2 ly away)"
Gliese Gl 754.1A,35.72,12.19,-33.23,-4.77,DAw...,9328,0.014,White,0.0013,1.0,Solar metallicity,White Dwarf,images/sirius.jpg,FALSE,0,"Gliese 667 System (23.0 ly away), Gliese 876 System (29.1 ly away), Barnard's Star System (30.7 ly away)"
Gliese Gl 545,35.8,-28.91,-20.27,-5.99,M4,3663,0.067,Red,0.0007,0.5,Metal-poor,Main Sequence (Red Dwarf),images/red_dwarf.jpg,FALSE,0,"Gliese 581 System (17.0 ly away), Gliese 667 System (26.6 ly away), Wolf 359 System (31.8 ly away)"
Gliese GJ 4333,35.84,33.74,-5.7,10.65,M:,3758,0.111,Red,0.0022,0.5,Metal-poor,Main Sequence (Red Dwarf),images/red_dwarf.jpg,TRUE,3,"Gliese 876 System (24.3 ly away), Tau Ceti System (29.3 ly away), Epsilon Eridani System (33.3 ly away)"
Gliese GJ 3210,35.84,14.01,15.66,-29.04,DZ7,6300,0.01,White,0.0001,1.0,Solar metallicity,White Dwarf,images/sirius.jpg,FALSE,0,"Tau Ceti System (28.1 ly away), Epsilon Eridani System (29.4 ly away), Gliese 876 System (32.2 ly away)"
Denebola,35.88,-34.68,1.66,9.03,A3Vvar,9125,1.536,White,14.6825,1.4,Metal-rich,Main Sequence,images/sirius.jpg,FALSE,0,"55 Cancri System (28.2 ly away), Wolf 359 System (28.4 ly away), Gliese 581 System (30.0 ly away)"
Gliese Gl 688,35.88,-3.23,-35.66,2.22,K3V,4843,0.722,Orange,0.2575,1.0,Solar metallicity,Main Sequence,images/orange_dwarf.jpg,FALSE,0,"Gliese 581 System (23.0 ly away), Gliese 667 System (23.1 ly away), Barnard's Star System (30.1 ly away)"
Gliese Gl 79,35.9,29.24,15.68,-13.7,K5/M0V,3912,0.374,Orange,0.0293,1.0,Solar metallicity,Main Sequence,images/orange_dwarf.jpg,FALSE,0,"Tau Ceti System (24.1 ly away), Gliese 876 System (26.9 ly away), Epsilon Eridani System (27.0 ly away)"
Gliese Gl 706,35.96,1.18,-28.13,22.36,K2V,5062,0.71,Orange,0.297,1.0,Solar metallicity,Main Sequence,images/orange_dwarf.jpg,FALSE,0,"Barnard's Star System (30.6 ly away), Gliese 581 System (31.5 ly away), Solar System (Earth/Sun) (36.0 ly away)"
Gliese GJ 1004,35.96,22.88,1.22,27.72,DA8,6776,0.01,White,0.0002,1.0,Solar metallicity,White Dwarf,images/sirius.jpg,FALSE,0,"Gliese 876 System (33.1 ly away), Tau Ceti System (33.7 ly away), Epsilon Eridani System (34.6 ly away)"
Gliese GJ 1238,35.96,3.23,-8.37,34.82,m+,3233,0.028,Red,0.0001,0.5,Metal-poor,Main Sequence (Red Dwarf),images/red_dwarf.jpg,FALSE,0,"Barnard's Star System (33.6 ly away), Solar System (Earth/Sun) (36.0 ly away), Ross 128 System (36.9 ly away)"
Gliese GJ 1086,36.04,1.36,36.01,-0.11,DQP8,6481,0.01,White,0.0002,1.0,Solar metallicity,White Dwarf,images/sirius.jpg,FALSE,0,"Ross 128 System (26.8 ly away), Epsilon Eridani System (28.2 ly away), Tau Ceti System (32.4 ly away)"
54 Psc,36.07,33.12,5.75,13.07,K0V,5134,0.872,Orange,0.4738,1.0,Solar metallicity,Main Sequence,images/orange_dwarf.jpg,FALSE,0,"Gliese 876 System (27.2 ly away), Tau Ceti System (28.1 ly away), Epsilon Eridani System (30.8 ly away)"
Gliese GJ 2069A,36.09,-20.92,26.86,11.98,M5Ve,3333,0.129,Red,0.0019,0.5,Metal-poor,Main Sequence (Red Dwarf),images/red_dwarf.jpg,FALSE,0,"55 Cancri System (7.9 ly away), Ross 128 System (25.8 ly away), Wolf 359 System (30.3 ly away)"
Gliese Gl 505A,36.11,-32.61,-11.36,10.57,K2V,4928,0.715,Orange,0.2706,1.0,Solar metallicity,Main Sequence,images/orange_dwarf.jpg,FALSE,0,"Gliese 581 System (24.1 ly away), Wolf 359 System (30.1 ly away), Barnard's Star System (34.2 ly away)"
Gliese Gl 63,36.12,17.78,8.13,30.37,dM3,3967,0.127,White,0.0036,1.0,Solar metallicity,White Dwarf,images/sirius.jpg,FALSE,0,"Epsilon Eridani System (34.1 ly away), Ross 128 System (34.3 ly away), Tau Ceti System (34.6 ly away)"
Gliese Gl 173,36.2,12.49,33.26,-6.93,M1,3786,0.206,Red,0.0078,0.5,Metal-poor,Main Sequence (Red Dwarf),images/red_dwarf.jpg,FALSE,0,"Epsilon Eridani System (26.3 ly away), Tau Ceti System (28.6 ly away), Ross 128 System (30.1 ly away)"
Gliese GJ 1148,36.22,-26.51,2.12,24.58,M5,3789,0.102,Red,0.0019,0.5,Metal-poor,Main Sequence (Red Dwarf),images/red_dwarf.jpg,TRUE,2,"55 Cancri System (24.5 ly away), Wolf 359 System (30.4 ly away), Ross 128 System (32.3 ly away)"
Gliese GJ 2036A,36.23,5.82,19.48,-29.99,M2Ve,3677,0.183,Red,0.0055,0.5,Metal-poor,Main Sequence (Red Dwarf),images/red_dwarf.jpg,FALSE,0,"Epsilon Eridani System (30.4 ly away), Tau Ceti System (30.7 ly away), Proxima Centauri System (34.5 ly away)"
Gliese GJ 3140,36.24,29.93,19.11,7.25,dM4,12000,0.01,White,0.0009,1.0,Solar metallicity,White Dwarf,images/sirius.jpg,FALSE,0,"Tau Ceti System (26.4 ly away), Epsilon Eridani System (27.6 ly away), Gliese 876 System (30.2 ly away)"
Gliese GJ 3396,36.24,-3.76,26.88,24.01,m,3100,0.039,Red,0.0001,0.5,Metal-poor,Main Sequence (Red Dwarf),images/red_dwarf.jpg,FALSE,0,"55 Cancri System (21.1 ly away), Ross 128 System (26.7 ly away), Epsilon Eridani System (33.3 ly away)"
Gliese GJ 3592,36.24,-18.1,8.92,-30.1,DZ9,5671,0.01,White,0.0001,1.0,Solar metallicity,White Dwarf,images/sirius.jpg,FALSE,0,"Proxima Centauri System (32.9 ly away), Wolf 359 System (33.5 ly away), Gliese 667 System (35.4 ly away)"
Gliese GJ 4078,36.24,4.19,-19.05,-30.54,m,3100,0.104,Red,0.0009,0.5,Metal-poor,Main Sequence (Red Dwarf),images/red_dwarf.jpg,FALSE,0,"Gliese 667 System (19.1 ly away), Gliese 876 System (32.2 ly away), Proxima Centauri System (32.6 ly away)"
Gliese GJ 1277,36.24,17.41,-4.95,-31.41,M4,3404,0.046,Red,0.0003,0.5,Metal-poor,Main Sequence (Red Dwarf),images/red_dwarf.jpg,FALSE,0,"Gliese 876 System (27.8 ly away), Tau Ceti System (30.7 ly away), Gliese 667 System (30.8 ly away)"
13The Per,36.29,17.87,15.56,27.49,F7V,6326,1.311,Yellow-White,2.4706,1.0,Solar metallicity,Main Sequence,images/sun.jpg,FALSE,0,"Epsilon Eridani System (32.3 ly away), Ross 128 System (32.6 ly away), Tau Ceti System (33.4 ly away)"
Gliese Gl 320,36.34,-18.49,21.4,-22.81,K2V,4951,0.684,Orange,0.2523,1.0,Solar metallicity,Main Sequence,images/orange_dwarf.jpg,FALSE,0,"Ross 128 System (32.4 ly away), Wolf 359 System (32.5 ly away), Proxima Centauri System (34.4 ly away)"
Gliese Gl 370,36.39,-22.33,14.07,-25.05,K5V,4397,0.526,Orange,0.0927,1.0,Solar metallicity,Main Sequence,images/orange_dwarf.jpg,FALSE,0,"Wolf 359 System (32.3 ly away), Proxima Centauri System (33.7 ly away), Ross 128 System (34.4 ly away)"
Gliese Gl 356B,36.46,-23.9,17.42,21.33,G2V,5700,0.027,Yellow,0.0007,1.0,Solar metallicity,Main Sequence,images/sun.jpg,FALSE,0,"55 Cancri System (8.7 ly away), Ross 128 System (28.2 ly away), Wolf 359 System (30.3 ly away)"
Gliese GJ 1187,36.48,-14.31,-14.05,30.48,m,3222,0.026,Red,0.0001,0.5,Metal-poor,Main Sequence (Red Dwarf),images/red_dwarf.jpg,FALSE,0,"Gliese 581 System (33.3 ly away), Barnard's Star System (33.4 ly away), Wolf 359 System (34.4 ly away)"
Gliese GJ 3967,36.52,-12.48,-34.32,0.45,m,3516,0.052,Red,0.0004,0.5,Metal-poor,Main Sequence (Red Dwarf),images/red_dwarf.jpg,FALSE,0,"Gliese 581 System (19.2 ly away), Gliese 667 System (22.8 ly away), Barnard's Star System (31.1 ly away)"
Gliese Gl 537A,36.61,-21.74,-12.88,26.48,dM3  e,3824,0.256,White,0.0126,1.0,Solar metallicity,White Dwarf,images/sirius.jpg,FALSE,0,"Gliese 581 System (30.6 ly away), Wolf 359 System (32.9 ly away), Barnard's Star System (33.8 ly away)"
Gliese Gl 537B,36.61,-21.74,-12.88,26.48,dM3  e,12000,0.025,White,0.0115,1.0,Solar metallicity,White Dwarf,images/sirius.jpg,FALSE,0,"Gliese 581 System (30.6 ly away), Wolf 359 System (32.9 ly away), Barnard's Star System (33.8 ly away)"
Gliese Gl 754.1B,36.61,12.49,-34.07,-4.88,dM5,3608,0.101,White,0.0016,1.0,Solar metallicity,White Dwarf,images/sirius.jpg,FALSE,0,"Gliese 667 System (23.8 ly away), Gliese 876 System (29.9 ly away), Barnard's Star System (31.6 ly away)"
Gliese Gl 505B,36.62,-33.07,-11.52,10.72,M1 V,3100,0.438,Red,0.0159,0.5,Metal-poor,Main Sequence (Red Dwarf),images/red_dwarf.jpg,FALSE,0,"Gliese 581 System (24.5 ly away), Wolf 359 System (30.6 ly away), Barnard's Star System (34.7 ly away)"
Gliese Gl 107B,36.63,18.04,15.71,27.75,M1 V,3824,0.233,Red,0.0104,0.5,Metal-poor,Main Sequence (Red Dwarf),images/red_dwarf.jpg,FALSE,0,"Epsilon Eridani System (32.6 ly away), Ross 128 System (32.9 ly away), Tau Ceti System (33.7 ly away)"
Gliese GJ 4065,36.65,5.62,-35.17,8.62,M3.5,3100,0.117,Red,0.0011,0.5,Metal-poor,Main Sequence (Red Dwarf),images/red_dwarf.jpg,FALSE,0,"Gliese 667 System (28.9 ly away), Gliese 581 System (29.4 ly away), Barnard's Star System (30.8 ly away)"
Gliese Gl 208,36.66,3.68,35.76,7.2,K7,3926,0.399,Orange,0.0339,1.0,Solar metallicity,Main Sequence,images/orange_dwarf.jpg,FALSE,0,"Ross 128 System (27.1 ly away), Epsilon Eridani System (29.0 ly away), 55 Cancri System (31.9 ly away)"
Gliese Gl 2,36.7,25.58,0.58,26.3,M2,3836,0.244,Red,0.0115,0.5,Metal-poor,Main Sequence (Red Dwarf),images/red_dwarf.jpg,FALSE,0,"Gliese 876 System (32.5 ly away), Tau Ceti System (33.6 ly away), Epsilon Eridani System (34.9 ly away)"
41Gam Ser,36.7,-18.14,-30.33,9.91,F6V,6490,1.413,Yellow-White,3.1798,1.0,Solar metallicity,Main Sequence,images/sun.jpg,FALSE,0,"Gliese 581 System (20.3 ly away), Gliese 667 System (29.8 ly away), Barnard's Star System (31.6 ly away)"
Arcturus,36.72,-28.78,-19.35,12.06,K2IIIp,4234,20.02,Orange,115.558,1.4,Metal-rich,Red Giant,images/orange_dwarf.jpg,FALSE,0,"Gliese 581 System (22.0 ly away), Wolf 359 System (32.2 ly away), Barnard's Star System (33.4 ly away)"
Gliese Gl 361,36.73,-29.39,20.36,8.39,M2,3809,0.203,Red,0.0078,0.5,Metal-poor,Main Sequence (Red Dwarf),images/red_dwarf.jpg,FALSE,0,"55 Cancri System (13.1 ly away), Ross 128 System (28.4 ly away), Wolf 359 System (29.5 ly away)"
Gliese Gl 4A,36.88,25.7,0.64,26.44,K2,3934,0.522,Orange,0.0585,1.0,Solar metallicity,Main Sequence,images/orange_dwarf.jpg,FALSE,0,"Gliese 876 System (32.7 ly away), Tau Ceti System (33.8 ly away), Epsilon Eridani System (35.1 ly away)"
Gliese Gl 325A,36.9,-8.41,8.75,34.85,K5 V,3967,0.408,Orange,0.0369,1.0,Solar metallicity,Main Sequence,images/orange_dwarf.jpg,FALSE,0,"55 Cancri System (28.1 ly away), Ross 128 System (31.8 ly away), Wolf 359 System (34.6 ly away)"
Gliese Gl 325B,36.9,-8.41,8.75,34.85,K6 V,4500,0.289,Orange,0.0307,1.0,Solar metallicity,Main Sequence,images/orange_dwarf.jpg,FALSE,0,"55 Cancri System (28.1 ly away), Ross 128 System (31.8 ly away), Wolf 359 System (34.6 ly away)"
Hipparcos 48659,36.93,-28.09,16.98,-16.92,G2V,3601,0.106,Yellow,0.0017,1.0,Solar metallicity,Main Sequence,images/sun.jpg,FALSE,0,"Wolf 359 System (31.1 ly away), Ross 128 System (32.8 ly away), Proxima Centauri System (35.0 ly away)"
Hipparcos 29052,37.0,-1.12,33.31,-16.07,G2V,3649,0.112,Yellow,0.002,1.0,Solar metallicity,Main Sequence,images/sun.jpg,FALSE,0,"Epsilon Eridani System (29.8 ly away), Ross 128 System (30.5 ly away), Tau Ceti System (33.1 ly away)"
Gliese Gl 362,37.03,-10.45,7.12,34.81,M4,3812,0.141,Red,0.0038,0.5,Metal-poor,Main Sequence (Red Dwarf),images/red_dwarf.jpg,FALSE,0,"55 Cancri System (28.1 ly away), Ross 128 System (32.3 ly away), Wolf 359 System (34.4 ly away)"
Gliese GJ 3149B,37.06,26.3,17.84,-19.07,M4,3100,0.093,Red,0.0007,0.5,Metal-poor,Main Sequence (Red Dwarf),images/red_dwarf.jpg,FALSE,0,"Tau Ceti System (25.9 ly away), Epsilon Eridani System (28.2 ly away), Gliese 876 System (29.5 ly away)"
Gliese GJ 4048A,37.06,2.27,-28.8,23.21,m,3677,0.111,Red,0.002,0.5,Metal-poor,Main Sequence (Red Dwarf),images/red_dwarf.jpg,FALSE,0,"Barnard's Star System (31.8 ly away), Gliese 581 System (32.9 ly away), Solar System (Earth/Sun) (37.1 ly away)"
Gliese GJ 4049B,37.06,2.27,-28.81,23.21,m,3428,0.059,Red,0.0004,0.5,Metal-poor,Main Sequence (Red Dwarf),images/red_dwarf.jpg,FALSE,0,"Barnard's Star System (31.8 ly away), Gliese 581 System (32.9 ly away), Solar System (Earth/Sun) (37.1 ly away)"
11 LMi,37.08,-24.3,17.71,21.7,G8IV-V,5373,1.021,Yellow,0.7791,1.0,Solar metallicity,Subgiant,images/sun.jpg,FALSE,0,"55 Cancri System (8.5 ly away), Ross 128 System (28.8 ly away), Wolf 359 System (30.9 ly away)"
Gliese Gl 169,37.16,13.33,31.79,13.87,K7V,4012,0.482,Orange,0.0541,1.0,Solar metallicity,Main Sequence,images/orange_dwarf.jpg,FALSE,0,"Epsilon Eridani System (29.1 ly away), Ross 128 System (29.5 ly away), Tau Ceti System (31.9 ly away)"
Muphrid,37.17,-30.94,-16.92,11.73,G0IV,6047,2.827,Yellow,9.5852,1.0,Solar metallicity,Subgiant,images/sun.jpg,FALSE,0,"Gliese 581 System (23.1 ly away), Wolf 359 System (32.1 ly away), Barnard's Star System (34.3 ly away)"
Gliese Gl 70,37.22,33.41,16.17,2.8,M2V:,3756,0.164,Red,0.0048,0.5,Metal-poor,Main Sequence (Red Dwarf),images/red_dwarf.jpg,FALSE,0,"Tau Ceti System (26.4 ly away), Epsilon Eridani System (28.7 ly away), Gliese 876 System (28.8 ly away)"
Gliese GJ 9520,37.22,-22.12,-26.8,13.32,M9,3069,0.279,Red,0.0062,0.5,Metal-poor,Main Sequence (Red Dwarf),images/red_dwarf.jpg,FALSE,0,"Gliese 581 System (21.7 ly away), Barnard's Star System (32.7 ly away), Gliese 667 System (33.5 ly away)"
Gliese Gl 902,37.25,11.02,-0.98,-35.57,K3V,4769,0.597,Orange,0.1657,1.0,Solar metallicity,Main Sequence,images/orange_dwarf.jpg,FALSE,0,"Gliese 667 System (31.8 ly away), Gliese 876 System (32.1 ly away), Tau Ceti System (32.9 ly away)"
Gliese GJ 4070,37.33,5.78,-31.19,19.69,M4,3678,0.147,Red,0.0035,0.5,Metal-poor,Main Sequence (Red Dwarf),images/red_dwarf.jpg,FALSE,0,"Barnard's Star System (31.8 ly away), Gliese 581 System (33.2 ly away), Gliese 667 System (36.3 ly away)"
Gliese Gl 277.1,37.42,-6.82,15.6,33.33,M0,4886,0.125,Red,0.0079,0.5,Metal-poor,Main Sequence (Red Dwarf),images/red_dwarf.jpg,FALSE,0,"55 Cancri System (24.7 ly away), Ross 128 System (30.6 ly away), Wolf 359 System (35.1 ly away)"
Gliese GJ 4122,37.49,14.11,-28.35,20.08,G2V,5700,0.083,Yellow,0.0066,1.0,Solar metallicity,Main Sequence,images/sun.jpg,FALSE,0,"Barnard's Star System (32.5 ly away), Gliese 876 System (33.9 ly away), Solar System (Earth/Sun) (37.5 ly away)"
Gliese GJ 3500,37.49,-15.89,21.22,-26.5,M3,3100,0.159,Red,0.0021,0.5,Metal-poor,Main Sequence (Red Dwarf),images/red_dwarf.jpg,FALSE,0,"Ross 128 System (34.3 ly away), Wolf 359 System (34.5 ly away), Proxima Centauri System (35.3 ly away)"
Gliese Gl 317,37.49,-22.21,26.24,-14.92,m,3764,0.102,Red,0.0019,0.5,Metal-poor,Main Sequence (Red Dwarf),images/red_dwarf.jpg,FALSE,0,"Ross 128 System (30.9 ly away), Wolf 359 System (32.4 ly away), 55 Cancri System (34.1 ly away)"
Gliese GJ 3550,37.49,-8.38,6.95,35.87,m,3277,0.033,Red,0.0001,0.5,Metal-poor,Main Sequence (Red Dwarf),images/red_dwarf.jpg,FALSE,0,"55 Cancri System (29.8 ly away), Ross 128 System (33.0 ly away), Wolf 359 System (35.3 ly away)"
Gliese GJ 3966,37.49,-11.07,-28.64,21.51,m,3100,0.096,Red,0.0008,0.5,Metal-poor,Main Sequence (Red Dwarf),images/red_dwarf.jpg,FALSE,0,"Gliese 581 System (27.7 ly away), Barnard's Star System (32.3 ly away), Gliese 667 System (36.9 ly away)"
Gliese Gl 567,37.54,-25.79,-24.34,12.32,K2V,5160,0.85,Orange,0.4592,1.0,Solar metallicity,Main Sequence,images/orange_dwarf.jpg,FALSE,0,"Gliese 581 System (21.7 ly away), Barnard's Star System (33.5 ly away), Wolf 359 System (34.1 ly away)"
Gliese Gl 275.2A,37.71,-9.69,23.19,28.11,sdM5,3503,0.057,Yellow,0.0004,0.5,Metal-poor,Subdwarf,images/sun.jpg,FALSE,0,"55 Cancri System (17.3 ly away), Ross 128 System (28.7 ly away), Wolf 359 System (34.4 ly away)"
Gliese Gl 275.2B,37.71,-9.7,23.2,28.1,DC,4767,0.019,White,0.0002,1.0,Solar metallicity,White Dwarf,images/sirius.jpg,FALSE,0,"55 Cancri System (17.3 ly away), Ross 128 System (28.7 ly away), Wolf 359 System (34.4 ly away)"
Gliese Gl 12,37.79,36.65,2.53,8.86,dM3.5,3568,0.086,White,0.0011,1.0,Solar metallicity,White Dwarf,images/sirius.jpg,FALSE,0,"Gliese 876 System (26.6 ly away), Tau Ceti System (29.1 ly away), Epsilon Eridani System (32.8 ly away)"
Gliese Gl 669A,37.81,-5.89,-33.32,16.87,M4,3611,0.155,Red,0.0037,0.5,Metal-poor,Main Sequence (Red Dwarf),images/red_dwarf.jpg,FALSE,0,"Gliese 581 System (27.5 ly away), Barnard's Star System (32.1 ly away), Gliese 667 System (33.6 ly away)"
Gliese Gl 103,37.85,21.35,17.04,-26.19,K7V comp SB,3967,0.383,Orange,0.0326,1.0,Solar metallicity,Main Sequence,images/orange_dwarf.jpg,FALSE,0,"Tau Ceti System (28.1 ly away), Epsilon Eridani System (30.1 ly away), Gliese 876 System (31.7 ly away)"
Gliese Gl 772,37.88,18.44,-33.1,-0.69,DA6,7591,0.011,White,0.0004,1.0,Solar metallicity,White Dwarf,images/sirius.jpg,FALSE,0,"Gliese 667 System (29.1 ly away), Gliese 876 System (29.3 ly away), Barnard's Star System (33.1 ly away)"
Gliese Gl 851,37.89,31.99,-16.39,11.98,M2,3847,0.218,Red,0.0093,0.5,Metal-poor,Main Sequence (Red Dwarf),images/red_dwarf.jpg,FALSE,0,"Gliese 876 System (26.7 ly away), Tau Ceti System (34.1 ly away), Barnard's Star System (35.4 ly away)"
Gliese GJ 3039,37.93,37.22,5.33,4.94,m,3100,0.109,Red,0.001,0.5,Metal-poor,Main Sequence (Red Dwarf),images/red_dwarf.jpg,FALSE,0,"Gliese 876 System (26.4 ly away), Tau Ceti System (28.2 ly away), Epsilon Eridani System (31.9 ly away)"
Gliese GJ 3442,37.93,-13.48,33.28,-12.22,k-m,4500,0.033,Orange,0.0004,1.0,Solar metallicity,Main Sequence,images/orange_dwarf.jpg,FALSE,0,"Ross 128 System (29.9 ly away), Epsilon Eridani System (33.5 ly away), 55 Cancri System (33.9 ly away)"
Gliese Gl 540.2,37.93,-31.01,-20.35,-7.9,dM5.5e,3749,0.044,White,0.0003,1.0,Solar metallicity,White Dwarf,images/sirius.jpg,FALSE,0,"Gliese 581 System (19.4 ly away), Gliese 667 System (28.2 ly away), Wolf 359 System (33.7 ly away)"
Gliese GJ 3873,37.93,-22.34,-21.28,22.05,M3.5,3100,0.13,Red,0.0014,0.5,Metal-poor,Main Sequence (Red Dwarf),images/red_dwarf.jpg,FALSE,0,"Gliese 581 System (27.1 ly away), Barnard's Star System (34.0 ly away), Wolf 359 System (34.8 ly away)"
Gliese Gl 118,37.98,12.3,11.51,-34.05,M,3721,0.14,Red,0.0034,0.5,Metal-poor,Main Sequence (Red Dwarf),images/red_dwarf.jpg,FALSE,0,"Tau Ceti System (31.5 ly away), Epsilon Eridani System (33.1 ly away), Gliese 876 System (34.2 ly away)"
Zet Dor,37.98,4.81,19.85,-32.02,F7V,6273,1.054,Yellow-White,1.5431,1.0,Solar metallicity,Main Sequence,images/sun.jpg,FALSE,0,"Epsilon Eridani System (32.5 ly away), Tau Ceti System (32.8 ly away), Proxima Centauri System (36.1 ly away)"
Gliese GJ 1075,38.03,4.78,19.83,-32.09,K7V,3973,0.368,Orange,0.0303,1.0,Solar metallicity,Main Sequence,images/orange_dwarf.jpg,FALSE,0,"Epsilon Eridani System (32.5 ly away), Tau Ceti System (32.9 ly away), Proxima Centauri System (36.2 ly away)"
Hipparcos 69454,38.09,-17.46,-11.47,-31.85,M2V:,3794,0.231,Red,0.0099,0.5,Metal-poor,Main Sequence (Red Dwarf),images/red_dwarf.jpg,FALSE,0,"Gliese 667 System (24.5 ly away), Gliese 581 System (29.7 ly away), Proxima Centauri System (33.9 ly away)"
Gliese GJ 1234,38.1,10.04,-27.98,23.83,DC7,6674,0.01,White,0.0002,1.0,Solar metallicity,White Dwarf,images/sirius.jpg,FALSE,0,"Barnard's Star System (33.1 ly away), Gliese 876 System (36.6 ly away), Gliese 581 System (37.3 ly away)"
Porrima,38.11,-37.47,-6.89,-0.96,F0V+...,7055,2.071,Yellow-White,9.5324,1.0,Solar metallicity,Main Sequence,images/sun.jpg,FALSE,0,"Gliese 581 System (26.0 ly away), Wolf 359 System (31.4 ly away), Proxima Centauri System (36.4 ly away)"
Gliese Gl 494,38.13,-35.94,-9.76,8.17,M2,3873,0.271,Red,0.0148,0.5,Metal-poor,Main Sequence (Red Dwarf),images/red_dwarf.jpg,TRUE,1,"Gliese 581 System (26.0 ly away), Wolf 359 System (31.7 ly away), Barnard's Star System (36.7 ly away)"
24Iot Peg,38.25,30.45,-16.36,16.37,F5V,6699,1.435,Yellow-White,3.7188,1.0,Solar metallicity,Main Sequence,images/sun.jpg,FALSE,0,"Gliese 876 System (28.6 ly away), Tau Ceti System (35.3 ly away), Barnard's Star System (35.6 ly away)"
Gliese Gl 4B,38.33,26.71,0.66,27.48,M0.5 V,3870,0.384,Red,0.0296,0.5,Metal-poor,Main Sequence (Red Dwarf),images/red_dwarf.jpg,FALSE,0,"Gliese 876 System (34.0 ly away), Tau Ceti System (35.1 ly away), Epsilon Eridani System (36.5 ly away)"
Gliese Gl 585,38.33,-23.03,-28.41,11.51,M4,3416,0.058,Red,0.0004,0.5,Metal-poor,Main Sequence (Red Dwarf),images/red_dwarf.jpg,FALSE,0,"Gliese 581 System (21.8 ly away), Gliese 667 System (33.1 ly away), Barnard's Star System (33.7 ly away)"
Gliese Gl 410,38.39,-34.5,8.82,14.36,K,3891,0.295,Orange,0.0179,1.0,Solar metallicity,Main Sequence,images/orange_dwarf.jpg,TRUE,1,"55 Cancri System (20.4 ly away), Wolf 359 System (30.9 ly away), Ross 128 System (33.0 ly away)"
Gliese Gl 735,38.4,9.1,-36.88,5.61,M2Ve,3736,0.251,Red,0.011,0.5,Metal-poor,Main Sequence (Red Dwarf),images/red_dwarf.jpg,FALSE,0,"Gliese 667 System (29.1 ly away), Gliese 581 System (31.9 ly away), Barnard's Star System (32.7 ly away)"
Gliese Gl 572,38.47,-19.01,-19.17,27.4,M0,3907,0.356,Red,0.0265,0.5,Metal-poor,Main Sequence (Red Dwarf),images/red_dwarf.jpg,FALSE,0,"Gliese 581 System (31.0 ly away), Barnard's Star System (34.8 ly away), Wolf 359 System (35.9 ly away)"
Gliese Gl 542,38.48,-16.1,-11.18,-33.11,K3V,4702,0.774,Orange,0.2628,1.0,Solar metallicity,Main Sequence,images/orange_dwarf.jpg,FALSE,0,"Gliese 667 System (24.8 ly away), Gliese 581 System (30.8 ly away), Proxima Centauri System (34.3 ly away)"
29Gam Vir,38.58,-37.93,-6.97,-0.98,F0 V,6500,1.725,Yellow-White,4.7643,1.0,Solar metallicity,Main Sequence,images/sun.jpg,FALSE,0,"Gliese 581 System (26.4 ly away), Wolf 359 System (31.9 ly away), Proxima Centauri System (36.9 ly away)"
Gliese GJ 3266,38.6,7.46,14.69,34.91,m,3528,0.054,Red,0.0004,0.5,Metal-poor,Main Sequence (Red Dwarf),images/red_dwarf.jpg,FALSE,0,"Ross 128 System (33.6 ly away), 55 Cancri System (37.1 ly away), Epsilon Eridani System (37.2 ly away)"
Gliese GJ 3060A,38.63,34.22,7.67,16.22,G2V,5700,0.045,Yellow,0.0019,1.0,Solar metallicity,Main Sequence,images/sun.jpg,FALSE,0,"Gliese 876 System (30.7 ly away), Tau Ceti System (31.0 ly away), Epsilon Eridani System (33.3 ly away)"
Deneb Algedi,38.7,31.1,-20.38,-10.75,A5mF2 (IV),8321,1.437,White,8.8879,1.0,Solar metallicity,Subgiant,images/sirius.jpg,FALSE,0,"Gliese 876 System (24.4 ly away), Tau Ceti System (33.7 ly away), Gliese 667 System (34.6 ly away)"
Gliese Gl 277A,38.71,-12.2,28.75,22.87,M3.5Ve,3888,0.193,Red,0.0076,0.5,Metal-poor,Main Sequence (Red Dwarf),images/red_dwarf.jpg,FALSE,0,"55 Cancri System (12.9 ly away), Ross 128 System (28.5 ly away), Wolf 359 System (34.8 ly away)"
Gliese Gl 414A,38.72,-32.62,7.07,19.62,K8V,4204,0.456,Orange,0.0582,1.0,Solar metallicity,Main Sequence,images/orange_dwarf.jpg,FALSE,0,"55 Cancri System (20.6 ly away), Wolf 359 System (31.7 ly away), Ross 128 System (33.5 ly away)"
Gliese GJ 1055,38.74,25.89,28.01,6.74,m,3490,0.033,Red,0.0001,0.5,Metal-poor,Main Sequence (Red Dwarf),images/red_dwarf.jpg,FALSE,0,"Epsilon Eridani System (29.1 ly away), Tau Ceti System (29.5 ly away), Ross 128 System (34.6 ly away)"
Gliese GJ 3954,38.83,-14.66,-34.03,-11.61,m,3100,0.053,Red,0.0002,0.5,Metal-poor,Main Sequence (Red Dwarf),images/red_dwarf.jpg,FALSE,0,"Gliese 667 System (19.4 ly away), Gliese 581 System (20.7 ly away), Barnard's Star System (34.4 ly away)"
Gliese GJ 9780,38.83,23.85,-10.48,-28.8,M3.5,3100,0.122,Red,0.0012,0.5,Metal-poor,Main Sequence (Red Dwarf),images/red_dwarf.jpg,FALSE,0,"Gliese 876 System (27.5 ly away), Gliese 667 System (32.4 ly away), Tau Ceti System (32.8 ly away)"
Gliese GJ 1243,38.87,12.48,-23.68,28.19,m,3594,0.078,Red,0.0009,0.5,Metal-poor,Main Sequence (Red Dwarf),images/red_dwarf.jpg,FALSE,0,"Barnard's Star System (34.6 ly away), Gliese 876 System (37.4 ly away), Solar System (Earth/Sun) (38.9 ly away)"
Gliese Gl 414B,38.9,-32.77,7.11,19.71,M2 V,3764,0.265,Red,0.0126,0.5,Metal-poor,Main Sequence (Red Dwarf),images/red_dwarf.jpg,FALSE,0,"55 Cancri System (20.6 ly away), Wolf 359 System (31.9 ly away), Ross 128 System (33.7 ly away)"
Gliese Gl 96,38.94,21.25,15.19,28.89,M2,3845,0.332,Red,0.0216,0.5,Metal-poor,Main Sequence (Red Dwarf),images/red_dwarf.jpg,FALSE,0,"Epsilon Eridani System (34.8 ly away), Tau Ceti System (35.5 ly away), Ross 128 System (35.8 ly away)"
Gliese Gl 403,38.97,-36.16,11.04,9.43,dM3,3581,0.085,White,0.0011,1.0,Solar metallicity,White Dwarf,images/sirius.jpg,FALSE,0,"55 Cancri System (21.3 ly away), Wolf 359 System (31.2 ly away), Ross 128 System (33.3 ly away)"
Gliese GJ 1223,39.06,0.37,-30.98,23.79,m,3428,0.034,Red,0.0001,0.5,Metal-poor,Main Sequence (Red Dwarf),images/red_dwarf.jpg,FALSE,0,"Gliese 581 System (33.5 ly away), Barnard's Star System (33.7 ly away), Solar System (Earth/Sun) (39.1 ly away)"
Gliese Gl 277B,39.08,-12.31,29.02,23.1,M4,3695,0.118,Red,0.0023,0.5,Metal-poor,Main Sequence (Red Dwarf),images/red_dwarf.jpg,FALSE,0,"55 Cancri System (13.0 ly away), Ross 128 System (28.8 ly away), Wolf 359 System (35.2 ly away)"
Gliese Gl 842,39.09,17.04,-9.88,-33.77,M2,3825,0.288,Red,0.0159,0.5,Metal-poor,Main Sequence (Red Dwarf),images/red_dwarf.jpg,FALSE,0,"Gliese 667 System (30.3 ly away), Gliese 876 System (30.7 ly away), Tau Ceti System (34.6 ly away)"
Gliese GJ 1179A,39.11,-31.91,-16.3,15.66,dM4  :,3211,0.031,White,0.0001,1.0,Solar metallicity,White Dwarf,images/sirius.jpg,FALSE,0,"Gliese 581 System (26.4 ly away), Wolf 359 System (34.0 ly away), Barnard's Star System (36.4 ly away)"
Gliese GJ 1179B,39.11,-31.93,-16.28,15.64,DC9,4515,0.014,White,0.0001,1.0,Solar metallicity,White Dwarf,images/sirius.jpg,FALSE,0,"Gliese 581 System (26.4 ly away), Wolf 359 System (34.0 ly away), Barnard's Star System (36.4 ly away)"
Hipparcos 50636,39.14,-32.53,15.08,-15.7,K1III,5678,0.086,Orange,0.0069,1.0,Solar metallicity,Red Giant,images/orange_dwarf.jpg,FALSE,0,"Wolf 359 System (32.8 ly away), Ross 128 System (35.2 ly away), Proxima Centauri System (37.2 ly away)"
Gliese GJ 3992,39.15,-6.43,-29.98,24.34,G2V,5700,0.057,Yellow,0.003,1.0,Solar metallicity,Main Sequence,images/sun.jpg,FALSE,0,"Gliese 581 System (31.4 ly away), Barnard's Star System (33.9 ly away), Solar System (Earth/Sun) (39.1 ly away)"
Gliese GJ 1140,39.15,-37.39,10.44,-5.13,DA6,7337,0.01,White,0.0002,1.0,Solar metallicity,White Dwarf,images/sirius.jpg,FALSE,0,"55 Cancri System (31.6 ly away), Wolf 359 System (31.7 ly away), Ross 128 System (35.0 ly away)"
Zet1Ret,39.16,11.73,13.7,-34.76,G2V,5812,0.868,Yellow,0.7705,1.0,Solar metallicity,Main Sequence,images/sun.jpg,FALSE,0,"Tau Ceti System (32.7 ly away), Epsilon Eridani System (33.9 ly away), Gliese 876 System (35.9 ly away)"
Hipparcos 115064,39.2,34.94,-6.42,-16.56,G2V,5700,0.056,Yellow,0.003,1.0,Solar metallicity,Main Sequence,images/sun.jpg,FALSE,0,"Gliese 876 System (24.5 ly away), Tau Ceti System (30.3 ly away), Epsilon Eridani System (35.5 ly away)"
Zet2Ret,39.24,11.75,13.79,-34.81,G1V,5968,0.943,Yellow,1.0111,1.0,Solar metallicity,Main Sequence,images/sun.jpg,FALSE,0,"Tau Ceti System (32.8 ly away), Epsilon Eridani System (34.0 ly away), Gliese 876 System (36.0 ly away)"
Gliese Gl 268.3,39.25,-11.42,33.01,17.91,G2V,3764,0.181,Yellow,0.0059,1.0,Solar metallicity,Main Sequence,images/sun.jpg,FALSE,0,"55 Cancri System (14.7 ly away), Ross 128 System (28.4 ly away), Wolf 359 System (35.5 ly away)"
Gliese Gl 669B,39.29,-6.12,-34.62,17.53,dM5  e,3594,0.074,White,0.0008,1.0,Solar metallicity,White Dwarf,images/sirius.jpg,FALSE,0,"Gliese 581 System (28.8 ly away), Barnard's Star System (33.6 ly away), Gliese 667 System (34.8 ly away)"
Gliese GJ 3331A,39.3,8.4,35.56,-14.45,M2,3764,0.232,Red,0.0097,0.5,Metal-poor,Main Sequence (Red Dwarf),images/red_dwarf.jpg,FALSE,0,"Epsilon Eridani System (30.2 ly away), Tau Ceti System (32.6 ly away), Ross 128 System (33.4 ly away)"
Gliese GJ 3332B,39.3,8.4,35.56,-14.45,M3:,3779,0.122,Red,0.0027,0.5,Metal-poor,Main Sequence (Red Dwarf),images/red_dwarf.jpg,FALSE,0,"Epsilon Eridani System (30.2 ly away), Tau Ceti System (32.6 ly away), Ross 128 System (33.4 ly away)"
Gliese GJ 2092,39.3,-15.75,-1.84,-35.97,DA/F,6880,0.013,White,0.0003,1.0,Solar metallicity,White Dwarf,images/sirius.jpg,FALSE,0,"Gliese 667 System (30.9 ly away), Proxima Centauri System (35.3 ly away), Gliese 581 System (36.0 ly away)"
Gliese GJ 3727A,39.3,-38.31,-4.85,-7.27,M2,3779,0.169,Red,0.0052,0.5,Metal-poor,Main Sequence (Red Dwarf),images/red_dwarf.jpg,FALSE,0,"Gliese 581 System (27.8 ly away), Wolf 359 System (32.7 ly away), Proxima Centauri System (37.1 ly away)"
Gliese GJ 3728B,39.3,-38.31,-4.85,-7.27,g,5700,0.073,Yellow,0.005,1.0,Solar metallicity,Main Sequence,images/sun.jpg,FALSE,0,"Gliese 581 System (27.8 ly away), Wolf 359 System (32.7 ly away), Proxima Centauri System (37.1 ly away)"
Gliese GJ 1053,39.34,7.39,8.14,37.78,sdM6,3404,0.038,Yellow,0.0002,0.5,Metal-poor,Subdwarf,images/sun.jpg,FALSE,0,"Ross 128 System (36.1 ly away), Solar System (Earth/Sun) (39.3 ly away), Epsilon Eridani System (39.5 ly away)"
Gliese Gl 180,39.52,10.72,36.08,-12.06,M3,3724,0.18,Red,0.0056,0.5,Metal-poor,Main Sequence (Red Dwarf),images/red_dwarf.jpg,FALSE,0,"Epsilon Eridani System (30.0 ly away), Tau Ceti System (32.3 ly away), Ross 128 System (33.5 ly away)"
Zet TrA,39.52,-5.23,-12.4,-37.16,F9V,6150,1.045,Yellow-White,1.4022,1.0,Solar metallicity,Main Sequence,images/sun.jpg,FALSE,0,"Gliese 667 System (24.9 ly away), Proxima Centauri System (35.4 ly away), Gliese 581 System (35.4 ly away)"
27Lam Ser,39.54,-21.58,-32.74,5.06,G0Vvar,5952,1.393,Yellow,2.1837,1.0,Solar metallicity,Main Sequence,images/sun.jpg,FALSE,0,"Gliese 581 System (20.9 ly away), Gliese 667 System (29.5 ly away), Barnard's Star System (34.6 ly away)"
Gliese Gl 798,39.63,15.62,-18.24,-31.52,K7V,4079,0.39,Orange,0.0378,1.0,Solar metallicity,Main Sequence,images/orange_dwarf.jpg,FALSE,0,"Gliese 667 System (26.5 ly away), Gliese 876 System (31.1 ly away), Proxima Centauri System (36.7 ly away)"
Gliese Gl 359,39.68,-30.23,20.96,14.88,M4,3416,0.046,Red,0.0003,0.5,Metal-poor,Main Sequence (Red Dwarf),images/red_dwarf.jpg,FALSE,0,"55 Cancri System (8.8 ly away), Ross 128 System (31.2 ly away), Wolf 359 System (32.7 ly away)"
85 Peg,39.69,35.34,0.33,18.07,G3V,5636,0.826,Yellow,0.6172,1.0,Solar metallicity,Main Sequence,images/sun.jpg,FALSE,0,"Gliese 876 System (30.7 ly away), Tau Ceti System (33.2 ly away), Epsilon Eridani System (36.1 ly away)"
Gliese Gl 821,39.69,28.39,-26.18,-9.13,M3,3809,0.175,Red,0.0058,0.5,Metal-poor,Main Sequence (Red Dwarf),images/red_dwarf.jpg,FALSE,0,"Gliese 876 System (26.7 ly away), Gliese 667 System (32.9 ly away), Tau Ceti System (36.5 ly away)"
Hipparcos 7765,39.78,34.79,16.21,10.47,K0,4500,0.345,Orange,0.0437,1.0,Solar metallicity,Main Sequence,images/orange_dwarf.jpg,FALSE,0,"Tau Ceti System (30.2 ly away), Epsilon Eridani System (32.1 ly away), Gliese 876 System (32.3 ly away)"
Gliese GJ 3518,39.78,-25.19,26.24,-16.1,m,3100,0.063,Red,0.0003,0.5,Metal-poor,Main Sequence (Red Dwarf),images/red_dwarf.jpg,FALSE,0,"Ross 128 System (33.5 ly away), Wolf 359 System (34.5 ly away), 55 Cancri System (35.2 ly away)"
Gliese GJ 3533,39.78,-26.84,25.24,-14.99,k-m,4500,0.026,Orange,0.0002,1.0,Solar metallicity,Main Sequence,images/orange_dwarf.jpg,FALSE,0,"Ross 128 System (33.5 ly away), Wolf 359 System (34.1 ly away), 55 Cancri System (34.2 ly away)"
Gliese GJ 3647,39.78,-32.43,6.91,21.97,dM4,12000,0.01,White,0.0014,1.0,Solar metallicity,White Dwarf,images/sirius.jpg,FALSE,0,"55 Cancri System (20.8 ly away), Wolf 359 System (33.0 ly away), Ross 128 System (34.6 ly away)"
Gliese GJ 3800,39.78,-34.5,-16.48,-10.97,m,3100,0.079,Red,0.0005,0.5,Metal-poor,Main Sequence (Red Dwarf),images/red_dwarf.jpg,FALSE,0,"Gliese 581 System (23.1 ly away), Gliese 667 System (31.3 ly away), Wolf 359 System (34.9 ly away)"
Gliese Gl 309,39.82,-21.0,26.68,-20.81,K0V,5342,0.706,Orange,0.3641,1.0,Solar metallicity,Main Sequence,images/orange_dwarf.jpg,FALSE,0,"Ross 128 System (34.3 ly away), Wolf 359 System (35.5 ly away), Epsilon Eridani System (38.0 ly away)"
Gliese GJ 1288,39.82,34.1,-2.55,20.4,m,3428,0.043,Red,0.0002,0.5,Metal-poor,Main Sequence (Red Dwarf),images/red_dwarf.jpg,FALSE,0,"Gliese 876 System (31.4 ly away), Tau Ceti System (34.4 ly away), Epsilon Eridani System (37.2 ly away)"
Gliese GJ 1263,39.87,33.32,-21.91,-0.12,M3.5,3635,0.085,Red,0.0011,0.5,Metal-poor,Main Sequence (Red Dwarf),images/red_dwarf.jpg,FALSE,0,"Gliese 876 System (26.3 ly away), Tau Ceti System (35.6 ly away), Barnard's Star System (37.2 ly away)"
Gliese Gl 82,39.95,18.09,10.38,34.07,M4Ve,3734,0.099,Red,0.0017,0.5,Metal-poor,Main Sequence (Red Dwarf),images/red_dwarf.jpg,FALSE,0,"Ross 128 System (37.4 ly away), Epsilon Eridani System (37.8 ly away), Tau Ceti System (38.5 ly away)"
Gliese Gl 590,39.97,-18.47,-25.56,-24.55,M4,3649,0.079,Red,0.001,0.5,Metal-poor,Main Sequence (Red Dwarf),images/red_dwarf.jpg,FALSE,0,"Gliese 667 System (20.4 ly away), Gliese 581 System (24.7 ly away), Proxima Centauri System (36.1 ly away)"
Gliese Gl 211,40.04,1.94,23.75,32.18,K1V,5163,0.822,Orange,0.4309,1.0,Solar metallicity,Main Sequence,images/orange_dwarf.jpg,FALSE,0,"55 Cancri System (29.3 ly away), Ross 128 System (32.3 ly away), Epsilon Eridani System (37.5 ly away)"
Gliese Gl 737A,40.07,5.56,-21.71,-33.21,M2V,3897,0.426,Red,0.0376,0.5,Metal-poor,Main Sequence (Red Dwarf),images/red_dwarf.jpg,FALSE,0,"Gliese 667 System (22.3 ly away), Gliese 876 System (35.3 ly away), Gliese 581 System (36.2 ly away)"
Gliese Gl 64,40.07,36.32,16.55,-3.49,DA7,7158,0.02,White,0.001,1.0,Solar metallicity,White Dwarf,images/sirius.jpg,FALSE,0,"Tau Ceti System (28.5 ly away), Gliese 876 System (30.4 ly away), Epsilon Eridani System (31.3 ly away)"
Gliese Gl 179,40.08,11.63,38.09,4.52,M4,3663,0.117,Red,0.0022,0.5,Metal-poor,Main Sequence (Red Dwarf),images/red_dwarf.jpg,FALSE,0,"Epsilon Eridani System (30.9 ly away), Ross 128 System (32.0 ly away), Tau Ceti System (34.0 ly away)"
Gliese GJ 1097,40.08,-15.11,37.05,-2.31,G2V,3815,0.134,Yellow,0.0034,1.0,Solar metallicity,Main Sequence,images/sun.jpg,FALSE,0,"55 Cancri System (25.8 ly away), Ross 128 System (30.1 ly away), Epsilon Eridani System (35.8 ly away)"
Gliese Gl 360,40.08,-11.3,7.72,37.67,M3,3850,0.2,Red,0.0079,0.5,Metal-poor,Main Sequence (Red Dwarf),images/red_dwarf.jpg,FALSE,0,"55 Cancri System (29.0 ly away), Ross 128 System (35.2 ly away), Wolf 359 System (37.3 ly away)"
Gliese Gl 192,40.09,7.74,36.95,13.49,M5,3720,0.19,Red,0.0062,0.5,Metal-poor,Main Sequence (Red Dwarf),images/red_dwarf.jpg,FALSE,0,"Ross 128 System (30.9 ly away), Epsilon Eridani System (32.5 ly away), 55 Cancri System (34.3 ly away)"
Gliese Gl 806,40.18,18.9,-21.54,28.16,M3,3807,0.184,Red,0.0064,0.5,Metal-poor,Main Sequence (Red Dwarf),images/red_dwarf.jpg,FALSE,0,"Barnard's Star System (36.4 ly away), Gliese 876 System (36.6 ly away), Solar System (Earth/Sun) (40.2 ly away)"
Gliese Gl 381,40.23,-35.81,18.23,-1.88,M0,3697,0.209,Red,0.0073,0.5,Metal-poor,Main Sequence (Red Dwarf),images/red_dwarf.jpg,FALSE,0,"55 Cancri System (25.1 ly away), Wolf 359 System (32.7 ly away), Ross 128 System (33.9 ly away)"
Copernicus,40.25,-24.23,25.85,19.1,G8V,5081,0.957,Yellow,0.548,1.0,Solar metallicity,Main Sequence,images/sun.jpg,TRUE,5,"55 Cancri System (Home Star), Ross 128 System (30.5 ly away), Wolf 359 System (34.3 ly away)"
Gliese Gl 390,40.27,-36.28,15.93,-7.15,M0,3856,0.241,Red,0.0116,0.5,Metal-poor,Main Sequence (Red Dwarf),images/red_dwarf.jpg,FALSE,0,"55 Cancri System (30.5 ly away), Wolf 359 System (33.0 ly away), Ross 128 System (35.0 ly away)"
Gliese GJ 3052,40.27,39.01,7.64,6.39,m,3100,0.07,Red,0.0004,0.5,Metal-poor,Main Sequence (Red Dwarf),images/red_dwarf.jpg,FALSE,0,"Gliese 876 System (29.3 ly away), Tau Ceti System (30.4 ly away), Epsilon Eridani System (33.8 ly away)"
Gliese GJ 3263,40.27,17.3,32.31,-16.69,M3.5,3100,0.133,Red,0.0015,0.5,Metal-poor,Main Sequence (Red Dwarf),images/red_dwarf.jpg,FALSE,0,"Epsilon Eridani System (30.4 ly away), Tau Ceti System (31.2 ly away), Ross 128 System (36.5 ly away)"
Gliese GJ 3285,40.27,15.71,36.09,8.51,DC8,12000,0.01,White,0.0001,1.0,Solar metallicity,White Dwarf,images/sirius.jpg,TRUE,2,"Epsilon Eridani System (31.1 ly away), Ross 128 System (32.8 ly away), Tau Ceti System (33.7 ly away)"
Gliese GJ 3333,40.27,8.65,37.31,12.43,k,3568,0.133,Orange,0.0026,1.0,Solar metallicity,Main Sequence,images/orange_dwarf.jpg,FALSE,0,"Ross 128 System (31.3 ly away), Epsilon Eridani System (32.4 ly away), 55 Cancri System (35.5 ly away)"
Gliese GJ 3567,40.27,-16.76,10.88,34.96,M2,3594,0.085,Red,0.0011,0.5,Metal-poor,Main Sequence (Red Dwarf),images/red_dwarf.jpg,FALSE,0,"55 Cancri System (23.1 ly away), Ross 128 System (34.3 ly away), Wolf 359 System (36.3 ly away)"
Gliese GJ 4004,40.27,-0.92,-6.81,-39.68,m,3100,0.152,Red,0.0019,0.5,Metal-poor,Main Sequence (Red Dwarf),images/red_dwarf.jpg,FALSE,0,"Gliese 667 System (29.1 ly away), Proxima Centauri System (36.4 ly away), Gliese 876 System (39.0 ly away)"
Gliese GJ 4098,40.27,10.02,-32.53,21.5,m,3100,0.175,Red,0.0025,0.5,Metal-poor,Main Sequence (Red Dwarf),images/red_dwarf.jpg,FALSE,0,"Barnard's Star System (34.9 ly away), Gliese 581 System (37.5 ly away), Gliese 876 System (38.2 ly away)"
Gliese GJ 4201,40.27,29.28,-21.99,16.74,m,3100,0.118,Red,0.0011,0.5,Metal-poor,Main Sequence (Red Dwarf),images/red_dwarf.jpg,FALSE,0,"Gliese 876 System (31.0 ly away), Barnard's Star System (36.9 ly away), Tau Ceti System (38.6 ly away)"
Gliese GJ 4350,40.27,32.21,-3.26,-23.94,M4,3622,0.053,Red,0.0004,0.5,Metal-poor,Main Sequence (Red Dwarf),images/red_dwarf.jpg,FALSE,0,"Gliese 876 System (27.1 ly away), Tau Ceti System (31.2 ly away), Epsilon Eridani System (36.1 ly away)"
Gliese Gl 46,40.29,34.47,8.99,-18.83,G2V,3708,0.124,Yellow,0.0026,1.0,Solar metallicity,Main Sequence,images/sun.jpg,FALSE,0,"Gliese 876 System (28.5 ly away), Tau Ceti System (29.0 ly away), Epsilon Eridani System (33.1 ly away)"
Bet TrA,40.37,-9.36,-15.44,-36.11,F2III,7368,1.93,Yellow-White,9.8446,1.0,Solar metallicity,Red Giant,images/sun.jpg,FALSE,0,"Gliese 667 System (24.0 ly away), Gliese 581 System (33.6 ly away), Proxima Centauri System (36.2 ly away)"
Gliese Gl 671,40.38,-5.25,-29.68,26.87,M4,3705,0.15,Red,0.0038,0.5,Metal-poor,Main Sequence (Red Dwarf),images/red_dwarf.jpg,FALSE,0,"Gliese 581 System (33.8 ly away), Barnard's Star System (35.3 ly away), Solar System (Earth/Sun) (40.4 ly away)"
Gliese GJ 3356,40.42,4.3,39.0,9.7,M3.5,3663,0.125,Red,0.0025,0.5,Metal-poor,Main Sequence (Red Dwarf),images/red_dwarf.jpg,FALSE,0,"Ross 128 System (30.7 ly away), Epsilon Eridani System (32.8 ly away), 55 Cancri System (32.8 ly away)"
Gliese Gl 435,40.45,-28.8,2.39,-28.3,K5V,4594,0.511,Orange,0.1044,1.0,Solar metallicity,Main Sequence,images/orange_dwarf.jpg,FALSE,0,"Gliese 581 System (34.9 ly away), Wolf 359 System (36.2 ly away), Gliese 667 System (36.2 ly away)"
Gliese Gl 212,40.57,1.94,24.06,32.61,M1,3835,0.292,Red,0.0165,0.5,Metal-poor,Main Sequence (Red Dwarf),images/red_dwarf.jpg,FALSE,0,"55 Cancri System (29.5 ly away), Ross 128 System (32.9 ly away), Epsilon Eridani System (38.0 ly away)"
Hipparcos 84051,40.68,-5.25,-24.19,-32.28,G2V,3859,0.255,Yellow,0.0129,1.0,Solar metallicity,Main Sequence,images/sun.jpg,FALSE,0,"Gliese 667 System (20.2 ly away), Gliese 581 System (31.8 ly away), Proxima Centauri System (36.7 ly away)"
Gliese GJ 1101,40.72,-2.28,4.1,40.45,m,3541,0.075,Red,0.0008,0.5,Metal-poor,Main Sequence (Red Dwarf),images/red_dwarf.jpg,FALSE,0,"Ross 128 System (37.5 ly away), 55 Cancri System (37.6 ly away), Wolf 359 System (39.9 ly away)"
Gliese Gl 843,40.72,33.41,-18.9,-13.58,M3,3663,0.114,Red,0.0021,0.5,Metal-poor,Main Sequence (Red Dwarf),images/red_dwarf.jpg,FALSE,0,"Gliese 876 System (26.1 ly away), Tau Ceti System (34.8 ly away), Gliese 667 System (36.7 ly away)"
Gliese Gl 142,40.75,23.62,30.2,-13.81,K5V,4056,0.497,Orange,0.0599,1.0,Solar metallicity,Main Sequence,images/orange_dwarf.jpg,FALSE,0,"Tau Ceti System (30.4 ly away), Epsilon Eridani System (30.5 ly away), Gliese 876 System (37.1 ly away)"
Gliese Gl 302,40.75,-22.58,32.73,-8.91,K0V,5423,0.854,Orange,0.5665,1.0,Solar metallicity,Main Sequence,images/orange_dwarf.jpg,FALSE,0,"55 Cancri System (28.9 ly away), Ross 128 System (32.2 ly away), Wolf 359 System (35.5 ly away)"
Gliese GJ 1068,40.77,11.13,21.48,-32.82,pec,3244,0.071,Yellow,0.0005,1.0,Solar metallicity,Main Sequence,images/sun.jpg,FALSE,0,"Tau Ceti System (33.8 ly away), Epsilon Eridani System (34.1 ly away), Gliese 876 System (38.9 ly away)"
Gliese GJ 3466A,40.77,-17.08,31.16,-19.98,M4,3100,0.085,Red,0.0006,0.5,Metal-poor,Main Sequence (Red Dwarf),images/red_dwarf.jpg,FALSE,0,"Ross 128 System (34.4 ly away), Wolf 359 System (37.1 ly away), Epsilon Eridani System (37.4 ly away)"
Gliese GJ 3543,40.77,-29.2,25.3,-13.02,M2,3720,0.199,Red,0.0068,0.5,Metal-poor,Main Sequence (Red Dwarf),images/red_dwarf.jpg,FALSE,0,"55 Cancri System (32.5 ly away), Ross 128 System (34.2 ly away), Wolf 359 System (34.7 ly away)"
44 Boo,40.79,-19.11,-19.75,30.15,G2V + G2V,5789,1.258,Yellow,1.5937,1.0,Solar metallicity,Main Sequence,images/sun.jpg,FALSE,0,"Gliese 581 System (33.7 ly away), Barnard's Star System (37.1 ly away), Wolf 359 System (38.3 ly away)"
Gliese GJ 3028,40.82,34.06,3.05,22.28,M6,3190,0.024,Red,0.0001,0.5,Metal-poor,Main Sequence (Red Dwarf),images/red_dwarf.jpg,FALSE,0,"Gliese 876 System (33.6 ly away), Tau Ceti System (35.0 ly away), Epsilon Eridani System (37.2 ly away)"
Gliese GJ 3497,40.82,-8.68,11.74,38.12,dM5.2,3079,0.03,White,0.0001,1.0,Solar metallicity,White Dwarf,images/sirius.jpg,FALSE,0,"55 Cancri System (28.3 ly away), Ross 128 System (35.1 ly away), Wolf 359 System (38.4 ly away)"
Gliese Gl 324B,40.87,-24.62,26.24,19.39,M3.5,3594,0.071,Red,0.0008,0.5,Metal-poor,Main Sequence (Red Dwarf),images/red_dwarf.jpg,FALSE,0,"55 Cancri System (0.6 ly away), Ross 128 System (31.2 ly away), Wolf 359 System (34.9 ly away)"
Hipparcos 112325,40.88,38.68,-13.11,-1.89,F8,5742,0.153,Yellow-White,0.0229,1.0,Solar metallicity,Main Sequence,images/sun.jpg,FALSE,0,"Gliese 876 System (26.1 ly away), Tau Ceti System (33.7 ly away), Epsilon Eridani System (38.9 ly away)"
Gliese GJ 3250,40.92,22.13,33.86,6.19,k-m,3310,0.045,Orange,0.0002,1.0,Solar metallicity,Main Sequence,images/orange_dwarf.jpg,FALSE,0,"Epsilon Eridani System (31.2 ly away), Tau Ceti System (32.6 ly away), Ross 128 System (35.1 ly away)"
Gliese Gl 91,40.93,28.94,19.14,-21.72,G2V,3825,0.232,Yellow,0.0103,1.0,Solar metallicity,Main Sequence,images/sun.jpg,FALSE,0,"Tau Ceti System (29.8 ly away), Epsilon Eridani System (32.2 ly away), Gliese 876 System (33.0 ly away)"
Gliese GJ 1029,40.97,34.55,10.17,19.55,m,3288,0.04,Red,0.0002,0.5,Metal-poor,Main Sequence (Red Dwarf),images/red_dwarf.jpg,FALSE,0,"Tau Ceti System (33.7 ly away), Gliese 876 System (34.1 ly away), Epsilon Eridani System (35.5 ly away)"
Gliese Gl 836.5,40.97,31.59,-21.57,14.68,DQ6,8403,0.012,White,0.0007,1.0,Solar metallicity,White Dwarf,images/sirius.jpg,FALSE,0,"Gliese 876 System (30.7 ly away), Barnard's Star System (37.8 ly away), Tau Ceti System (38.5 ly away)"
Gliese Gl 26,41.03,34.8,5.98,20.89,dM4,3749,0.171,White,0.0052,1.0,Solar metallicity,White Dwarf,images/sirius.jpg,FALSE,0,"Gliese 876 System (33.7 ly away), Tau Ceti System (34.4 ly away), Epsilon Eridani System (36.5 ly away)"
Gliese GJ 3708A,41.06,-38.55,-1.88,-14.02,G2V,3708,0.132,Yellow,0.003,1.0,Solar metallicity,Main Sequence,images/sun.jpg,FALSE,0,"Gliese 581 System (31.1 ly away), Wolf 359 System (34.7 ly away), Proxima Centauri System (38.4 ly away)"
15Lam Aur,41.2,5.59,31.01,26.54,G0V,5853,1.325,Yellow,1.8484,1.0,Solar metallicity,Main Sequence,images/sun.jpg,FALSE,0,"55 Cancri System (31.2 ly away), Ross 128 System (32.6 ly away), Epsilon Eridani System (36.3 ly away)"
Gliese Gl 737B,41.21,5.72,-22.33,-34.16,K5 V,4500,0.194,Orange,0.0139,1.0,Solar metallicity,Main Sequence,images/orange_dwarf.jpg,FALSE,0,"Gliese 667 System (23.3 ly away), Gliese 876 System (36.4 ly away), Gliese 581 System (37.2 ly away)"
Gliese GJ 3112,41.29,14.36,6.92,-38.09,DA7,6674,0.015,White,0.0004,1.0,Solar metallicity,White Dwarf,images/sirius.jpg,FALSE,0,"Tau Ceti System (35.1 ly away), Gliese 876 System (36.1 ly away), Epsilon Eridani System (37.3 ly away)"
Gliese GJ 3292,41.29,15.43,36.92,10.15,m,3100,0.082,Red,0.0006,0.5,Metal-poor,Main Sequence (Red Dwarf),images/red_dwarf.jpg,FALSE,0,"Epsilon Eridani System (32.3 ly away), Ross 128 System (33.6 ly away), Tau Ceti System (35.0 ly away)"
Gliese GJ 3357,41.29,4.29,40.69,-5.49,M4,3608,0.083,Red,0.0011,0.5,Metal-poor,Main Sequence (Red Dwarf),images/red_dwarf.jpg,FALSE,0,"Epsilon Eridani System (32.7 ly away), Ross 128 System (32.9 ly away), Tau Ceti System (36.2 ly away)"
Gliese Gl 261,41.29,-10.94,39.54,-4.64,DA,5051,0.014,White,0.0001,1.0,Solar metallicity,White Dwarf,images/sirius.jpg,FALSE,0,"55 Cancri System (30.5 ly away), Ross 128 System (31.6 ly away), Epsilon Eridani System (35.8 ly away)"
Gliese GJ 3780,41.29,-34.69,-13.25,-18.04,m,3100,0.108,Red,0.001,0.5,Metal-poor,Main Sequence (Red Dwarf),images/red_dwarf.jpg,FALSE,0,"Gliese 581 System (26.7 ly away), Gliese 667 System (32.2 ly away), Wolf 359 System (36.6 ly away)"
Gliese GJ 4062,41.29,4.35,-31.0,26.91,m,3100,0.164,Red,0.0022,0.5,Metal-poor,Main Sequence (Red Dwarf),images/red_dwarf.jpg,FALSE,0,"Barnard's Star System (36.1 ly away), Gliese 581 System (37.7 ly away), Solar System (Earth/Sun) (41.3 ly away)"
Gliese GJ 4154,41.29,3.95,-4.43,-40.86,m,3100,0.206,Red,0.0035,0.5,Metal-poor,Main Sequence (Red Dwarf),images/red_dwarf.jpg,FALSE,0,"Gliese 667 System (31.9 ly away), Proxima Centauri System (37.7 ly away), Gliese 876 System (38.5 ly away)"
Gliese Gl 95,41.32,30.53,21.18,-18.08,G8V,5521,0.702,Yellow,0.4108,1.0,Solar metallicity,Main Sequence,images/sun.jpg,FALSE,0,"Tau Ceti System (29.8 ly away), Epsilon Eridani System (32.0 ly away), Gliese 876 System (33.4 ly away)"
Hipparcos 55042,41.33,-21.77,4.23,-34.88,M,3809,0.127,Red,0.003,0.5,Metal-poor,Main Sequence (Red Dwarf),images/red_dwarf.jpg,FALSE,0,"Gliese 667 System (36.4 ly away), Proxima Centauri System (37.7 ly away), Wolf 359 System (38.6 ly away)"
Gliese GJ 1248,41.34,21.15,-35.26,4.32,k-m,3649,0.113,Orange,0.002,1.0,Solar metallicity,Main Sequence,images/orange_dwarf.jpg,FALSE,0,"Gliese 876 System (32.8 ly away), Gliese 667 System (34.4 ly away), Barnard's Star System (36.5 ly away)"
Gliese Gl 810A,41.34,27.81,-28.89,-10.03,M3.5 J,3663,0.095,Red,0.0015,0.5,Metal-poor,Main Sequence (Red Dwarf),images/red_dwarf.jpg,FALSE,0,"Gliese 876 System (28.8 ly away), Gliese 667 System (33.0 ly away), Barnard's Star System (38.0 ly away)"
Gliese Gl 810B,41.34,27.81,-28.89,-10.05,G2V,3490,0.04,Yellow,0.0002,1.0,Solar metallicity,Main Sequence,images/sun.jpg,FALSE,0,"Gliese 876 System (28.8 ly away), Gliese 667 System (33.0 ly away), Barnard's Star System (38.0 ly away)"
Gliese GJ 1215,41.39,-7.43,-39.85,8.37,m,3299,0.035,Red,0.0001,0.5,Metal-poor,Main Sequence (Red Dwarf),images/red_dwarf.jpg,FALSE,0,"Gliese 581 System (27.4 ly away), Gliese 667 System (30.6 ly away), Barnard's Star System (35.5 ly away)"
Gliese Gl 863,41.45,37.99,-15.15,6.75,M0V:,3792,0.233,Red,0.0101,0.5,Metal-poor,Main Sequence (Red Dwarf),images/red_dwarf.jpg,FALSE,0,"Gliese 876 System (28.2 ly away), Tau Ceti System (35.7 ly away), Barnard's Star System (39.6 ly away)"
Gliese GJ 9716,41.49,16.22,-15.77,-34.78,M4,3577,0.082,Red,0.001,0.5,Metal-poor,Main Sequence (Red Dwarf),images/red_dwarf.jpg,FALSE,0,"Gliese 667 System (29.3 ly away), Gliese 876 System (33.1 ly away), Tau Ceti System (38.2 ly away)"
Gliese Gl 67,41.55,27.61,13.14,28.13,G2V,5898,1.162,Yellow,1.4669,1.0,Solar metallicity,Main Sequence,images/sun.jpg,FALSE,0,"Tau Ceti System (36.8 ly away), Epsilon Eridani System (37.1 ly away), Gliese 876 System (38.7 ly away)"
Gliese Gl 575B,41.61,-19.49,-20.14,30.75,dG2,12000,0.177,White,0.5856,1.0,Solar metallicity,White Dwarf,images/sirius.jpg,FALSE,0,"Gliese 581 System (34.4 ly away), Barnard's Star System (37.9 ly away), Wolf 359 System (39.1 ly away)"
Gliese Gl 516A,41.62,-36.62,-15.69,12.04,M4Ve,3734,0.151,Red,0.004,0.5,Metal-poor,Main Sequence (Red Dwarf),images/red_dwarf.jpg,FALSE,0,"Gliese 581 System (27.9 ly away), Wolf 359 System (35.9 ly away), Barnard's Star System (39.3 ly away)"
Gliese Gl 454,41.63,-40.94,-0.13,-7.55,K0IV,5404,1.062,Orange,0.863,1.0,Solar metallicity,Subgiant,images/orange_dwarf.jpg,FALSE,0,"Gliese 581 System (32.2 ly away), Wolf 359 System (34.6 ly away), Proxima Centauri System (39.6 ly away)"
36 UMa,41.68,-21.57,8.87,34.55,F8V,6209,1.122,Yellow-White,1.6796,1.0,Solar metallicity,Main Sequence,images/sun.jpg,FALSE,0,"55 Cancri System (23.1 ly away), Ross 128 System (36.0 ly away), Wolf 359 System (37.1 ly away)"
Gliese Gl 620.1A,41.68,-13.13,-29.51,-26.34,G3/G5V,5871,0.974,Yellow,1.0111,1.0,Solar metallicity,Main Sequence,images/sun.jpg,FALSE,0,"Gliese 667 System (20.0 ly away), Gliese 581 System (27.5 ly away), Proxima Centauri System (37.8 ly away)"
Gliese Gl 206,41.73,4.97,40.82,7.12,M4Ve,3598,0.151,Red,0.0034,0.5,Metal-poor,Main Sequence (Red Dwarf),images/red_dwarf.jpg,FALSE,0,"Ross 128 System (32.2 ly away), Epsilon Eridani System (33.7 ly away), 55 Cancri System (34.9 ly away)"
Gliese GJ 3452,41.74,-9.71,21.98,34.13,M0,3662,0.159,Red,0.0041,0.5,Metal-poor,Main Sequence (Red Dwarf),images/red_dwarf.jpg,FALSE,0,"55 Cancri System (21.3 ly away), Ross 128 System (33.6 ly away), Wolf 359 System (38.7 ly away)"
Gliese Gl 675,41.76,-2.45,-15.92,38.52,K0V,5407,0.703,Orange,0.3788,1.0,Solar metallicity,Main Sequence,images/orange_dwarf.jpg,FALSE,0,"Barnard's Star System (38.5 ly away), Solar System (Earth/Sun) (41.8 ly away), Wolf 359 System (42.0 ly away)"
Gliese GJ 2045,41.76,3.22,41.45,-3.98,m,3322,0.032,Red,0.0001,0.5,Metal-poor,Main Sequence (Red Dwarf),images/red_dwarf.jpg,FALSE,0,"Ross 128 System (33.1 ly away), Epsilon Eridani System (33.4 ly away), Tau Ceti System (37.1 ly away)"
Gliese GJ 4054,41.76,1.88,-20.15,36.53,DC:9,4816,0.013,White,0.0001,1.0,Solar metallicity,White Dwarf,images/sirius.jpg,FALSE,0,"Barnard's Star System (38.0 ly away), Solar System (Earth/Sun) (41.8 ly away), Gliese 581 System (42.2 ly away)"
Gliese GJ 3668,41.81,-40.08,5.08,-10.79,m,3380,0.048,Red,0.0003,0.5,Metal-poor,Main Sequence (Red Dwarf),images/red_dwarf.jpg,FALSE,0,"Wolf 359 System (34.8 ly away), Gliese 581 System (34.9 ly away), Ross 128 System (39.6 ly away)"
Gliese GJ 1210,41.81,-9.39,-40.39,5.36,m,3299,0.058,Red,0.0004,0.5,Metal-poor,Main Sequence (Red Dwarf),images/red_dwarf.jpg,FALSE,0,"Gliese 581 System (26.5 ly away), Gliese 667 System (29.4 ly away), Barnard's Star System (36.0 ly away)"
Gliese GJ 1218,41.81,-2.68,-19.15,-37.08,m,3824,0.08,Red,0.0012,0.5,Metal-poor,Main Sequence (Red Dwarf),images/red_dwarf.jpg,FALSE,0,"Gliese 667 System (24.1 ly away), Gliese 581 System (36.1 ly away), Proxima Centauri System (37.8 ly away)"
Gliese GJ 4326,41.81,38.71,-7.27,14.04,M4,3663,0.113,Red,0.0021,0.5,Metal-poor,Main Sequence (Red Dwarf),images/red_dwarf.jpg,FALSE,0,"Gliese 876 System (30.4 ly away), Tau Ceti System (35.5 ly away), Epsilon Eridani System (39.3 ly away)"
Gliese GJ 4387,41.81,34.62,-0.02,-23.45,M4,3100,0.115,Red,0.0011,0.5,Metal-poor,Main Sequence (Red Dwarf),images/red_dwarf.jpg,FALSE,0,"Gliese 876 System (28.7 ly away), Tau Ceti System (32.0 ly away), Epsilon Eridani System (36.7 ly away)"
Gliese Gl 775,41.94,21.38,-36.01,2.43,K4V,4455,0.65,Orange,0.1494,1.0,Solar metallicity,Main Sequence,images/orange_dwarf.jpg,FALSE,0,"Gliese 876 System (33.1 ly away), Gliese 667 System (34.1 ly away), Barnard's Star System (37.1 ly away)"
Gliese GJ 2138,42.03,6.85,-40.11,-10.52,M1V:,3711,0.162,Red,0.0045,0.5,Metal-poor,Main Sequence (Red Dwarf),images/red_dwarf.jpg,FALSE,0,"Gliese 667 System (24.2 ly away), Gliese 581 System (32.6 ly away), Barnard's Star System (37.0 ly away)"
Gliese Gl 428B,42.04,-19.73,3.07,-37.0,M0 Ve,3100,0.914,Red,0.0692,0.5,Metal-poor,Main Sequence (Red Dwarf),images/red_dwarf.jpg,FALSE,0,"Gliese 667 System (36.1 ly away), Proxima Centauri System (38.3 ly away), Gliese 581 System (39.5 ly away)"
Gliese GJ 3722,42.06,-16.22,-1.67,38.77,G2V,5700,0.071,Yellow,0.0048,1.0,Solar metallicity,Main Sequence,images/sun.jpg,FALSE,0,"55 Cancri System (34.8 ly away), Wolf 359 System (39.0 ly away), Ross 128 System (39.3 ly away)"
Gliese Gl 897B,42.08,40.01,-4.78,-12.13,G2V,5700,0.065,Yellow,0.004,1.0,Solar metallicity,Main Sequence,images/sun.jpg,FALSE,0,"Gliese 876 System (27.1 ly away), Tau Ceti System (32.5 ly away), Epsilon Eridani System (37.7 ly away)"
Gliese Gl 349,42.1,-33.23,25.51,4.15,K3V,4738,0.65,Orange,0.1912,1.0,Solar metallicity,Main Sequence,images/orange_dwarf.jpg,FALSE,0,"55 Cancri System (17.5 ly away), Ross 128 System (33.7 ly away), Wolf 359 System (35.0 ly away)"
Gliese GJ 1073,42.14,9.26,30.57,27.48,k,3635,0.063,Orange,0.0006,1.0,Solar metallicity,Main Sequence,images/orange_dwarf.jpg,FALSE,0,"Ross 128 System (34.1 ly away), 55 Cancri System (34.8 ly away), Epsilon Eridani System (36.9 ly away)"
Gliese GJ 1214,42.14,-8.13,-41.19,3.64,m,3465,0.039,Red,0.0002,0.5,Metal-poor,Main Sequence (Red Dwarf),images/red_dwarf.jpg,TRUE,1,"Gliese 581 System (27.0 ly away), Gliese 667 System (28.7 ly away), Barnard's Star System (36.4 ly away)"
Gliese Gl 401B,42.19,-37.79,12.71,-13.82,DQ9,12000,0.01,White,0.0001,1.0,Solar metallicity,White Dwarf,images/sirius.jpg,FALSE,0,"Wolf 359 System (35.4 ly away), 55 Cancri System (38.0 ly away), Ross 128 System (38.6 ly away)"
Gliese Gl 194B,42.2,5.51,28.8,30.36,G0 III,5700,7.973,Yellow,60.2005,1.4,Metal-rich,Red Giant,images/sun.jpg,FALSE,0,"55 Cancri System (31.9 ly away), Ross 128 System (34.1 ly away), Epsilon Eridani System (38.1 ly away)"
Hipparcos 13218,42.25,18.68,17.14,-33.81,M,3779,0.203,Red,0.0075,0.5,Metal-poor,Main Sequence (Red Dwarf),images/red_dwarf.jpg,FALSE,0,"Tau Ceti System (33.9 ly away), Epsilon Eridani System (35.6 ly away), Gliese 876 System (37.1 ly away)"
Gliese Gl 895,42.28,22.22,-3.47,35.79,M2,3847,0.269,Red,0.0142,0.5,Metal-poor,Main Sequence (Red Dwarf),images/red_dwarf.jpg,FALSE,0,"Gliese 876 System (40.4 ly away), Barnard's Star System (41.0 ly away), Tau Ceti System (41.7 ly away)"
Gliese GJ 3131,42.36,33.9,20.24,-15.34,M3,3855,0.156,Red,0.0048,0.5,Metal-poor,Main Sequence (Red Dwarf),images/red_dwarf.jpg,FALSE,0,"Tau Ceti System (30.6 ly away), Epsilon Eridani System (33.1 ly away), Gliese 876 System (33.5 ly away)"
Gliese GJ 3224,42.36,26.27,32.94,4.33,m+,3100,0.048,Red,0.0002,0.5,Metal-poor,Main Sequence (Red Dwarf),images/red_dwarf.jpg,FALSE,0,"Epsilon Eridani System (32.4 ly away), Tau Ceti System (33.1 ly away), Ross 128 System (37.6 ly away)"
Gliese GJ 3309,42.36,12.12,35.43,19.8,M2.5,3749,0.161,Red,0.0046,0.5,Metal-poor,Main Sequence (Red Dwarf),images/red_dwarf.jpg,FALSE,0,"Ross 128 System (34.1 ly away), Epsilon Eridani System (35.1 ly away), 55 Cancri System (37.6 ly away)"
Gliese GJ 3981,42.36,-10.91,-39.63,10.22,m,3100,0.1,Red,0.0008,0.5,Metal-poor,Main Sequence (Red Dwarf),images/red_dwarf.jpg,FALSE,0,"Gliese 581 System (27.6 ly away), Gliese 667 System (32.4 ly away), Barnard's Star System (36.6 ly away)"
Gliese GJ 4368,42.36,41.69,-1.71,7.32,M1,3870,0.135,Red,0.0037,0.5,Metal-poor,Main Sequence (Red Dwarf),images/red_dwarf.jpg,TRUE,1,"Gliese 876 System (29.8 ly away), Tau Ceti System (33.8 ly away), Epsilon Eridani System (38.0 ly away)"
Hipparcos 27887,42.39,0.55,21.17,-36.72,K3V,4904,0.62,Orange,0.1993,1.0,Solar metallicity,Main Sequence,images/orange_dwarf.jpg,FALSE,0,"Epsilon Eridani System (37.7 ly away), Tau Ceti System (38.4 ly away), Proxima Centauri System (40.2 ly away)"
Gliese Gl 521,42.43,-26.65,-12.34,30.62,M2,4003,0.226,Red,0.0118,0.5,Metal-poor,Main Sequence (Red Dwarf),images/red_dwarf.jpg,FALSE,0,"Gliese 581 System (36.2 ly away), Wolf 359 System (38.2 ly away), Barnard's Star System (40.0 ly away)"
Gliese Gl 204,42.47,5.82,41.99,-2.59,K5V,4487,0.595,Orange,0.1286,1.0,Solar metallicity,Main Sequence,images/orange_dwarf.jpg,FALSE,0,"Epsilon Eridani System (33.7 ly away), Ross 128 System (33.9 ly away), Tau Ceti System (37.2 ly away)"
Gliese GJ 1077,42.47,1.61,8.46,-41.58,M1.5 V,3824,0.115,Red,0.0025,0.5,Metal-poor,Main Sequence (Red Dwarf),images/red_dwarf.jpg,FALSE,0,"Proxima Centauri System (39.4 ly away), Tau Ceti System (39.4 ly away), Gliese 667 System (39.5 ly away)"
Gliese GJ 3106,42.52,16.97,8.01,38.16,B5,6528,0.092,Blue-White,0.0139,1.0,Solar metallicity,Main Sequence,images/sirius.jpg,FALSE,0,"Ross 128 System (40.3 ly away), Epsilon Eridani System (41.3 ly away), Tau Ceti System (42.1 ly away)"
Gliese Gl 422,42.52,-22.39,4.35,-35.87,m,3839,0.129,Red,0.0032,0.5,Metal-poor,Main Sequence (Red Dwarf),images/red_dwarf.jpg,FALSE,0,"Gliese 667 System (37.4 ly away), Proxima Centauri System (38.8 ly away), Gliese 581 System (39.7 ly away)"
Gliese Gl 167,42.55,11.15,22.84,-34.12,K5V,4483,0.6,Orange,0.1303,1.0,Solar metallicity,Main Sequence,images/orange_dwarf.jpg,FALSE,0,"Tau Ceti System (35.6 ly away), Epsilon Eridani System (35.9 ly away), Gliese 876 System (40.8 ly away)"
Gliese Gl 722,42.67,6.73,-39.25,-15.33,G5V,5696,0.85,Yellow,0.6817,1.0,Solar metallicity,Main Sequence,images/sun.jpg,FALSE,0,"Gliese 667 System (23.3 ly away), Gliese 581 System (33.4 ly away), Gliese 876 System (37.6 ly away)"
Hipparcos 76362,42.69,-4.27,-5.87,-42.06,G2V,5700,0.059,Yellow,0.0033,1.0,Solar metallicity,Main Sequence,images/sun.jpg,FALSE,0,"Gliese 667 System (31.6 ly away), Proxima Centauri System (38.8 ly away), Gliese 581 System (41.4 ly away)"
Gliese Gl 592,42.69,-24.19,-33.6,-10.42,M4,3677,0.087,Red,0.0012,0.5,Metal-poor,Main Sequence (Red Dwarf),images/red_dwarf.jpg,FALSE,0,"Gliese 581 System (22.8 ly away), Gliese 667 System (26.0 ly away), Barnard's Star System (38.7 ly away)"
Gliese Gl 707,42.74,1.67,-30.99,-29.39,K7V,4127,0.505,Orange,0.0665,1.0,Solar metallicity,Main Sequence,images/orange_dwarf.jpg,FALSE,0,"Gliese 667 System (21.3 ly away), Gliese 581 System (34.2 ly away), Gliese 876 System (39.1 ly away)"
Gliese Gl 195A,42.75,5.51,29.27,30.67,dM2,3794,0.259,White,0.0124,1.0,Solar metallicity,White Dwarf,images/sirius.jpg,FALSE,0,"55 Cancri System (32.1 ly away), Ross 128 System (34.6 ly away), Epsilon Eridani System (38.6 ly away)"
Gliese Gl 195B,42.75,5.5,29.27,30.67,M4  :,3100,0.077,Red,0.0005,0.5,Metal-poor,Main Sequence (Red Dwarf),images/red_dwarf.jpg,FALSE,0,"55 Cancri System (32.1 ly away), Ross 128 System (34.6 ly away), Epsilon Eridani System (38.6 ly away)"
Capella,42.8,5.59,29.21,30.79,M1: comp,5296,14.049,Red,139.3157,0.5,Metal-poor,Main Sequence (Red Dwarf),images/red_dwarf.jpg,FALSE,0,"55 Cancri System (32.2 ly away), Ross 128 System (34.7 ly away), Epsilon Eridani System (38.7 ly away)"
Gliese GJ 3506,42.8,-10.05,12.43,39.71,M3,3691,0.139,Red,0.0032,0.5,Metal-poor,Main Sequence (Red Dwarf),images/red_dwarf.jpg,FALSE,0,"55 Cancri System (28.4 ly away), Ross 128 System (37.0 ly away), Wolf 359 System (40.2 ly away)"
Hipparcos 86963,42.84,-2.18,-36.22,-22.76,M2V:,3888,0.143,Red,0.0042,0.5,Metal-poor,Main Sequence (Red Dwarf),images/red_dwarf.jpg,FALSE,0,"Gliese 667 System (20.4 ly away), Gliese 581 System (30.9 ly away), Barnard's Star System (38.9 ly away)"
Gliese Gl 620.1B,42.92,-13.58,-30.34,-27.14,DA,12796,0.016,White,0.0059,1.0,Solar metallicity,White Dwarf,images/sirius.jpg,FALSE,0,"Gliese 667 System (21.2 ly away), Gliese 581 System (28.7 ly away), Proxima Centauri System (39.1 ly away)"
Gliese GJ 3036,42.92,27.15,3.44,33.06,m,3100,0.1,Red,0.0008,0.5,Metal-poor,Main Sequence (Red Dwarf),images/red_dwarf.jpg,FALSE,0,"Gliese 876 System (39.8 ly away), Tau Ceti System (40.1 ly away), Epsilon Eridani System (40.9 ly away)"
Gliese GJ 1031,42.92,35.95,11.04,-20.68,dM5,3516,0.069,White,0.0006,1.0,Solar metallicity,White Dwarf,images/sirius.jpg,FALSE,0,"Gliese 876 System (31.5 ly away), Tau Ceti System (31.6 ly away), Epsilon Eridani System (35.4 ly away)"
Gliese GJ 3372B,42.92,0.01,22.38,36.62,m,3100,0.083,Red,0.0006,0.5,Metal-poor,Main Sequence (Red Dwarf),images/red_dwarf.jpg,FALSE,0,"55 Cancri System (30.1 ly away), Ross 128 System (35.6 ly away), Epsilon Eridani System (41.3 ly away)"
Gliese Gl 425B,42.92,-39.64,6.73,-15.0,m,3100,0.269,Red,0.006,0.5,Metal-poor,Main Sequence (Red Dwarf),images/red_dwarf.jpg,FALSE,0,"Wolf 359 System (36.2 ly away), Gliese 581 System (36.8 ly away), Proxima Centauri System (40.6 ly away)"
Gliese GJ 3704,42.92,-15.0,-0.36,40.21,M4,3100,0.104,Red,0.0009,0.5,Metal-poor,Main Sequence (Red Dwarf),images/red_dwarf.jpg,FALSE,0,"55 Cancri System (34.9 ly away), Ross 128 System (39.9 ly away), Wolf 359 System (40.1 ly away)"
Gliese GJ 3817,42.92,-36.43,-20.66,9.35,M3,3568,0.114,Red,0.0019,0.5,Metal-poor,Main Sequence (Red Dwarf),images/red_dwarf.jpg,FALSE,0,"Gliese 581 System (26.9 ly away), Wolf 359 System (37.8 ly away), Barnard's Star System (40.0 ly away)"
Gliese GJ 4044,42.92,2.21,-38.5,18.83,m,3100,0.092,Red,0.0007,0.5,Metal-poor,Main Sequence (Red Dwarf),images/red_dwarf.jpg,FALSE,0,"Gliese 581 System (35.1 ly away), Barnard's Star System (37.1 ly away), Gliese 667 System (38.1 ly away)"
Gliese Gl 425A,42.93,-39.66,6.74,-15.0,K4/K5V,4051,0.483,Orange,0.0563,1.0,Solar metallicity,Main Sequence,images/orange_dwarf.jpg,FALSE,0,"Wolf 359 System (36.2 ly away), Gliese 581 System (36.8 ly away), Proxima Centauri System (40.6 ly away)"
Gliese Gl 865,42.99,16.79,-6.24,-39.08,G2V,3659,0.154,Yellow,0.0038,1.0,Solar metallicity,Main Sequence,images/sun.jpg,FALSE,0,"Gliese 667 System (35.1 ly away), Gliese 876 System (35.5 ly away), Tau Ceti System (38.1 ly away)"
Gliese Gl 469,43.0,-42.2,-5.36,6.3,M:,3557,0.13,Red,0.0024,0.5,Metal-poor,Main Sequence (Red Dwarf),images/red_dwarf.jpg,FALSE,0,"Gliese 581 System (32.2 ly away), Wolf 359 System (35.9 ly away), 55 Cancri System (38.2 ly away)"
Gliese Gl 174,43.02,13.53,37.84,15.35,K3V,4532,0.482,Orange,0.088,1.0,Solar metallicity,Main Sequence,images/orange_dwarf.jpg,FALSE,0,"Ross 128 System (34.8 ly away), Epsilon Eridani System (34.9 ly away), Tau Ceti System (37.9 ly away)"
Gliese GJ 1092,43.03,-7.29,33.53,25.97,m,3568,0.057,Red,0.0005,0.5,Metal-poor,Main Sequence (Red Dwarf),images/red_dwarf.jpg,FALSE,0,"55 Cancri System (19.8 ly away), Ross 128 System (32.9 ly away), Epsilon Eridani System (39.8 ly away)"
Hipparcos 56157,43.06,-42.28,5.44,-6.06,G2V,3723,0.119,Yellow,0.0025,1.0,Solar metallicity,Main Sequence,images/sun.jpg,FALSE,0,"Wolf 359 System (35.7 ly away), Gliese 581 System (36.1 ly away), 55 Cancri System (37.1 ly away)"
Gliese Gl 556,43.11,-20.39,-16.14,34.39,K3V,4750,0.651,Orange,0.1934,1.0,Solar metallicity,Main Sequence,images/orange_dwarf.jpg,FALSE,0,"Gliese 581 System (37.9 ly away), Barnard's Star System (40.0 ly away), Wolf 359 System (40.2 ly away)"
Gliese GJ 3612,43.14,-14.13,5.46,40.4,k-m,3720,0.122,Orange,0.0026,1.0,Solar metallicity,Main Sequence,images/orange_dwarf.jpg,FALSE,0,"55 Cancri System (31.2 ly away), Ross 128 System (38.8 ly away), Wolf 359 System (40.2 ly away)"
Gliese Gl 525,43.18,-36.87,-18.2,13.19,G2V,3918,0.296,Yellow,0.0185,1.0,Solar metallicity,Main Sequence,images/sun.jpg,FALSE,0,"Gliese 581 System (28.9 ly away), Wolf 359 System (37.8 ly away), Barnard's Star System (40.5 ly away)"
Gliese Gl 716,43.22,5.57,-40.51,-14.01,K1V,5103,0.689,Orange,0.2887,1.0,Solar metallicity,Main Sequence,images/orange_dwarf.jpg,FALSE,0,"Gliese 667 System (23.9 ly away), Gliese 581 System (33.2 ly away), Barnard's Star System (38.4 ly away)"
Gliese Gl 507A,43.27,-33.28,-12.04,24.89,M0,3839,0.356,Red,0.0248,0.5,Metal-poor,Main Sequence (Red Dwarf),images/red_dwarf.jpg,FALSE,0,"Gliese 581 System (34.4 ly away), Wolf 359 System (38.0 ly away), 55 Cancri System (39.4 ly away)"
58 Eri,43.3,12.87,39.38,-12.61,G3V,5845,0.966,Yellow,0.9772,1.0,Solar metallicity,Main Sequence,images/sun.jpg,FALSE,0,"Epsilon Eridani System (33.6 ly away), Tau Ceti System (35.7 ly away), Ross 128 System (37.3 ly away)"
Gliese Gl 164,43.31,11.84,23.48,34.42,M3.5,3555,0.065,Red,0.0006,0.5,Metal-poor,Main Sequence (Red Dwarf),images/red_dwarf.jpg,FALSE,0,"Ross 128 System (37.1 ly away), 55 Cancri System (39.3 ly away), Epsilon Eridani System (39.6 ly away)"
Gliese GJ 3001,43.37,35.86,0.42,-24.4,DC9,6576,0.01,White,0.0002,1.0,Solar metallicity,White Dwarf,images/sirius.jpg,FALSE,0,"Gliese 876 System (30.3 ly away), Tau Ceti System (33.5 ly away), Epsilon Eridani System (38.2 ly away)"
Gliese GJ 3971,43.37,-5.63,-15.54,40.1,m,3222,0.03,Red,0.0001,0.5,Metal-poor,Main Sequence (Red Dwarf),images/red_dwarf.jpg,FALSE,0,"Barnard's Star System (40.2 ly away), Wolf 359 System (43.0 ly away), Solar System (Earth/Sun) (43.4 ly away)"
Gliese Gl 732A,43.37,7.87,-32.96,-27.07,sdG0,3749,0.085,Yellow,0.0013,0.5,Metal-poor,Subdwarf,images/sun.jpg,FALSE,0,"Gliese 667 System (23.2 ly away), Gliese 581 System (36.6 ly away), Gliese 876 System (37.5 ly away)"
Gliese Gl 732B,43.37,7.87,-32.96,-27.07,G2V,5700,0.01,Yellow,0.0001,1.0,Solar metallicity,Main Sequence,images/sun.jpg,FALSE,0,"Gliese 667 System (23.2 ly away), Gliese 581 System (36.6 ly away), Gliese 876 System (37.5 ly away)"
Gliese GJ 3403,43.38,-4.22,24.14,-35.8,K7V,3988,0.286,Orange,0.0185,1.0,Solar metallicity,Main Sequence,images/orange_dwarf.jpg,FALSE,0,"Epsilon Eridani System (39.0 ly away), Tau Ceti System (40.4 ly away), Proxima Centauri System (41.3 ly away)"
Gliese Gl 597,43.41,-5.98,-8.64,42.12,M4,3581,0.116,Red,0.002,0.5,Metal-poor,Main Sequence (Red Dwarf),images/red_dwarf.jpg,FALSE,0,"Barnard's Star System (41.2 ly away), Wolf 359 System (42.6 ly away), Ross 128 System (43.0 ly away)"
Gliese Gl 835,43.44,31.3,-22.33,20.21,G2V,3801,0.311,Yellow,0.0181,1.0,Solar metallicity,Main Sequence,images/sun.jpg,FALSE,0,"Gliese 876 System (34.6 ly away), Barnard's Star System (40.2 ly away), Tau Ceti System (41.7 ly away)"
Gliese GJ 1088,43.49,-1.51,31.56,-29.89,M3.5,3663,0.106,Red,0.0018,0.5,Metal-poor,Main Sequence (Red Dwarf),images/red_dwarf.jpg,FALSE,0,"Epsilon Eridani System (37.3 ly away), Tau Ceti System (39.4 ly away), Ross 128 System (39.8 ly away)"
Gliese GJ 3423,43.49,-9.76,34.39,24.76,m,3100,0.1,Red,0.0008,0.5,Metal-poor,Main Sequence (Red Dwarf),images/red_dwarf.jpg,FALSE,0,"55 Cancri System (17.7 ly away), Ross 128 System (33.1 ly away), Wolf 359 System (40.2 ly away)"
Gliese GJ 3586,43.49,-24.1,12.61,33.93,k-m,3568,0.066,Orange,0.0006,1.0,Solar metallicity,Main Sequence,images/orange_dwarf.jpg,FALSE,0,"55 Cancri System (19.9 ly away), Ross 128 System (37.0 ly away), Wolf 359 System (38.4 ly away)"
Gliese GJ 3900,43.49,-27.38,-32.4,-9.6,M3,3764,0.089,Red,0.0014,0.5,Metal-poor,Main Sequence (Red Dwarf),images/red_dwarf.jpg,FALSE,0,"Gliese 581 System (23.4 ly away), Gliese 667 System (28.1 ly away), Barnard's Star System (39.7 ly away)"
Gliese GJ 4239,43.49,37.34,-22.24,-1.44,dM5,3440,0.041,White,0.0002,1.0,Solar metallicity,White Dwarf,images/sirius.jpg,FALSE,0,"Gliese 876 System (29.4 ly away), Tau Ceti System (38.4 ly away), Barnard's Star System (41.0 ly away)"
Gliese Gl 319C,43.52,-28.0,32.53,7.22,M3.5,3734,0.131,Red,0.003,0.5,Metal-poor,Main Sequence (Red Dwarf),images/red_dwarf.jpg,FALSE,0,"55 Cancri System (14.1 ly away), Ross 128 System (33.6 ly away), Wolf 359 System (37.2 ly away)"
Gliese Gl 767B,43.55,16.53,-33.01,23.09,M2  :,3764,0.177,Red,0.0056,0.5,Metal-poor,Main Sequence (Red Dwarf),images/red_dwarf.jpg,FALSE,0,"Barnard's Star System (38.6 ly away), Gliese 876 System (39.4 ly away), Gliese 581 System (43.0 ly away)"
Gliese Gl 655,43.58,-9.27,-39.46,16.01,M3,3705,0.144,Red,0.0035,0.5,Metal-poor,Main Sequence (Red Dwarf),images/red_dwarf.jpg,FALSE,0,"Gliese 581 System (30.7 ly away), Gliese 667 System (36.4 ly away), Barnard's Star System (37.8 ly away)"
Gliese GJ 1012,43.6,42.98,5.4,-5.06,M4,3824,0.104,Red,0.0021,0.5,Metal-poor,Main Sequence (Red Dwarf),images/red_dwarf.jpg,FALSE,0,"Gliese 876 System (30.4 ly away), Tau Ceti System (32.7 ly away), Epsilon Eridani System (37.1 ly away)"
Gliese Gl 742,43.6,3.75,-13.94,41.14,DXP5,9542,0.01,White,0.0008,1.0,Solar metallicity,White Dwarf,images/sirius.jpg,FALSE,0,"Barnard's Star System (40.7 ly away), Solar System (Earth/Sun) (43.6 ly away), Wolf 359 System (44.7 ly away)"
Gliese Gl 774A,43.72,9.31,-15.48,-39.83,m,3824,0.153,Red,0.0045,0.5,Metal-poor,Main Sequence (Red Dwarf),images/red_dwarf.jpg,FALSE,0,"Gliese 667 System (29.8 ly away), Gliese 876 System (38.1 ly away), Proxima Centauri System (40.3 ly away)"
Gliese Gl 774B,43.72,9.31,-15.48,-39.82,m,3705,0.083,Red,0.0012,0.5,Metal-poor,Main Sequence (Red Dwarf),images/red_dwarf.jpg,FALSE,0,"Gliese 667 System (29.7 ly away), Gliese 876 System (38.1 ly away), Proxima Centauri System (40.3 ly away)"
Gliese Gl 528A,43.73,-34.64,-17.85,19.84,K2,4493,0.805,Orange,0.237,1.0,Solar metallicity,Main Sequence,images/orange_dwarf.jpg,FALSE,0,"Gliese 581 System (31.4 ly away), Wolf 359 System (38.7 ly away), Barnard's Star System (40.9 ly away)"
Hipparcos 19337,43.86,17.05,32.29,24.29,M1,3801,0.267,Red,0.0133,0.5,Metal-poor,Main Sequence (Red Dwarf),images/red_dwarf.jpg,FALSE,0,"Ross 128 System (36.8 ly away), Epsilon Eridani System (37.0 ly away), Tau Ceti System (39.4 ly away)"
Gliese Gl 130.1B,43.9,15.18,17.49,37.3,M2,3100,0.251,Red,0.0052,0.5,Metal-poor,Main Sequence (Red Dwarf),images/red_dwarf.jpg,FALSE,0,"Ross 128 System (39.4 ly away), Epsilon Eridani System (41.1 ly away), Tau Ceti System (42.7 ly away)"
25The UMa,43.96,-21.83,16.32,34.49,F6IV,6504,2.306,Yellow-White,8.5349,1.0,Solar metallicity,Subgiant,images/sun.jpg,FALSE,0,"55 Cancri System (18.3 ly away), Ross 128 System (36.7 ly away), Wolf 359 System (39.2 ly away)"
Gliese Gl 427,43.96,-40.45,6.37,16.01,DA7,7591,0.01,White,0.0003,1.0,Solar metallicity,White Dwarf,images/sirius.jpg,FALSE,0,"55 Cancri System (25.5 ly away), Wolf 359 System (36.5 ly away), Ross 128 System (39.3 ly away)"
Gliese Gl 354B,43.99,-21.84,16.33,34.51,G2V,5700,0.022,Yellow,0.0005,1.0,Solar metallicity,Main Sequence,images/sun.jpg,FALSE,0,"55 Cancri System (18.3 ly away), Ross 128 System (36.7 ly away), Wolf 359 System (39.2 ly away)"
Titawin,44.0,30.1,13.53,29.1,F8V,6230,1.639,Yellow-White,3.6308,1.0,Solar metallicity,Main Sequence,images/sun.jpg,TRUE,4,"Tau Ceti System (38.9 ly away), Epsilon Eridani System (39.4 ly away), Gliese 876 System (40.6 ly away)"
Gliese GJ 3009,44.08,23.93,0.88,-37.0,M4,3734,0.116,Red,0.0024,0.5,Metal-poor,Main Sequence (Red Dwarf),images/red_dwarf.jpg,FALSE,0,"Gliese 876 System (35.0 ly away), Tau Ceti System (36.6 ly away), Epsilon Eridani System (40.2 ly away)"
Gliese GJ 3709B,44.08,-41.37,-2.04,-15.05,m,3541,0.1,Red,0.0014,0.5,Metal-poor,Main Sequence (Red Dwarf),images/red_dwarf.jpg,FALSE,0,"Gliese 581 System (33.7 ly away), Wolf 359 System (37.7 ly away), Proxima Centauri System (41.4 ly away)"
Gliese GJ 1267,44.13,23.3,-10.59,-35.96,K7V,4070,0.407,Orange,0.0408,1.0,Solar metallicity,Main Sequence,images/orange_dwarf.jpg,FALSE,0,"Gliese 876 System (34.0 ly away), Gliese 667 System (36.0 ly away), Tau Ceti System (38.5 ly away)"
Gliese GJ 3371A,44.14,0.04,23.0,37.67,M1,3824,0.257,Red,0.0127,0.5,Metal-poor,Main Sequence (Red Dwarf),images/red_dwarf.jpg,FALSE,0,"55 Cancri System (30.7 ly away), Ross 128 System (36.8 ly away), Epsilon Eridani System (42.5 ly away)"
Gliese Gl 868,44.19,36.12,-13.02,-21.88,K4/K5V,4424,0.586,Orange,0.118,1.0,Solar metallicity,Main Sequence,images/orange_dwarf.jpg,FALSE,0,"Gliese 876 System (29.8 ly away), Tau Ceti System (36.6 ly away), Gliese 667 System (40.8 ly away)"
Gliese GJ 4006,44.25,-6.5,-43.75,1.39,G2V,5706,0.086,Yellow,0.007,1.0,Solar metallicity,Main Sequence,images/sun.jpg,FALSE,0,"Gliese 581 System (29.4 ly away), Gliese 667 System (29.4 ly away), Barnard's Star System (38.5 ly away)"
Gliese Gl 69,44.28,17.57,8.54,39.74,K5V,4305,0.473,Orange,0.0688,1.0,Solar metallicity,Main Sequence,images/orange_dwarf.jpg,FALSE,0,"Ross 128 System (42.0 ly away), Epsilon Eridani System (43.0 ly away), Tau Ceti System (43.8 ly away)"
Gliese Gl 104,44.34,32.35,26.17,15.32,M2,3839,0.21,Red,0.0086,0.5,Metal-poor,Main Sequence (Red Dwarf),images/red_dwarf.jpg,FALSE,0,"Tau Ceti System (35.8 ly away), Epsilon Eridani System (36.0 ly away), Gliese 876 System (40.2 ly away)"
Gliese Gl 146,44.38,17.42,23.76,-33.2,K7V,4104,0.486,Orange,0.0602,1.0,Solar metallicity,Main Sequence,images/orange_dwarf.jpg,FALSE,0,"Tau Ceti System (36.0 ly away), Epsilon Eridani System (36.8 ly away), Gliese 876 System (40.8 ly away)"
Gliese Gl 853B,44.39,23.78,-11.31,-35.74,G2V,5700,0.137,Yellow,0.0177,1.0,Solar metallicity,Main Sequence,images/sun.jpg,FALSE,0,"Gliese 876 System (34.1 ly away), Gliese 667 System (36.0 ly away), Tau Ceti System (38.8 ly away)"
Gliese Gl 767A,44.4,16.86,-33.66,23.54,M1+...,3768,0.337,Red,0.0205,0.5,Metal-poor,Main Sequence (Red Dwarf),images/red_dwarf.jpg,FALSE,0,"Barnard's Star System (39.4 ly away), Gliese 876 System (40.2 ly away), Gliese 581 System (43.7 ly away)"
Gliese Gl 184,44.43,6.52,25.85,35.54,M0,3968,0.275,Red,0.0168,0.5,Metal-poor,Main Sequence (Red Dwarf),images/red_dwarf.jpg,FALSE,0,"55 Cancri System (34.9 ly away), Ross 128 System (37.2 ly away), Epsilon Eridani System (41.2 ly away)"
Gliese Gl 656,44.43,-4.69,-21.21,-38.76,K0V,5026,0.561,Orange,0.1805,1.0,Solar metallicity,Main Sequence,images/orange_dwarf.jpg,FALSE,0,"Gliese 667 System (25.9 ly away), Gliese 581 System (37.4 ly away), Proxima Centauri System (40.4 ly away)"
Gliese Gl 386,44.5,-39.19,18.95,-9.22,M0,3785,0.188,Red,0.0065,0.5,Metal-poor,Main Sequence (Red Dwarf),images/red_dwarf.jpg,FALSE,0,"55 Cancri System (32.8 ly away), Wolf 359 System (37.3 ly away), Ross 128 System (39.0 ly away)"
Gliese GJ 1194A,44.5,-18.5,-26.44,30.61,m,3691,0.1,Red,0.0017,0.5,Metal-poor,Main Sequence (Red Dwarf),images/red_dwarf.jpg,FALSE,0,"Gliese 581 System (35.6 ly away), Barnard's Star System (40.2 ly away), Wolf 359 System (42.6 ly away)"
Gliese GJ 1194B,44.5,-18.51,-26.45,30.62,m,3100,0.077,Red,0.0005,0.5,Metal-poor,Main Sequence (Red Dwarf),images/red_dwarf.jpg,FALSE,0,"Gliese 581 System (35.6 ly away), Barnard's Star System (40.2 ly away), Wolf 359 System (42.6 ly away)"
Gliese Gl 471,44.51,-43.57,-5.98,6.82,M0:,3884,0.318,Red,0.0206,0.5,Metal-poor,Main Sequence (Red Dwarf),images/red_dwarf.jpg,FALSE,0,"Gliese 581 System (33.4 ly away), Wolf 359 System (37.5 ly away), 55 Cancri System (39.2 ly away)"
Gliese Gl 528B,44.53,-35.27,-18.18,20.2,dK6,12000,0.073,White,0.0996,1.0,Solar metallicity,White Dwarf,images/sirius.jpg,FALSE,0,"Gliese 581 System (32.1 ly away), Wolf 359 System (39.5 ly away), Barnard's Star System (41.7 ly away)"
Gliese GJ 1035,44.56,4.26,1.54,44.33,m,3404,0.041,Red,0.0002,0.5,Metal-poor,Main Sequence (Red Dwarf),images/red_dwarf.jpg,FALSE,0,"Ross 128 System (42.4 ly away), Barnard's Star System (43.7 ly away), Solar System (Earth/Sun) (44.6 ly away)"
Gliese Gl 5,44.59,38.97,1.12,21.63,K0V,5430,0.883,Orange,0.6076,1.0,Solar metallicity,Main Sequence,images/orange_dwarf.jpg,TRUE,3,"Gliese 876 System (35.9 ly away), Tau Ceti System (38.2 ly away), Epsilon Eridani System (40.9 ly away)"
Alshain,44.68,21.41,-38.9,4.99,G8IVvar,5120,2.949,Yellow,5.3604,1.0,Solar metallicity,Subgiant,images/sun.jpg,FALSE,0,"Gliese 876 System (36.5 ly away), Gliese 667 System (36.9 ly away), Barnard's Star System (39.7 ly away)"
Gliese GJ 3326,44.68,10.56,42.56,8.57,m,3100,0.079,Red,0.0005,0.5,Metal-poor,Main Sequence (Red Dwarf),images/red_dwarf.jpg,FALSE,0,"Ross 128 System (35.9 ly away), Epsilon Eridani System (36.0 ly away), Tau Ceti System (39.4 ly away)"
Gliese Gl 398,44.68,-41.55,15.94,3.99,dM4  e,3649,0.097,White,0.0015,1.0,Solar metallicity,White Dwarf,images/sirius.jpg,FALSE,0,"55 Cancri System (25.0 ly away), Wolf 359 System (36.9 ly away), Ross 128 System (38.6 ly away)"
Gliese Gl 771B,44.71,21.42,-38.92,4.99,M3,3100,0.233,Red,0.0045,0.5,Metal-poor,Main Sequence (Red Dwarf),images/red_dwarf.jpg,FALSE,0,"Gliese 876 System (36.5 ly away), Gliese 667 System (36.9 ly away), Barnard's Star System (39.7 ly away)"
Hipparcos 48336,44.73,-36.97,23.29,-9.55,M0,3877,0.279,Red,0.0158,0.5,Metal-poor,Main Sequence (Red Dwarf),images/red_dwarf.jpg,FALSE,0,"55 Cancri System (31.5 ly away), Wolf 359 System (37.8 ly away), Ross 128 System (38.4 ly away)"
Gliese Gl 428A,44.73,-20.99,3.26,-39.36,K7V+...,4174,0.882,Orange,0.212,1.0,Solar metallicity,Main Sequence,images/orange_dwarf.jpg,FALSE,0,"Gliese 667 System (38.4 ly away), Proxima Centauri System (41.0 ly away), Gliese 581 System (41.9 ly away)"
17Iot Psc,44.73,44.34,-3.89,4.39,F7V,6357,1.579,Yellow-White,3.6509,1.0,Solar metallicity,Main Sequence,images/sun.jpg,FALSE,0,"Gliese 876 System (31.2 ly away), Tau Ceti System (36.0 ly away), Epsilon Eridani System (40.5 ly away)"
Gliese Gl 215,44.78,1.29,20.82,39.62,M0,3985,0.423,Red,0.0405,0.5,Metal-poor,Main Sequence (Red Dwarf),images/red_dwarf.jpg,FALSE,0,"55 Cancri System (33.1 ly away), Ross 128 System (38.1 ly away), Epsilon Eridani System (43.5 ly away)"
Gliese GJ 3520,44.8,-9.28,9.28,42.84,m,3516,0.047,Red,0.0003,0.5,Metal-poor,Main Sequence (Red Dwarf),images/red_dwarf.jpg,FALSE,0,"55 Cancri System (32.6 ly away), Ross 128 System (39.8 ly away), Wolf 359 System (42.5 ly away)"
Gliese Gl 333,44.8,-21.39,21.47,-33.0,M3,3705,0.114,Red,0.0022,0.5,Metal-poor,Main Sequence (Red Dwarf),images/red_dwarf.jpg,FALSE,0,"Wolf 359 System (41.5 ly away), Ross 128 System (42.2 ly away), Proxima Centauri System (42.3 ly away)"
Gliese Gl 162,44.86,17.45,33.03,24.86,M1,3779,0.276,Red,0.014,0.5,Metal-poor,Main Sequence (Red Dwarf),images/red_dwarf.jpg,FALSE,0,"Ross 128 System (37.8 ly away), Epsilon Eridani System (38.0 ly away), Tau Ceti System (40.3 ly away)"
Gliese Gl 895.2,44.86,44.27,-6.07,4.1,DAV4,8486,0.015,White,0.001,1.0,Solar metallicity,White Dwarf,images/sirius.jpg,FALSE,0,"Gliese 876 System (31.1 ly away), Tau Ceti System (36.5 ly away), Epsilon Eridani System (41.1 ly away)"
Gliese Gl 516B,44.89,-39.5,-16.92,12.98,dM3.5e,12000,0.01,White,0.002,1.0,Solar metallicity,White Dwarf,images/sirius.jpg,FALSE,0,"Gliese 581 System (30.9 ly away), Wolf 359 System (39.2 ly away), Barnard's Star System (42.5 ly away)"
Gliese Gl 310,44.93,-10.94,13.46,41.45,M2,3923,0.389,Red,0.0321,0.5,Metal-poor,Main Sequence (Red Dwarf),images/red_dwarf.jpg,FALSE,0,"55 Cancri System (28.8 ly away), Ross 128 System (38.9 ly away), Wolf 359 System (42.2 ly away)"
Gliese Gl 813,44.94,29.05,-29.71,17.1,M3,3745,0.123,Red,0.0027,0.5,Metal-poor,Main Sequence (Red Dwarf),images/red_dwarf.jpg,FALSE,0,"Gliese 876 System (36.1 ly away), Barnard's Star System (40.8 ly away), Tau Ceti System (44.4 ly away)"
Hipparcos 107427,44.94,34.81,-23.15,-16.51,G2V,6635,0.063,Yellow,0.0069,1.0,Solar metallicity,Main Sequence,images/sun.jpg,FALSE,0,"Gliese 876 System (30.7 ly away), Gliese 667 System (38.6 ly away), Tau Ceti System (39.6 ly away)"
Gliese Gl 853A,44.96,24.08,-11.45,-36.2,G1V,5913,1.041,Yellow,1.188,1.0,Solar metallicity,Main Sequence,images/sun.jpg,FALSE,0,"Gliese 876 System (34.7 ly away), Gliese 667 System (36.5 ly away), Tau Ceti System (39.3 ly away)"
Gliese GJ 3779,44.99,-38.3,-14.5,18.63,M3.5,3622,0.085,Red,0.0011,0.5,Metal-poor,Main Sequence (Red Dwarf),images/red_dwarf.jpg,TRUE,1,"Gliese 581 System (33.2 ly away), Wolf 359 System (39.2 ly away), 55 Cancri System (42.7 ly away)"
Gliese GJ 1270,45.11,31.21,-12.96,29.88,m,3581,0.075,Red,0.0008,0.5,Metal-poor,Main Sequence (Red Dwarf),images/red_dwarf.jpg,FALSE,0,"Gliese 876 System (38.7 ly away), Barnard's Star System (42.9 ly away), Tau Ceti System (43.1 ly away)"
Gliese Gl 524,45.17,-23.76,-11.69,-36.6,k,3734,0.098,Orange,0.0017,1.0,Solar metallicity,Main Sequence,images/orange_dwarf.jpg,FALSE,0,"Gliese 667 System (31.9 ly away), Gliese 581 System (35.8 ly away), Proxima Centauri System (41.0 ly away)"
Gliese GJ 4169,45.17,30.5,-32.27,8.32,m,3477,0.057,Red,0.0004,0.5,Metal-poor,Main Sequence (Red Dwarf),images/red_dwarf.jpg,FALSE,0,"Gliese 876 System (34.6 ly away), Barnard's Star System (41.1 ly away), Gliese 667 System (42.4 ly away)"
Gliese Gl 394,45.24,-23.39,9.64,37.5,K7 Ve,4069,0.477,Orange,0.056,1.0,Solar metallicity,Main Sequence,images/orange_dwarf.jpg,FALSE,0,"55 Cancri System (24.5 ly away), Ross 128 System (39.5 ly away), Wolf 359 System (40.6 ly away)"
Gliese GJ 1292,45.24,41.54,-0.41,17.9,k-m,3734,0.14,Orange,0.0034,1.0,Solar metallicity,Main Sequence,images/orange_dwarf.jpg,FALSE,0,"Gliese 876 System (35.1 ly away), Tau Ceti System (38.1 ly away), Epsilon Eridani System (41.4 ly away)"
Gliese Gl 615,45.29,-10.86,-21.73,-38.23,K0V,5236,0.492,Orange,0.1634,1.0,Solar metallicity,Main Sequence,images/orange_dwarf.jpg,FALSE,0,"Gliese 667 System (26.5 ly away), Gliese 581 System (36.1 ly away), Proxima Centauri System (41.1 ly away)"
Gliese Gl 512A,45.3,-41.94,-17.02,-1.87,M4+...,3736,0.176,Red,0.0054,0.5,Metal-poor,Main Sequence (Red Dwarf),images/red_dwarf.jpg,FALSE,0,"Gliese 581 System (29.0 ly away), Wolf 359 System (39.5 ly away), Gliese 667 System (40.2 ly away)"
Gliese GJ 3053,45.3,42.86,8.53,-11.93,m,3100,0.065,Red,0.0004,0.5,Metal-poor,Main Sequence (Red Dwarf),images/red_dwarf.jpg,FALSE,0,"Gliese 876 System (32.4 ly away), Tau Ceti System (33.9 ly away), Epsilon Eridani System (38.1 ly away)"
Gliese GJ 3336,45.3,6.41,29.12,34.11,M2,3749,0.162,Red,0.0047,0.5,Metal-poor,Main Sequence (Red Dwarf),images/red_dwarf.jpg,FALSE,0,"55 Cancri System (34.3 ly away), Ross 128 System (37.5 ly away), Epsilon Eridani System (41.4 ly away)"
Gliese GJ 3898,45.3,-21.09,-23.56,32.44,m,3100,0.096,Red,0.0008,0.5,Metal-poor,Main Sequence (Red Dwarf),images/red_dwarf.jpg,FALSE,0,"Gliese 581 System (37.0 ly away), Barnard's Star System (41.4 ly away), Wolf 359 System (42.9 ly away)"
Gliese GJ 4055,45.3,4.08,-39.73,21.38,M3,3635,0.104,Red,0.0017,0.5,Metal-poor,Main Sequence (Red Dwarf),images/red_dwarf.jpg,FALSE,0,"Gliese 581 System (38.3 ly away), Barnard's Star System (39.6 ly away), Gliese 667 System (41.2 ly away)"
Gliese GJ 4056,45.3,4.75,-45.03,1.33,g,3705,0.135,Yellow,0.0031,1.0,Solar metallicity,Main Sequence,images/sun.jpg,FALSE,0,"Gliese 667 System (31.4 ly away), Gliese 581 System (34.8 ly away), Barnard's Star System (39.6 ly away)"
Gliese GJ 4279,45.3,41.33,-17.75,5.38,dM3   :,3568,0.077,White,0.0009,1.0,Solar metallicity,White Dwarf,images/sirius.jpg,FALSE,0,"Gliese 876 System (31.7 ly away), Tau Ceti System (39.5 ly away), Barnard's Star System (43.3 ly away)"
Gliese Gl 606,45.33,-22.45,-38.84,-6.51,M0,3798,0.24,Red,0.0107,0.5,Metal-poor,Main Sequence (Red Dwarf),images/red_dwarf.jpg,FALSE,0,"Gliese 581 System (25.6 ly away), Gliese 667 System (28.8 ly away), Barnard's Star System (40.7 ly away)"
18 Sco,45.34,-19.73,-40.28,-6.6,G1V,5771,1.038,Yellow,1.0715,1.0,Solar metallicity,Main Sequence,images/sun.jpg,FALSE,0,"Gliese 581 System (26.1 ly away), Gliese 667 System (28.2 ly away), Barnard's Star System (40.5 ly away)"
Gliese Gl 353,45.36,-29.18,22.0,26.86,M0,3832,0.27,Red,0.0141,0.5,Metal-poor,Main Sequence (Red Dwarf),images/red_dwarf.jpg,FALSE,0,"55 Cancri System (10.0 ly away), Ross 128 System (36.9 ly away), Wolf 359 System (39.2 ly away)"
Gliese GJ 3637,45.36,-43.82,11.47,2.38,m,3477,0.055,Red,0.0004,0.5,Metal-poor,Main Sequence (Red Dwarf),images/red_dwarf.jpg,FALSE,0,"55 Cancri System (29.5 ly away), Wolf 359 System (37.6 ly away), Ross 128 System (40.5 ly away)"
Gliese Gl 400A,45.39,-33.65,11.36,28.26,M2,3924,0.415,Red,0.0366,0.5,Metal-poor,Main Sequence (Red Dwarf),images/red_dwarf.jpg,FALSE,0,"55 Cancri System (19.6 ly away), Wolf 359 System (39.0 ly away), Ross 128 System (39.2 ly away)"
Gliese GJ 1182,45.43,-37.59,-25.24,3.69,m,3490,0.049,Red,0.0003,0.5,Metal-poor,Main Sequence (Red Dwarf),images/red_dwarf.jpg,FALSE,0,"Gliese 581 System (27.3 ly away), Gliese 667 System (38.8 ly away), Wolf 359 System (40.8 ly away)"
Gliese Gl 836,45.49,33.9,-23.95,-18.62,M3.5,3705,0.065,Red,0.0007,0.5,Metal-poor,Main Sequence (Red Dwarf),images/red_dwarf.jpg,FALSE,0,"Gliese 876 System (31.6 ly away), Gliese 667 System (38.1 ly away), Tau Ceti System (40.4 ly away)"
Hipparcos 17420,45.5,24.05,35.63,-14.9,K2V,4925,0.681,Orange,0.245,1.0,Solar metallicity,Main Sequence,images/orange_dwarf.jpg,FALSE,0,"Epsilon Eridani System (35.2 ly away), Tau Ceti System (35.5 ly away), Ross 128 System (41.8 ly away)"
10 Tau,45.54,26.63,36.94,0.32,F9V,6067,1.639,Yellow-White,3.2659,1.0,Solar metallicity,Main Sequence,images/sun.jpg,FALSE,0,"Epsilon Eridani System (35.3 ly away), Tau Ceti System (36.0 ly away), Ross 128 System (40.5 ly away)"
Gliese Gl 899,45.59,45.3,-5.15,0.14,M3,3864,0.171,Red,0.0058,0.5,Metal-poor,Main Sequence (Red Dwarf),images/red_dwarf.jpg,FALSE,0,"Gliese 876 System (31.4 ly away), Tau Ceti System (36.6 ly away), Epsilon Eridani System (41.4 ly away)"
Hipparcos 52190,45.61,-33.8,12.34,-28.03,G2V,3750,0.194,Yellow,0.0067,1.0,Solar metallicity,Main Sequence,images/sun.jpg,FALSE,0,"Wolf 359 System (40.5 ly away), Proxima Centauri System (42.8 ly away), Gliese 581 System (42.9 ly away)"
Hipparcos 52596,45.67,-37.16,12.56,-23.39,G2V,3789,0.173,Yellow,0.0056,1.0,Solar metallicity,Main Sequence,images/sun.jpg,FALSE,0,"Wolf 359 System (39.8 ly away), Gliese 581 System (42.3 ly away), Proxima Centauri System (43.1 ly away)"
Gliese GJ 1072,45.68,12.58,40.4,17.2,m,3222,0.038,Red,0.0001,0.5,Metal-poor,Main Sequence (Red Dwarf),images/red_dwarf.jpg,FALSE,0,"Ross 128 System (37.1 ly away), Epsilon Eridani System (37.8 ly away), 55 Cancri System (39.6 ly away)"
Gliese Gl 552,45.69,-34.98,-26.72,12.23,M3,3838,0.218,Red,0.0092,0.5,Metal-poor,Main Sequence (Red Dwarf),images/red_dwarf.jpg,FALSE,0,"Gliese 581 System (28.9 ly away), Wolf 359 System (41.4 ly away), Gliese 667 System (41.4 ly away)"
Gliese GJ 3564,45.75,-33.8,22.81,20.75,M:,3731,0.12,Red,0.0025,0.5,Metal-poor,Main Sequence (Red Dwarf),images/red_dwarf.jpg,FALSE,0,"55 Cancri System (10.2 ly away), Ross 128 System (37.3 ly away), Wolf 359 System (38.9 ly away)"
Gliese Gl 133,45.8,5.09,6.14,45.1,M2:,3663,0.187,Red,0.0056,0.5,Metal-poor,Main Sequence (Red Dwarf),images/red_dwarf.jpg,FALSE,0,"Ross 128 System (42.7 ly away), 55 Cancri System (43.9 ly away), Barnard's Star System (45.5 ly away)"
Gliese Gl 770,45.82,20.03,-36.78,-18.59,K3/K4V,4702,1.129,Orange,0.5587,1.0,Solar metallicity,Main Sequence,images/orange_dwarf.jpg,FALSE,0,"Gliese 667 System (30.3 ly away), Gliese 876 System (36.2 ly away), Barnard's Star System (42.1 ly away)"
Chalawan,45.87,-33.7,9.11,29.75,G0V,5875,1.252,Yellow,1.6749,1.0,Solar metallicity,Main Sequence,images/sun.jpg,TRUE,3,"55 Cancri System (22.0 ly away), Wolf 359 System (39.6 ly away), Ross 128 System (40.1 ly away)"
Gliese GJ 1046,45.9,30.19,20.98,-27.48,G2V,3779,0.148,Yellow,0.004,1.0,Solar metallicity,Main Sequence,images/sun.jpg,FALSE,0,"Tau Ceti System (35.2 ly away), Epsilon Eridani System (37.4 ly away), Gliese 876 System (38.1 ly away)"
Gliese Gl 201,45.94,6.93,43.3,13.68,K2,4506,0.561,Orange,0.1163,1.0,Solar metallicity,Main Sequence,images/orange_dwarf.jpg,FALSE,0,"55 Cancri System (36.1 ly away), Ross 128 System (36.4 ly away), Epsilon Eridani System (38.3 ly away)"
Gliese GJ 4040,45.94,-0.3,-31.57,33.38,M:,3705,0.14,Red,0.0033,0.5,Metal-poor,Main Sequence (Red Dwarf),images/red_dwarf.jpg,FALSE,0,"Barnard's Star System (41.0 ly away), Gliese 581 System (41.5 ly away), Solar System (Earth/Sun) (45.9 ly away)"
Gliese GJ 3061B,45.94,40.69,9.12,19.28,m,3100,0.1,Red,0.0008,0.5,Metal-poor,Main Sequence (Red Dwarf),images/red_dwarf.jpg,FALSE,0,"Gliese 876 System (37.6 ly away), Tau Ceti System (38.1 ly away), Epsilon Eridani System (40.4 ly away)"
Gliese GJ 3490B,45.94,-20.84,30.84,-26.92,G2V,5700,0.085,Yellow,0.0069,1.0,Solar metallicity,Main Sequence,images/sun.jpg,FALSE,0,"Ross 128 System (40.8 ly away), Wolf 359 System (42.2 ly away), Epsilon Eridani System (43.3 ly away)"
Gliese GJ 3861,45.94,-18.68,-15.24,39.1,m,3100,0.205,Red,0.0035,0.5,Metal-poor,Main Sequence (Red Dwarf),images/red_dwarf.jpg,FALSE,0,"Gliese 581 System (42.2 ly away), Barnard's Star System (43.0 ly away), Wolf 359 System (43.4 ly away)"
Gliese GJ 4038,45.94,-0.57,-44.2,12.49,m,3100,0.165,Red,0.0023,0.5,Metal-poor,Main Sequence (Red Dwarf),images/red_dwarf.jpg,FALSE,0,"Gliese 581 System (34.9 ly away), Gliese 667 System (36.4 ly away), Barnard's Star System (40.0 ly away)"
Gliese GJ 4288A,45.94,37.53,-13.96,-22.52,m,3100,0.299,Red,0.0074,0.5,Metal-poor,Main Sequence (Red Dwarf),images/red_dwarf.jpg,FALSE,0,"Gliese 876 System (31.5 ly away), Tau Ceti System (38.4 ly away), Gliese 667 System (42.2 ly away)"
Gliese GJ 4289B,45.94,37.53,-13.96,-22.52,m,3100,0.135,Red,0.0015,0.5,Metal-poor,Main Sequence (Red Dwarf),images/red_dwarf.jpg,FALSE,0,"Gliese 876 System (31.5 ly away), Tau Ceti System (38.4 ly away), Gliese 667 System (42.2 ly away)"
Gliese Gl 878,45.94,21.37,-6.3,40.18,M3,3649,0.092,Red,0.0014,0.5,Metal-poor,Main Sequence (Red Dwarf),images/red_dwarf.jpg,FALSE,0,"Barnard's Star System (44.3 ly away), Gliese 876 System (44.6 ly away), Solar System (Earth/Sun) (45.9 ly away)"
Gliese Gl 684B,45.95,-2.36,-21.53,40.52,K3 V,4515,0.526,Orange,0.1032,1.0,Solar metallicity,Main Sequence,images/orange_dwarf.jpg,FALSE,0,"Barnard's Star System (42.2 ly away), Gliese 581 System (44.9 ly away), Solar System (Earth/Sun) (45.9 ly away)"
Gliese Gl 739,45.97,7.81,-29.58,-34.31,M4,3877,0.174,Red,0.0061,0.5,Metal-poor,Main Sequence (Red Dwarf),images/red_dwarf.jpg,FALSE,0,"Gliese 667 System (26.5 ly away), Gliese 876 System (40.2 ly away), Gliese 581 System (40.4 ly away)"
Gliese Gl 685,45.98,-2.32,-21.69,40.48,M1,3861,0.297,Red,0.0176,0.5,Metal-poor,Main Sequence (Red Dwarf),images/red_dwarf.jpg,FALSE,0,"Barnard's Star System (42.2 ly away), Gliese 581 System (44.9 ly away), Solar System (Earth/Sun) (46.0 ly away)"
Errai,46.0,9.81,-0.89,44.93,K1IV,4670,4.593,Orange,9.0033,1.0,Solar metallicity,Subgiant,images/orange_dwarf.jpg,FALSE,0,"Barnard's Star System (44.9 ly away), Ross 128 System (44.9 ly away), Solar System (Earth/Sun) (46.0 ly away)"
Gliese GJ 1220,46.0,-0.79,-6.28,45.56,m,3440,0.054,Red,0.0004,0.5,Metal-poor,Main Sequence (Red Dwarf),images/red_dwarf.jpg,FALSE,0,"Barnard's Star System (44.1 ly away), Ross 128 System (45.2 ly away), Wolf 359 System (45.9 ly away)"
Gliese Gl 400B,46.02,-34.12,11.52,28.66,G2V,5700,0.049,Yellow,0.0023,1.0,Solar metallicity,Main Sequence,images/sun.jpg,FALSE,0,"55 Cancri System (19.9 ly away), Wolf 359 System (39.6 ly away), Ross 128 System (39.8 ly away)"
Gliese Gl 127B,46.03,26.93,29.93,-22.31,G7 V,5700,0.619,Yellow,0.3624,1.0,Solar metallicity,Main Sequence,images/sun.jpg,FALSE,0,"Tau Ceti System (35.5 ly away), Epsilon Eridani System (36.4 ly away), Gliese 876 System (40.9 ly away)"
Gliese GJ 4073,46.07,6.57,-34.32,30.02,m,3100,0.025,Red,0.0001,0.5,Metal-poor,Main Sequence (Red Dwarf),images/red_dwarf.jpg,FALSE,0,"Barnard's Star System (40.9 ly away), Gliese 581 System (42.6 ly away), Gliese 876 System (45.9 ly away)"
Gliese Gl 875,46.09,43.64,-13.69,-5.69,K5,3867,0.314,Orange,0.0198,1.0,Solar metallicity,Main Sequence,images/orange_dwarf.jpg,FALSE,0,"Gliese 876 System (31.0 ly away), Tau Ceti System (38.3 ly away), Epsilon Eridani System (43.6 ly away)"
Gliese Gl 512B,46.18,-42.76,-17.35,-1.9,M4,3541,0.064,Red,0.0006,0.5,Metal-poor,Main Sequence (Red Dwarf),images/red_dwarf.jpg,FALSE,0,"Gliese 581 System (29.9 ly away), Wolf 359 System (40.4 ly away), Gliese 667 System (41.0 ly away)"
Gliese GJ 3693,46.2,-45.83,1.22,5.63,M6  :,3490,0.019,Red,0.0001,0.5,Metal-poor,Main Sequence (Red Dwarf),images/red_dwarf.jpg,FALSE,0,"55 Cancri System (35.4 ly away), Gliese 581 System (37.8 ly away), Wolf 359 System (38.7 ly away)"
Gliese Gl 42,46.22,38.82,9.15,-23.36,K2V,4902,0.683,Orange,0.2414,1.0,Solar metallicity,Main Sequence,images/orange_dwarf.jpg,FALSE,0,"Gliese 876 System (34.2 ly away), Tau Ceti System (35.1 ly away), Epsilon Eridani System (39.2 ly away)"
Hipparcos 36985,46.23,-18.8,42.16,-2.51,G2V,3862,0.314,Yellow,0.0197,1.0,Solar metallicity,Main Sequence,images/sun.jpg,FALSE,0,"55 Cancri System (27.6 ly away), Ross 128 System (36.2 ly away), Wolf 359 System (41.8 ly away)"
Gliese Gl 481,46.24,-43.87,-7.96,12.26,K2,4495,0.572,Orange,0.12,1.0,Solar metallicity,Main Sequence,images/orange_dwarf.jpg,FALSE,0,"Gliese 581 System (35.1 ly away), Wolf 359 System (39.4 ly away), 55 Cancri System (39.7 ly away)"
26 Dra,46.28,-2.38,-21.69,40.82,G0V,5960,1.12,Yellow,1.4191,1.0,Solar metallicity,Main Sequence,images/sun.jpg,FALSE,0,"Barnard's Star System (42.5 ly away), Gliese 581 System (45.2 ly away), Solar System (Earth/Sun) (46.3 ly away)"
Gliese Gl 282B,46.3,-19.54,41.88,-2.91,K5,4069,0.435,Orange,0.0466,1.0,Solar metallicity,Main Sequence,images/orange_dwarf.jpg,FALSE,0,"55 Cancri System (27.6 ly away), Ross 128 System (36.4 ly away), Wolf 359 System (41.7 ly away)"
Gliese Gl 532,46.33,-26.32,-13.99,35.46,K5,4091,0.455,Orange,0.0521,1.0,Solar metallicity,Main Sequence,images/orange_dwarf.jpg,FALSE,0,"Gliese 581 System (40.5 ly away), Wolf 359 System (42.5 ly away), 55 Cancri System (43.1 ly away)"
Gliese Gl 282A,46.35,-19.55,41.92,-2.91,K2V,5021,0.644,Orange,0.2362,1.0,Solar metallicity,Main Sequence,images/orange_dwarf.jpg,FALSE,0,"55 Cancri System (27.7 ly away), Ross 128 System (36.4 ly away), Wolf 359 System (41.8 ly away)"
1Tau1Eri,46.38,33.04,29.0,-14.77,F5/F6V,6476,1.349,Yellow-White,2.8708,1.0,Solar metallicity,Main Sequence,images/sun.jpg,FALSE,0,"Tau Ceti System (35.0 ly away), Epsilon Eridani System (36.3 ly away), Gliese 876 System (39.8 ly away)"
Dalim,46.43,27.17,30.19,-22.5,F8V,6200,2.005,Yellow-White,5.3309,1.0,Solar metallicity,Main Sequence,images/sun.jpg,FALSE,0,"Tau Ceti System (35.9 ly away), Epsilon Eridani System (36.8 ly away), Gliese 876 System (41.3 ly away)"
Gliese GJ 3655,46.46,-44.61,7.5,-10.63,M8,3100,0.025,Red,0.0001,0.5,Metal-poor,Main Sequence (Red Dwarf),images/red_dwarf.jpg,FALSE,0,"Wolf 359 System (39.3 ly away), Gliese 581 System (39.8 ly away), 55 Cancri System (40.4 ly away)"
Gliese Gl 589A,46.46,-26.11,-35.72,14.13,M4.5:,3677,0.108,Red,0.0019,0.5,Metal-poor,Main Sequence (Red Dwarf),images/red_dwarf.jpg,FALSE,0,"Gliese 581 System (29.5 ly away), Gliese 667 System (39.5 ly away), Barnard's Star System (41.6 ly away)"
Gliese Gl 589B,46.46,-26.12,-35.73,14.14,M6,3380,0.039,Red,0.0002,0.5,Metal-poor,Main Sequence (Red Dwarf),images/red_dwarf.jpg,FALSE,0,"Gliese 581 System (29.5 ly away), Gliese 667 System (39.5 ly away), Barnard's Star System (41.6 ly away)"
Gliese Gl 421B,46.52,-43.37,8.56,-14.49,K7V,4051,0.275,Orange,0.0182,1.0,Solar metallicity,Main Sequence,images/orange_dwarf.jpg,FALSE,0,"Wolf 359 System (39.6 ly away), Gliese 581 System (40.4 ly away), 55 Cancri System (42.4 ly away)"
Hipparcos 81935,46.52,-11.74,-34.22,-29.24,K2V,4686,0.634,Orange,0.1739,1.0,Solar metallicity,Main Sequence,images/orange_dwarf.jpg,FALSE,0,"Gliese 667 System (24.2 ly away), Gliese 581 System (32.6 ly away), Proxima Centauri System (42.7 ly away)"
3Eta Cep,46.53,14.5,-16.49,41.02,K0IV,4964,3.751,Orange,7.663,1.0,Solar metallicity,Subgiant,images/orange_dwarf.jpg,FALSE,0,"Barnard's Star System (43.5 ly away), Gliese 876 System (46.4 ly away), Solar System (Earth/Sun) (46.5 ly away)"
Gliese GJ 3211,46.53,30.77,34.89,0.53,G2V,5700,0.09,Yellow,0.0077,1.0,Solar metallicity,Main Sequence,images/sun.jpg,FALSE,0,"Epsilon Eridani System (36.3 ly away), Tau Ceti System (36.4 ly away), Ross 128 System (42.4 ly away)"
Gliese Gl 168.1,46.53,18.16,39.93,15.52,G2V,4743,0.019,Yellow,0.0002,1.0,Solar metallicity,Main Sequence,images/sun.jpg,FALSE,0,"Epsilon Eridani System (38.0 ly away), Ross 128 System (38.9 ly away), Tau Ceti System (40.4 ly away)"
Gliese GJ 3846,46.57,-37.12,-27.2,7.2,M:,3631,0.121,Red,0.0023,0.5,Metal-poor,Main Sequence (Red Dwarf),images/red_dwarf.jpg,FALSE,0,"Gliese 581 System (28.7 ly away), Gliese 667 System (40.4 ly away), Wolf 359 System (42.2 ly away)"
Gliese Gl 726,46.57,9.55,-45.48,-2.96,K5,4130,0.451,Orange,0.0531,1.0,Solar metallicity,Main Sequence,images/orange_dwarf.jpg,FALSE,0,"Gliese 667 System (31.7 ly away), Gliese 581 System (37.6 ly away), Barnard's Star System (41.1 ly away)"
Gliese GJ 3136,46.59,25.63,16.15,35.4,M5  :,3734,0.102,Red,0.0018,0.5,Metal-poor,Main Sequence (Red Dwarf),images/red_dwarf.jpg,FALSE,0,"Epsilon Eridani System (42.6 ly away), Tau Ceti System (43.1 ly away), Ross 128 System (43.6 ly away)"
Gliese GJ 3237,46.59,27.22,37.71,2.84,dM5  :,12000,0.01,White,0.0005,1.0,Solar metallicity,White Dwarf,images/sirius.jpg,FALSE,0,"Epsilon Eridani System (36.4 ly away), Tau Ceti System (37.3 ly away), Ross 128 System (41.4 ly away)"
Gliese GJ 3467,46.59,-22.79,40.21,5.91,m,3100,0.082,Red,0.0006,0.5,Metal-poor,Main Sequence (Red Dwarf),images/red_dwarf.jpg,FALSE,0,"55 Cancri System (19.6 ly away), Ross 128 System (36.0 ly away), Wolf 359 System (41.4 ly away)"
Gliese GJ 3729,46.59,-34.49,-4.4,31.01,m,3100,0.122,Red,0.0012,0.5,Metal-poor,Main Sequence (Red Dwarf),images/red_dwarf.jpg,FALSE,0,"55 Cancri System (34.1 ly away), Wolf 359 System (41.0 ly away), Gliese 581 System (41.5 ly away)"
Gliese GJ 3943,46.59,-7.11,-14.13,-43.83,k-m,4500,0.039,Orange,0.0006,1.0,Solar metallicity,Main Sequence,images/orange_dwarf.jpg,FALSE,0,"Gliese 667 System (31.3 ly away), Gliese 581 System (41.5 ly away), Proxima Centauri System (42.5 ly away)"
Gliese Gl 529,46.64,-38.35,-19.91,-17.56,K4/K5V,4200,0.589,Orange,0.097,1.0,Solar metallicity,Main Sequence,images/orange_dwarf.jpg,FALSE,0,"Gliese 581 System (29.8 ly away), Gliese 667 System (35.4 ly away), Wolf 359 System (42.2 ly away)"
Gliese GJ 3148A,46.72,33.14,22.5,-24.05,G2V,3673,0.13,Yellow,0.0028,1.0,Solar metallicity,Main Sequence,images/sun.jpg,FALSE,0,"Tau Ceti System (35.5 ly away), Epsilon Eridani System (37.8 ly away), Gliese 876 System (38.5 ly away)"
42Alp Com,46.72,-42.49,-13.39,14.07,F5 V,6500,0.977,Yellow-White,1.5276,1.0,Solar metallicity,Main Sequence,images/sun.jpg,FALSE,0,"Gliese 581 System (34.0 ly away), Wolf 359 System (40.5 ly away), 55 Cancri System (43.6 ly away)"
72 Her,46.73,-6.73,-38.84,25.08,G0V,5894,1.079,Yellow,1.2601,1.0,Solar metallicity,Main Sequence,images/sun.jpg,FALSE,0,"Gliese 581 System (36.9 ly away), Barnard's Star System (41.2 ly away), Gliese 667 System (43.4 ly away)"
Gliese Gl 546,46.79,-33.12,-23.61,23.13,K5V,4167,0.5,Orange,0.0675,1.0,Solar metallicity,Main Sequence,images/orange_dwarf.jpg,FALSE,0,"Gliese 581 System (33.8 ly away), Wolf 359 System (42.6 ly away), Barnard's Star System (43.3 ly away)"
3Pi 1UMa,46.82,-12.66,15.19,42.44,G1.5Vb,5898,0.962,Yellow,1.0046,1.0,Solar metallicity,Main Sequence,images/sun.jpg,FALSE,0,"55 Cancri System (28.1 ly away), Ross 128 System (40.4 ly away), Wolf 359 System (43.8 ly away)"
Gliese Gl 611B,46.85,-17.5,-31.84,29.59,m,3490,0.052,Red,0.0004,0.5,Metal-poor,Main Sequence (Red Dwarf),images/red_dwarf.jpg,FALSE,0,"Gliese 581 System (36.6 ly away), Barnard's Star System (42.1 ly away), Wolf 359 System (45.5 ly away)"
Gliese Gl 480,46.87,-45.24,-7.75,9.5,M4,3832,0.153,Red,0.0046,0.5,Metal-poor,Main Sequence (Red Dwarf),images/red_dwarf.jpg,FALSE,0,"Gliese 581 System (35.4 ly away), Wolf 359 System (40.0 ly away), 55 Cancri System (40.8 ly away)"
Gliese Gl 796,46.91,27.62,-32.86,-18.91,G8/K0V,5538,0.781,Yellow,0.5148,1.0,Solar metallicity,Main Sequence,images/sun.jpg,FALSE,0,"Gliese 667 System (34.7 ly away), Gliese 876 System (35.0 ly away), Barnard's Star System (43.8 ly away)"
Gliese Gl 816,46.91,33.25,-32.68,-5.16,M3,3753,0.181,Red,0.0058,0.5,Metal-poor,Main Sequence (Red Dwarf),images/red_dwarf.jpg,FALSE,0,"Gliese 876 System (34.3 ly away), Gliese 667 System (40.1 ly away), Barnard's Star System (43.4 ly away)"
Gliese Gl 130.1A,46.92,16.22,18.69,39.87,M2,3902,0.231,Red,0.0111,0.5,Metal-poor,Main Sequence (Red Dwarf),images/red_dwarf.jpg,FALSE,0,"Ross 128 System (42.3 ly away), Epsilon Eridani System (44.0 ly away), Tau Ceti System (45.6 ly away)"
111 Tau,46.92,6.92,44.24,14.02,F8V SB,6196,1.168,Yellow-White,1.803,1.0,Solar metallicity,Main Sequence,images/sun.jpg,FALSE,0,"55 Cancri System (36.5 ly away), Ross 128 System (37.4 ly away), Epsilon Eridani System (39.3 ly away)"
Sharjah,46.96,-20.05,-39.65,-15.19,G2V,3815,0.166,Yellow,0.0053,1.0,Solar metallicity,Main Sequence,images/sun.jpg,FALSE,0,"Gliese 667 System (27.2 ly away), Gliese 581 System (28.2 ly away), Barnard's Star System (42.7 ly away)"
Gliese Gl 794,47.0,26.56,-33.28,19.91,DA3,11092,0.018,White,0.0045,1.0,Solar metallicity,White Dwarf,images/sirius.jpg,FALSE,0,"Gliese 876 System (39.4 ly away), Barnard's Star System (42.5 ly away), Gliese 667 System (46.9 ly away)"
Gliese Gl 763,47.05,18.83,-42.95,3.76,K5,3967,0.385,Orange,0.033,1.0,Solar metallicity,Main Sequence,images/orange_dwarf.jpg,FALSE,0,"Gliese 667 System (37.1 ly away), Gliese 876 System (39.7 ly away), Barnard's Star System (41.8 ly away)"
Gliese Gl 363,47.06,-21.72,14.87,39.01,M3.5,3749,0.101,Red,0.0018,0.5,Metal-poor,Main Sequence (Red Dwarf),images/red_dwarf.jpg,FALSE,0,"55 Cancri System (22.9 ly away), Ross 128 System (40.3 ly away), Wolf 359 System (42.6 ly away)"
Gliese GJ 3093A,47.13,44.09,16.65,0.44,m,3440,0.061,Red,0.0005,0.5,Metal-poor,Main Sequence (Red Dwarf),images/red_dwarf.jpg,FALSE,0,"Tau Ceti System (35.9 ly away), Gliese 876 System (36.7 ly away), Epsilon Eridani System (38.9 ly away)"
Gliese GJ 3094B,47.13,44.09,16.65,0.44,m,3100,0.047,Red,0.0002,0.5,Metal-poor,Main Sequence (Red Dwarf),images/red_dwarf.jpg,FALSE,0,"Tau Ceti System (35.9 ly away), Gliese 876 System (36.7 ly away), Epsilon Eridani System (38.9 ly away)"
Gliese GJ 4026,47.13,-2.6,-42.76,19.66,m,3779,0.092,Red,0.0016,0.5,Metal-poor,Main Sequence (Red Dwarf),images/red_dwarf.jpg,FALSE,0,"Gliese 581 System (36.9 ly away), Gliese 667 System (40.8 ly away), Barnard's Star System (41.3 ly away)"
Gliese Gl 714,47.13,3.26,-24.57,-40.09,M1,3824,0.33,Red,0.0209,0.5,Metal-poor,Main Sequence (Red Dwarf),images/red_dwarf.jpg,FALSE,0,"Gliese 667 System (28.5 ly away), Gliese 581 System (41.8 ly away), Gliese 876 System (43.0 ly away)"
Gliese GJ 3892,47.14,-31.86,-34.65,2.6,M:,3777,0.161,Red,0.0047,0.5,Metal-poor,Main Sequence (Red Dwarf),images/red_dwarf.jpg,FALSE,0,"Gliese 581 System (27.5 ly away), Gliese 667 System (36.4 ly away), Barnard's Star System (42.9 ly away)"
Gliese GJ 1171,47.2,-41.15,-17.16,15.49,G2V,3392,0.044,Yellow,0.0002,1.0,Solar metallicity,Main Sequence,images/sun.jpg,FALSE,0,"Gliese 581 System (33.6 ly away), Wolf 359 System (41.5 ly away), Barnard's Star System (44.8 ly away)"
Gliese Gl 712,47.2,4.52,-46.69,5.21,M3,3824,0.094,Red,0.0017,0.5,Metal-poor,Main Sequence (Red Dwarf),images/red_dwarf.jpg,FALSE,0,"Gliese 667 System (34.6 ly away), Gliese 581 System (36.7 ly away), Barnard's Star System (41.3 ly away)"
Gliese GJ 3438,47.26,-12.23,34.48,29.92,M1,3782,0.275,Red,0.0139,0.5,Metal-poor,Main Sequence (Red Dwarf),images/red_dwarf.jpg,FALSE,0,"55 Cancri System (18.3 ly away), Ross 128 System (37.2 ly away), Wolf 359 System (43.7 ly away)"
Gliese GJ 1177A,47.26,-35.57,-18.06,-25.35,K5/M1V+K5,4082,0.641,Orange,0.1023,1.0,Solar metallicity,Main Sequence,images/orange_dwarf.jpg,FALSE,0,"Gliese 581 System (32.1 ly away), Gliese 667 System (34.5 ly away), Wolf 359 System (43.5 ly away)"
Gliese GJ 3614,47.27,-41.48,15.32,-16.7,DQP9,12000,0.01,White,0.0001,1.0,Solar metallicity,White Dwarf,images/sirius.jpg,FALSE,0,"Wolf 359 System (40.5 ly away), 55 Cancri System (41.1 ly away), Ross 128 System (43.4 ly away)"
Gliese GJ 1157,47.27,-32.3,-3.26,-34.36,k,3635,0.065,Orange,0.0007,1.0,Solar metallicity,Main Sequence,images/orange_dwarf.jpg,FALSE,0,"Gliese 581 System (39.0 ly away), Gliese 667 System (39.0 ly away), Proxima Centauri System (43.5 ly away)"
Gliese GJ 1177B,47.27,-35.57,-18.07,-25.35,G2V,4017,0.42,Yellow,0.0412,1.0,Solar metallicity,Main Sequence,images/sun.jpg,FALSE,0,"Gliese 581 System (32.1 ly away), Gliese 667 System (34.5 ly away), Wolf 359 System (43.5 ly away)"
Gliese GJ 3866,47.27,-33.54,-30.04,-14.38,DC9,4892,0.01,White,0.0001,1.0,Solar metallicity,White Dwarf,images/sirius.jpg,FALSE,0,"Gliese 581 System (27.8 ly away), Gliese 667 System (32.4 ly away), Proxima Centauri System (44.2 ly away)"
Gliese GJ 3893,47.27,-30.12,-32.89,15.67,m,3100,0.1,Red,0.0008,0.5,Metal-poor,Main Sequence (Red Dwarf),images/red_dwarf.jpg,FALSE,0,"Gliese 581 System (30.7 ly away), Gliese 667 System (41.9 ly away), Barnard's Star System (42.9 ly away)"
Gliese Gl 630.1A,47.27,-9.36,-23.85,39.7,dM4  e,3649,0.089,White,0.0013,1.0,Solar metallicity,White Dwarf,images/sirius.jpg,FALSE,0,"Barnard's Star System (43.3 ly away), Gliese 581 System (43.4 ly away), Wolf 359 System (46.7 ly away)"
Gliese Gl 630.1B,47.27,-9.36,-23.86,39.72,DQ8,6435,0.011,White,0.0002,1.0,Solar metallicity,White Dwarf,images/sirius.jpg,FALSE,0,"Barnard's Star System (43.3 ly away), Gliese 581 System (43.4 ly away), Wolf 359 System (46.7 ly away)"
Gliese GJ 3997,47.27,-8.56,-43.87,15.39,M2,3720,0.276,Red,0.0131,0.5,Metal-poor,Main Sequence (Red Dwarf),images/red_dwarf.jpg,FALSE,0,"Gliese 581 System (34.1 ly away), Gliese 667 System (38.6 ly away), Barnard's Star System (41.4 ly away)"
Gliese Gl 123,47.31,32.48,34.36,1.62,M0V,4020,0.429,Red,0.0432,0.5,Metal-poor,Main Sequence (Red Dwarf),images/red_dwarf.jpg,FALSE,0,"Tau Ceti System (37.1 ly away), Epsilon Eridani System (37.2 ly away), Gliese 876 System (43.1 ly away)"
Talitha,47.32,-22.3,22.45,35.19,A7IV,7989,1.683,White,10.3562,1.4,Metal-rich,Subgiant,images/sirius.jpg,FALSE,0,"55 Cancri System (16.6 ly away), Ross 128 System (39.0 ly away), Wolf 359 System (42.5 ly away)"
Gliese Gl 611A,47.36,-17.67,-32.19,29.9,G8V,5488,0.699,Yellow,0.3981,1.0,Solar metallicity,Main Sequence,images/sun.jpg,FALSE,0,"Gliese 581 System (37.0 ly away), Barnard's Star System (42.6 ly away), Wolf 359 System (46.0 ly away)"
23The Boo,47.39,-23.59,-17.33,37.27,F7V,6403,1.718,Yellow-White,4.4504,1.0,Solar metallicity,Main Sequence,images/sun.jpg,FALSE,0,"Gliese 581 System (41.4 ly away), Wolf 359 System (44.2 ly away), Barnard's Star System (44.4 ly away)"
Gliese Gl 875.1,47.42,38.55,-11.81,24.96,M3.5Ve,3794,0.147,Red,0.004,0.5,Metal-poor,Main Sequence (Red Dwarf),images/red_dwarf.jpg,FALSE,0,"Gliese 876 System (38.4 ly away), Tau Ceti System (43.3 ly away), Barnard's Star System (45.7 ly away)"
Gliese Gl 334,47.48,-34.14,32.19,-7.27,M0,3921,0.372,Red,0.0293,0.5,Metal-poor,Main Sequence (Red Dwarf),images/red_dwarf.jpg,FALSE,0,"55 Cancri System (28.9 ly away), Ross 128 System (39.4 ly away), Wolf 359 System (41.0 ly away)"
Hipparcos 75807,47.48,-28.83,-37.29,-5.76,G2V,5700,0.045,Yellow,0.0019,1.0,Solar metallicity,Main Sequence,images/sun.jpg,FALSE,0,"Gliese 581 System (27.2 ly away), Gliese 667 System (32.6 ly away), Barnard's Star System (43.2 ly away)"
Gliese Gl 326A,47.48,-31.84,33.53,-10.78,M6   J,3635,0.108,Red,0.0018,0.5,Metal-poor,Main Sequence (Red Dwarf),images/red_dwarf.jpg,FALSE,0,"55 Cancri System (31.8 ly away), Ross 128 System (39.6 ly away), Wolf 359 System (41.5 ly away)"
Gliese Gl 326B,47.48,-31.84,33.53,-10.78,G2V,5700,0.038,Yellow,0.0014,1.0,Solar metallicity,Main Sequence,images/sun.jpg,FALSE,0,"55 Cancri System (31.8 ly away), Ross 128 System (39.6 ly away), Wolf 359 System (41.5 ly away)"
Gliese Gl 549B,47.52,-23.67,-17.38,37.36,M3,3794,0.158,Red,0.0046,0.5,Metal-poor,Main Sequence (Red Dwarf),images/red_dwarf.jpg,FALSE,0,"Gliese 581 System (41.5 ly away), Wolf 359 System (44.4 ly away), Barnard's Star System (44.5 ly away)"
Gliese GJ 4203A,47.54,38.18,-28.3,1.48,dM,3541,0.077,White,0.0008,1.0,Solar metallicity,White Dwarf,images/sirius.jpg,FALSE,0,"Gliese 876 System (34.4 ly away), Tau Ceti System (43.7 ly away), Barnard's Star System (44.4 ly away)"
Gliese GJ 4204B,47.54,38.18,-28.3,1.48,m,3100,0.059,Red,0.0003,0.5,Metal-poor,Main Sequence (Red Dwarf),images/red_dwarf.jpg,FALSE,0,"Gliese 876 System (34.4 ly away), Tau Ceti System (43.7 ly away), Barnard's Star System (44.4 ly away)"
Gliese Gl 281,47.56,-19.97,43.13,1.81,M0,3985,0.335,Red,0.0253,0.5,Metal-poor,Main Sequence (Red Dwarf),images/red_dwarf.jpg,FALSE,0,"55 Cancri System (24.8 ly away), Ross 128 System (37.1 ly away), Wolf 359 System (42.9 ly away)"
Hipparcos 28035,47.57,0.79,42.43,-21.49,G2V,4617,0.154,Yellow,0.0097,1.0,Solar metallicity,Main Sequence,images/sun.jpg,FALSE,0,"Epsilon Eridani System (39.8 ly away), Ross 128 System (41.2 ly away), Tau Ceti System (42.7 ly away)"
Hipparcos 42525,47.59,-23.01,27.37,31.4,F8,6528,0.109,Yellow-White,0.0194,1.0,Solar metallicity,Main Sequence,images/sun.jpg,FALSE,0,"55 Cancri System (12.5 ly away), Ross 128 System (38.4 ly away), Wolf 359 System (42.5 ly away)"
Gliese Gl 269A,47.6,-10.77,30.64,-34.8,K2V,4804,0.901,Orange,0.3876,1.0,Solar metallicity,Main Sequence,images/orange_dwarf.jpg,FALSE,0,"Epsilon Eridani System (43.4 ly away), Ross 128 System (44.1 ly away), Proxima Centauri System (45.8 ly away)"
Gliese Gl 781.1B,47.62,21.42,-34.36,-25.06,M3.5,3608,0.111,Red,0.0019,0.5,Metal-poor,Main Sequence (Red Dwarf),images/red_dwarf.jpg,FALSE,0,"Gliese 667 System (31.8 ly away), Gliese 876 System (37.6 ly away), Barnard's Star System (44.5 ly away)"
Gliese Gl 116,47.63,28.73,26.82,26.9,K6:,4095,0.326,Orange,0.0268,1.0,Solar metallicity,Main Sequence,images/orange_dwarf.jpg,FALSE,0,"Epsilon Eridani System (40.9 ly away), Tau Ceti System (41.5 ly away), Ross 128 System (43.2 ly away)"
Hipparcos 28936,47.64,-1.32,46.79,8.89,F0,7005,0.105,Yellow-White,0.0238,1.0,Solar metallicity,Main Sequence,images/sun.jpg,FALSE,0,"55 Cancri System (32.7 ly away), Ross 128 System (37.3 ly away), Epsilon Eridani System (40.6 ly away)"
Gliese Gl 833,47.68,24.41,-17.62,-36.98,K2V,5053,0.666,Orange,0.2594,1.0,Solar metallicity,Main Sequence,images/orange_dwarf.jpg,FALSE,0,"Gliese 667 System (36.6 ly away), Gliese 876 System (37.2 ly away), Tau Ceti System (43.0 ly away)"
Gliese Gl 838.6,47.73,27.82,-16.92,-34.91,M3,3705,0.133,Red,0.003,0.5,Metal-poor,Main Sequence (Red Dwarf),images/red_dwarf.jpg,FALSE,0,"Gliese 876 System (36.3 ly away), Gliese 667 System (38.1 ly away), Tau Ceti System (42.3 ly away)"
Gliese Gl 331B,47.74,-22.49,22.65,35.5,dM1   J,12000,0.022,White,0.0089,1.0,Solar metallicity,White Dwarf,images/sirius.jpg,FALSE,0,"55 Cancri System (16.8 ly away), Ross 128 System (39.4 ly away), Wolf 359 System (42.9 ly away)"
Gliese Gl 331C,47.74,-22.49,22.65,35.5,G2V,5700,0.089,Yellow,0.0074,1.0,Solar metallicity,Main Sequence,images/sun.jpg,FALSE,0,"55 Cancri System (16.8 ly away), Ross 128 System (39.4 ly away), Wolf 359 System (42.9 ly away)"
Hipparcos 86961,47.76,-2.43,-40.38,-25.38,M2V:,3850,0.246,Red,0.0119,0.5,Metal-poor,Main Sequence (Red Dwarf),images/red_dwarf.jpg,FALSE,0,"Gliese 667 System (25.3 ly away), Gliese 581 System (35.4 ly away), Barnard's Star System (43.8 ly away)"
Gliese Gl 259,47.77,-11.34,41.43,-20.9,K1V,5045,0.816,Orange,0.3869,1.0,Solar metallicity,Main Sequence,images/orange_dwarf.jpg,FALSE,0,"Ross 128 System (40.6 ly away), Epsilon Eridani System (42.1 ly away), 55 Cancri System (44.8 ly away)"
Gliese Gl 420A,47.77,-13.33,2.64,45.79,K5,4642,0.617,Orange,0.1583,1.0,Solar metallicity,Main Sequence,images/orange_dwarf.jpg,FALSE,0,"55 Cancri System (37.0 ly away), Ross 128 System (44.1 ly away), Wolf 359 System (45.2 ly away)"
23Psi Ser,47.81,-26.7,-39.6,2.1,G5V,5657,0.96,Yellow,0.8472,1.0,Solar metallicity,Main Sequence,images/sun.jpg,FALSE,0,"Gliese 581 System (28.3 ly away), Gliese 667 System (35.0 ly away), Barnard's Star System (43.0 ly away)"
Gliese GJ 3252,47.82,25.52,40.44,-0.73,m,3100,0.025,Red,0.0001,0.5,Metal-poor,Main Sequence (Red Dwarf),images/red_dwarf.jpg,FALSE,0,"Epsilon Eridani System (37.5 ly away), Tau Ceti System (38.6 ly away), Ross 128 System (42.3 ly away)"
Gliese GJ 1099,47.82,-19.12,43.83,0.82,m,3839,0.127,Red,0.0032,0.5,Metal-poor,Main Sequence (Red Dwarf),images/red_dwarf.jpg,FALSE,0,"55 Cancri System (26.1 ly away), Ross 128 System (37.5 ly away), Wolf 359 System (43.3 ly away)"
Gliese Gl 613,47.84,-12.24,-23.44,-39.87,K3V,5117,0.661,Orange,0.2684,1.0,Solar metallicity,Main Sequence,images/orange_dwarf.jpg,FALSE,0,"Gliese 667 System (28.7 ly away), Gliese 581 System (38.0 ly away), Proxima Centauri System (43.7 ly away)"
Gliese Gl 596.1B,47.85,-26.73,-39.64,2.1,G2V,5700,0.056,Yellow,0.003,1.0,Solar metallicity,Main Sequence,images/sun.jpg,FALSE,0,"Gliese 581 System (28.3 ly away), Gliese 667 System (35.1 ly away), Barnard's Star System (43.1 ly away)"
16Psi Cap,47.87,28.7,-32.41,-20.44,F5V,6745,1.5,Yellow-White,4.1802,1.0,Solar metallicity,Main Sequence,images/sun.jpg,FALSE,0,"Gliese 876 System (35.8 ly away), Gliese 667 System (35.8 ly away), Barnard's Star System (44.9 ly away)"
Gliese Gl 420B,47.87,-13.36,2.64,45.9,M2,3100,0.25,Red,0.0052,0.5,Metal-poor,Main Sequence (Red Dwarf),images/red_dwarf.jpg,FALSE,0,"55 Cancri System (37.1 ly away), Ross 128 System (44.2 ly away), Wolf 359 System (45.3 ly away)"
Gliese GJ 3305,47.96,16.85,44.86,-2.09,M1,3870,0.233,Red,0.0109,0.5,Metal-poor,Main Sequence (Red Dwarf),images/red_dwarf.jpg,FALSE,0,"Epsilon Eridani System (38.1 ly away), Tau Ceti System (40.4 ly away), Ross 128 System (40.8 ly away)"
Gliese GJ 3649,47.96,-44.4,9.31,15.56,M1,3794,0.223,Red,0.0093,0.5,Metal-poor,Main Sequence (Red Dwarf),images/red_dwarf.jpg,FALSE,0,"55 Cancri System (26.3 ly away), Wolf 359 System (40.4 ly away), Ross 128 System (42.8 ly away)"
Gliese GJ 3775,47.96,-45.18,-16.0,1.87,m,3100,0.121,Red,0.0012,0.5,Metal-poor,Main Sequence (Red Dwarf),images/red_dwarf.jpg,FALSE,0,"Gliese 581 System (32.6 ly away), Wolf 359 System (41.9 ly away), Gliese 667 System (44.5 ly away)"
Gliese GJ 3809A,47.96,-42.59,-21.94,2.34,M2:,3691,0.194,Red,0.0063,0.5,Metal-poor,Main Sequence (Red Dwarf),images/red_dwarf.jpg,FALSE,0,"Gliese 581 System (30.8 ly away), Gliese 667 System (42.3 ly away), Wolf 359 System (42.6 ly away)"
Gliese GJ 3894,47.96,-31.61,-35.06,-8.53,M4,3568,0.051,Red,0.0004,0.5,Metal-poor,Main Sequence (Red Dwarf),images/red_dwarf.jpg,FALSE,0,"Gliese 581 System (27.7 ly away), Gliese 667 System (33.2 ly away), Barnard's Star System (44.1 ly away)"
Gliese GJ 4228,47.96,39.51,-24.74,11.28,m,3100,0.078,Red,0.0005,0.5,Metal-poor,Main Sequence (Red Dwarf),images/red_dwarf.jpg,TRUE,1,"Gliese 876 System (35.9 ly away), Tau Ceti System (44.2 ly away), Barnard's Star System (45.0 ly away)"
Gliese Gl 233A,48.04,-5.18,45.19,15.45,K0,4897,0.843,Orange,0.3668,1.0,Solar metallicity,Main Sequence,images/orange_dwarf.jpg,FALSE,0,"55 Cancri System (27.4 ly away), Ross 128 System (37.3 ly away), Epsilon Eridani System (42.3 ly away)"
Gliese Gl 604,48.05,-17.99,-30.44,-32.54,K5V,4476,0.56,Orange,0.1128,1.0,Solar metallicity,Main Sequence,images/orange_dwarf.jpg,FALSE,0,"Gliese 667 System (27.2 ly away), Gliese 581 System (33.8 ly away), Proxima Centauri System (44.0 ly away)"
Gliese Gl 154,48.11,23.77,36.02,21.25,K5,3891,0.363,Orange,0.0271,1.0,Solar metallicity,Main Sequence,images/orange_dwarf.jpg,FALSE,0,"Epsilon Eridani System (40.1 ly away), Ross 128 System (41.7 ly away), Tau Ceti System (41.8 ly away)"
Gliese Gl 289,48.18,-20.56,40.22,16.77,M2,3779,0.165,Red,0.005,0.5,Metal-poor,Main Sequence (Red Dwarf),images/red_dwarf.jpg,FALSE,0,"55 Cancri System (15.0 ly away), Ross 128 System (37.3 ly away), Wolf 359 System (43.3 ly away)"
Gliese Gl 269B,48.18,-10.9,31.01,-35.23,K4 V,4500,0.598,Orange,0.1315,1.0,Solar metallicity,Main Sequence,images/orange_dwarf.jpg,FALSE,0,"Epsilon Eridani System (43.9 ly away), Ross 128 System (44.7 ly away), Proxima Centauri System (46.3 ly away)"
Gliese Gl 231.3,48.25,-4.04,47.75,-5.59,M4,3516,0.091,Red,0.0011,0.5,Metal-poor,Main Sequence (Red Dwarf),images/red_dwarf.jpg,FALSE,0,"55 Cancri System (38.7 ly away), Ross 128 System (38.9 ly away), Epsilon Eridani System (40.9 ly away)"
Gliese GJ 3770,48.25,-30.98,-10.2,-35.55,DC9+,3950,0.015,White,0.0001,1.0,Solar metallicity,White Dwarf,images/sirius.jpg,FALSE,0,"Gliese 667 System (36.6 ly away), Gliese 581 System (37.8 ly away), Proxima Centauri System (44.3 ly away)"
Gliese Gl 521.1,48.26,-43.61,-20.36,-3.52,M0V,3990,0.347,Red,0.0273,0.5,Metal-poor,Main Sequence (Red Dwarf),images/red_dwarf.jpg,FALSE,0,"Gliese 581 System (31.1 ly away), Gliese 667 System (41.4 ly away), Wolf 359 System (42.8 ly away)"
Gliese GJ 9724,48.28,25.96,-23.41,-33.31,M1:,3669,0.138,Red,0.0031,0.5,Metal-poor,Main Sequence (Red Dwarf),images/red_dwarf.jpg,FALSE,0,"Gliese 667 System (36.0 ly away), Gliese 876 System (37.1 ly away), Tau Ceti System (44.2 ly away)"
Nu 2Lup,48.31,-20.46,-24.77,-36.08,G2V,5819,1.01,Yellow,1.05,1.0,Solar metallicity,Main Sequence,images/sun.jpg,FALSE,0,"Gliese 667 System (29.4 ly away), Gliese 581 System (35.5 ly away), Proxima Centauri System (44.1 ly away)"
Gliese GJ 4338B,48.32,35.88,-4.82,32.0,M3 :,3635,0.114,Red,0.002,0.5,Metal-poor,Main Sequence (Red Dwarf),images/red_dwarf.jpg,TRUE,3,"Gliese 876 System (41.8 ly away), Tau Ceti System (44.7 ly away), Epsilon Eridani System (46.8 ly away)"
Gliese Gl 514.1,48.39,-44.19,-18.31,-7.33,M4  :,3581,0.051,Red,0.0004,0.5,Metal-poor,Main Sequence (Red Dwarf),images/red_dwarf.jpg,FALSE,0,"Gliese 581 System (31.7 ly away), Gliese 667 System (41.3 ly away), Wolf 359 System (42.8 ly away)"
Gliese Gl 791,48.41,25.74,-34.25,-22.54,M3,3787,0.168,Red,0.0052,0.5,Metal-poor,Main Sequence (Red Dwarf),images/red_dwarf.jpg,FALSE,0,"Gliese 667 System (34.5 ly away), Gliese 876 System (37.2 ly away), Barnard's Star System (45.3 ly away)"
Gliese Gl 738A,48.51,10.03,-39.47,26.35,G0V,5991,1.177,Yellow,1.6025,1.0,Solar metallicity,Main Sequence,images/sun.jpg,FALSE,0,"Barnard's Star System (43.1 ly away), Gliese 581 System (44.2 ly away), Gliese 876 System (46.5 ly away)"
16Eta Lep,48.53,0.74,47.05,-11.88,F1V,7235,1.604,Yellow-White,6.327,1.0,Solar metallicity,Main Sequence,images/sun.jpg,FALSE,0,"Epsilon Eridani System (40.4 ly away), Ross 128 System (40.4 ly away), Tau Ceti System (44.0 ly away)"
Gliese Gl 483,48.54,-29.48,-5.76,38.12,K3V,4902,0.765,Orange,0.3028,1.0,Solar metallicity,Main Sequence,images/orange_dwarf.jpg,FALSE,0,"55 Cancri System (37.3 ly away), Wolf 359 System (43.9 ly away), Gliese 581 System (45.1 ly away)"
Gliese GJ 4029,48.54,-1.96,-44.74,18.72,m,3100,0.025,Red,0.0001,0.5,Metal-poor,Main Sequence (Red Dwarf),images/red_dwarf.jpg,FALSE,0,"Gliese 581 System (38.0 ly away), Gliese 667 System (41.3 ly away), Barnard's Star System (42.7 ly away)"
Gliese GJ 1228,48.54,3.69,-27.74,39.66,DXP8,6435,0.01,White,0.0001,1.0,Solar metallicity,White Dwarf,images/sirius.jpg,FALSE,0,"Barnard's Star System (44.2 ly away), Gliese 581 System (47.2 ly away), Solar System (Earth/Sun) (48.5 ly away)"
Gliese GJ 4337A,48.54,36.04,-4.84,32.14,M2,3764,0.138,Red,0.0034,0.5,Metal-poor,Main Sequence (Red Dwarf),images/red_dwarf.jpg,TRUE,3,"Gliese 876 System (42.0 ly away), Tau Ceti System (44.9 ly away), Epsilon Eridani System (47.0 ly away)"
Rasalhague,48.59,-5.18,-47.14,10.57,A5III,8528,2.448,White,28.4446,1.4,Metal-rich,Red Giant,images/sirius.jpg,FALSE,0,"Gliese 581 System (35.3 ly away), Gliese 667 System (37.3 ly away), Barnard's Star System (42.7 ly away)"
Gliese GJ 1096,48.61,-13.3,38.46,26.58,m+,3453,0.049,Red,0.0003,0.5,Metal-poor,Main Sequence (Red Dwarf),images/red_dwarf.jpg,FALSE,0,"55 Cancri System (18.3 ly away), Ross 128 System (38.1 ly away), Wolf 359 System (44.9 ly away)"
Gliese GJ 2128,48.62,-9.05,-47.28,6.82,M3.5,3768,0.165,Red,0.0049,0.5,Metal-poor,Main Sequence (Red Dwarf),images/red_dwarf.jpg,FALSE,0,"Gliese 581 System (33.5 ly away), Gliese 667 System (35.6 ly away), Barnard's Star System (42.8 ly away)"
Gliese Gl 781.1A,48.62,21.87,-35.09,-25.59,M,3705,0.123,Red,0.0026,0.5,Metal-poor,Main Sequence (Red Dwarf),images/red_dwarf.jpg,FALSE,0,"Gliese 667 System (32.8 ly away), Gliese 876 System (38.5 ly away), Barnard's Star System (45.5 ly away)"
Gliese GJ 3097,48.68,44.67,17.51,8.25,dM3.5,3541,0.088,White,0.0011,1.0,Solar metallicity,White Dwarf,images/sirius.jpg,FALSE,0,"Tau Ceti System (38.3 ly away), Gliese 876 System (39.3 ly away), Epsilon Eridani System (40.8 ly away)"
Gliese GJ 3117A,48.68,18.55,9.85,43.91,dM2,12000,0.017,White,0.0055,1.0,Solar metallicity,White Dwarf,images/sirius.jpg,FALSE,0,"Ross 128 System (46.1 ly away), Epsilon Eridani System (47.3 ly away), Tau Ceti System (48.1 ly away)"
Gliese GJ 3118B,48.68,18.56,9.85,43.91,DA6,12000,0.01,White,0.0003,1.0,Solar metallicity,White Dwarf,images/sirius.jpg,FALSE,0,"Ross 128 System (46.1 ly away), Epsilon Eridani System (47.3 ly away), Tau Ceti System (48.1 ly away)"
Gliese GJ 3208,48.68,28.27,32.01,23.36,m,3021,0.026,Red,0.0001,0.5,Metal-poor,Main Sequence (Red Dwarf),images/red_dwarf.jpg,FALSE,0,"Epsilon Eridani System (41.0 ly away), Tau Ceti System (42.0 ly away), Ross 128 System (43.5 ly away)"
Gliese GJ 3256,48.68,25.03,41.02,-7.75,M3,3749,0.189,Red,0.0063,0.5,Metal-poor,Main Sequence (Red Dwarf),images/red_dwarf.jpg,FALSE,0,"Epsilon Eridani System (38.2 ly away), Tau Ceti System (39.2 ly away), Ross 128 System (43.6 ly away)"
Gliese GJ 3856,48.68,-36.85,-28.84,13.43,m,3100,0.092,Red,0.0007,0.5,Metal-poor,Main Sequence (Red Dwarf),images/red_dwarf.jpg,FALSE,0,"Gliese 581 System (31.8 ly away), Gliese 667 System (44.0 ly away), Wolf 359 System (44.5 ly away)"
Gliese GJ 4109,48.68,15.55,-39.92,23.12,M3.5,3705,0.108,Red,0.002,0.5,Metal-poor,Main Sequence (Red Dwarf),images/red_dwarf.jpg,FALSE,0,"Barnard's Star System (43.4 ly away), Gliese 876 System (44.7 ly away), Gliese 581 System (45.6 ly away)"
Gliese GJ 4276,48.68,22.69,-9.95,41.91,m,3100,0.127,Red,0.0013,0.5,Metal-poor,Main Sequence (Red Dwarf),images/red_dwarf.jpg,TRUE,1,"Barnard's Star System (46.6 ly away), Gliese 876 System (46.8 ly away), Solar System (Earth/Sun) (48.7 ly away)"
Gliese GJ 4352,48.68,46.53,-4.45,-13.61,M2,3691,0.184,Red,0.0056,0.5,Metal-poor,Main Sequence (Red Dwarf),images/red_dwarf.jpg,FALSE,0,"Gliese 876 System (33.8 ly away), Tau Ceti System (38.9 ly away), Epsilon Eridani System (43.9 ly away)"
Gliese Gl 258,48.69,-5.0,17.31,45.24,M5,3753,0.135,Red,0.0032,0.5,Metal-poor,Main Sequence (Red Dwarf),images/red_dwarf.jpg,FALSE,0,"55 Cancri System (33.6 ly away), Ross 128 System (42.5 ly away), Wolf 359 System (46.9 ly away)"
Gliese Gl 52,48.7,20.48,6.18,43.75,K7V,4141,0.43,Orange,0.0488,1.0,Solar metallicity,Main Sequence,images/orange_dwarf.jpg,FALSE,0,"Ross 128 System (47.0 ly away), Epsilon Eridani System (47.7 ly away), Tau Ceti System (48.1 ly away)"
Gliese Gl 319B,48.71,-31.33,36.41,8.08,M5,3720,0.145,Red,0.0036,0.5,Metal-poor,Main Sequence (Red Dwarf),images/red_dwarf.jpg,FALSE,0,"55 Cancri System (16.8 ly away), Ross 128 System (38.8 ly away), Wolf 359 System (42.4 ly away)"
Alchiba,48.72,-44.22,-1.62,-20.38,F0IV/V,7252,1.389,Yellow-White,4.7907,1.0,Solar metallicity,Subgiant,images/sun.jpg,FALSE,0,"Gliese 581 System (38.5 ly away), Wolf 359 System (42.7 ly away), Gliese 667 System (44.8 ly away)"
Gliese GJ 9773,48.8,43.05,-21.79,7.26,M3,3715,0.135,Red,0.0031,0.5,Metal-poor,Main Sequence (Red Dwarf),images/red_dwarf.jpg,TRUE,1,"Gliese 876 System (35.5 ly away), Tau Ceti System (43.6 ly away), Barnard's Star System (46.4 ly away)"
Gliese Gl 225.2B,48.81,-0.06,41.83,-25.16,G2V,5700,0.217,Yellow,0.0447,1.0,Solar metallicity,Main Sequence,images/sun.jpg,FALSE,0,"Epsilon Eridani System (41.4 ly away), Ross 128 System (43.0 ly away), Tau Ceti System (44.1 ly away)"
Gliese Gl 225.2C,48.81,-0.06,41.84,-25.17,K5 V,4500,0.504,Orange,0.0933,1.0,Solar metallicity,Main Sequence,images/orange_dwarf.jpg,FALSE,0,"Epsilon Eridani System (41.4 ly away), Ross 128 System (43.0 ly away), Tau Ceti System (44.1 ly away)"
Gliese Gl 738B,48.85,10.1,-39.76,26.54,K1 V,4500,0.665,Orange,0.1625,1.0,Solar metallicity,Main Sequence,images/orange_dwarf.jpg,FALSE,0,"Barnard's Star System (43.5 ly away), Gliese 581 System (44.5 ly away), Gliese 876 System (46.9 ly away)"
Gliese GJ 1279,48.87,18.07,-4.03,-45.23,K5V,4307,0.553,Orange,0.0944,1.0,Solar metallicity,Main Sequence,images/orange_dwarf.jpg,FALSE,0,"Gliese 667 System (41.2 ly away), Gliese 876 System (41.6 ly away), Tau Ceti System (43.6 ly away)"
Gliese GJ 3181,48.9,35.05,31.16,13.82,M6,3149,0.024,Red,0.0001,0.5,Metal-poor,Main Sequence (Red Dwarf),images/red_dwarf.jpg,FALSE,0,"Tau Ceti System (39.9 ly away), Epsilon Eridani System (40.0 ly away), Gliese 876 System (44.7 ly away)"
Gliese Gl 163,48.91,13.56,25.84,-39.25,M,3824,0.14,Red,0.0038,0.5,Metal-poor,Main Sequence (Red Dwarf),images/red_dwarf.jpg,FALSE,0,"Tau Ceti System (41.7 ly away), Epsilon Eridani System (42.1 ly away), Gliese 876 System (46.5 ly away)"
Gliese Gl 14,48.94,36.86,2.76,32.07,M0,4000,0.465,Red,0.0497,0.5,Metal-poor,Main Sequence (Red Dwarf),images/red_dwarf.jpg,FALSE,0,"Gliese 876 System (43.0 ly away), Tau Ceti System (44.3 ly away), Epsilon Eridani System (46.0 ly away)"
Hipparcos 12261,48.96,19.6,16.14,-41.86,G2V,5700,0.049,Yellow,0.0022,1.0,Solar metallicity,Main Sequence,images/sun.jpg,FALSE,0,"Tau Ceti System (41.2 ly away), Epsilon Eridani System (43.0 ly away), Gliese 876 System (43.5 ly away)"
Gliese Gl 364,48.97,-36.92,25.31,-19.85,G0V,6239,1.241,Yellow,2.0931,1.0,Solar metallicity,Main Sequence,images/sun.jpg,FALSE,0,"55 Cancri System (41.0 ly away), Wolf 359 System (42.9 ly away), Ross 128 System (43.6 ly away)"
Gliese Gl 218,49.02,2.12,39.43,-29.04,M2,3830,0.229,Red,0.0101,0.5,Metal-poor,Main Sequence (Red Dwarf),images/red_dwarf.jpg,FALSE,0,"Epsilon Eridani System (41.6 ly away), Tau Ceti System (43.8 ly away), Ross 128 System (44.2 ly away)"
Alderamin,49.05,17.21,-14.62,43.54,A7IV-V,7747,2.526,White,20.6253,1.4,Metal-rich,Subgiant,images/sirius.jpg,FALSE,0,"Barnard's Star System (46.4 ly away), Gliese 876 System (48.5 ly away), Solar System (Earth/Sun) (49.0 ly away)"
Gliese GJ 3965,49.05,-12.94,-33.27,33.63,DA8,6776,0.011,White,0.0002,1.0,Solar metallicity,White Dwarf,images/sirius.jpg,FALSE,0,"Gliese 581 System (40.5 ly away), Barnard's Star System (44.2 ly away), Wolf 359 System (48.5 ly away)"
20 LMi,49.08,-36.17,20.67,25.95,G1V,5685,1.223,Yellow,1.4022,1.0,Solar metallicity,Main Sequence,images/sun.jpg,FALSE,0,"55 Cancri System (14.7 ly away), Ross 128 System (41.2 ly away), Wolf 359 System (42.4 ly away)"
Gliese Gl 818,49.11,35.25,-33.65,6.04,K5,4474,0.52,Orange,0.0972,1.0,Solar metallicity,Main Sequence,images/orange_dwarf.jpg,FALSE,0,"Gliese 876 System (37.5 ly away), Barnard's Star System (45.3 ly away), Gliese 667 System (45.7 ly away)"
Gliese Gl 792,49.12,23.57,-30.32,30.62,M4,3440,0.08,Red,0.0008,0.5,Metal-poor,Main Sequence (Red Dwarf),images/red_dwarf.jpg,FALSE,0,"Gliese 876 System (44.2 ly away), Barnard's Star System (44.9 ly away), Solar System (Earth/Sun) (49.1 ly away)"
Gliese Gl 378,49.24,-28.65,16.15,36.64,M2,4019,0.287,Red,0.0193,0.5,Metal-poor,Main Sequence (Red Dwarf),images/red_dwarf.jpg,TRUE,1,"55 Cancri System (20.5 ly away), Ross 128 System (42.2 ly away), Wolf 359 System (43.8 ly away)"
Gliese GJ 3916,49.26,-26.45,-40.5,-9.31,K:...,3698,0.192,Orange,0.0062,1.0,Solar metallicity,Main Sequence,images/orange_dwarf.jpg,FALSE,0,"Gliese 581 System (29.3 ly away), Gliese 667 System (32.3 ly away), Barnard's Star System (44.9 ly away)"
Gliese Gl 815B,49.26,26.67,-26.65,31.71,G2V,5700,0.06,Yellow,0.0035,1.0,Solar metallicity,Main Sequence,images/sun.jpg,FALSE,0,"Gliese 876 System (43.8 ly away), Barnard's Star System (45.5 ly away), Solar System (Earth/Sun) (49.3 ly away)"
Nu Phe,49.3,32.69,11.13,-35.18,F8V,6083,1.29,Yellow-White,2.0455,1.0,Solar metallicity,Main Sequence,images/sun.jpg,FALSE,0,"Tau Ceti System (39.5 ly away), Gliese 876 System (39.6 ly away), Epsilon Eridani System (42.8 ly away)"
Gliese GJ 3069,49.42,27.87,7.73,40.07,m,3345,0.04,Red,0.0002,0.5,Metal-poor,Main Sequence (Red Dwarf),images/red_dwarf.jpg,FALSE,0,"Tau Ceti System (46.8 ly away), Epsilon Eridani System (47.1 ly away), Gliese 876 System (47.5 ly away)"
Gliese GJ 1050,49.42,31.34,26.27,-27.72,m,3764,0.149,Red,0.004,0.5,Metal-poor,Main Sequence (Red Dwarf),images/red_dwarf.jpg,FALSE,0,"Tau Ceti System (38.6 ly away), Epsilon Eridani System (40.4 ly away), Gliese 876 System (42.4 ly away)"
Gliese GJ 3213,49.42,22.64,26.32,35.17,m,3100,0.163,Red,0.0022,0.5,Metal-poor,Main Sequence (Red Dwarf),images/red_dwarf.jpg,FALSE,0,"Epsilon Eridani System (44.2 ly away), Ross 128 System (44.2 ly away), Tau Ceti System (45.6 ly away)"
Gliese GJ 3235,49.42,29.18,39.67,-4.17,k-m,4500,0.056,Orange,0.0012,1.0,Solar metallicity,Main Sequence,images/orange_dwarf.jpg,FALSE,0,"Epsilon Eridani System (39.0 ly away), Tau Ceti System (39.5 ly away), Ross 128 System (44.8 ly away)"
Gliese GJ 3247,49.42,27.36,40.33,-8.21,m,3100,0.056,Red,0.0003,0.5,Metal-poor,Main Sequence (Red Dwarf),images/red_dwarf.jpg,FALSE,0,"Epsilon Eridani System (38.9 ly away), Tau Ceti System (39.5 ly away), Ross 128 System (44.8 ly away)"
Gliese GJ 2070,49.42,-30.83,38.61,-0.99,M3.5,3622,0.102,Red,0.0016,0.5,Metal-poor,Main Sequence (Red Dwarf),images/red_dwarf.jpg,FALSE,0,"55 Cancri System (24.7 ly away), Ross 128 System (39.9 ly away), Wolf 359 System (43.4 ly away)"
Gliese GJ 3753,49.42,-27.6,-6.13,40.53,DA4,9766,0.017,White,0.0024,1.0,Solar metallicity,White Dwarf,images/sirius.jpg,FALSE,0,"55 Cancri System (38.6 ly away), Wolf 359 System (45.2 ly away), Gliese 581 System (46.6 ly away)"
Gliese GJ 3953,49.42,-17.79,-40.69,21.68,m,3100,0.175,Red,0.0025,0.5,Metal-poor,Main Sequence (Red Dwarf),images/red_dwarf.jpg,FALSE,0,"Gliese 581 System (35.5 ly away), Gliese 667 System (43.8 ly away), Barnard's Star System (44.0 ly away)"
Gliese GJ 4216,49.42,40.88,-27.31,-4.98,M3.5,3594,0.1,Red,0.0015,0.5,Metal-poor,Main Sequence (Red Dwarf),images/red_dwarf.jpg,FALSE,0,"Gliese 876 System (35.3 ly away), Tau Ceti System (44.5 ly away), Gliese 667 System (45.8 ly away)"
Gliese GJ 4367,49.42,48.69,-2.01,-8.21,m,3100,0.1,Red,0.0008,0.5,Metal-poor,Main Sequence (Red Dwarf),images/red_dwarf.jpg,TRUE,1,"Gliese 876 System (34.8 ly away), Tau Ceti System (39.3 ly away), Epsilon Eridani System (44.2 ly away)"
Gliese Gl 898,49.43,46.98,-5.6,-14.33,K5/M0V,4139,0.528,Orange,0.0733,1.0,Solar metallicity,Main Sequence,images/orange_dwarf.jpg,FALSE,0,"Gliese 876 System (34.5 ly away), Tau Ceti System (39.8 ly away), Epsilon Eridani System (44.9 ly away)"
Gliese GJ 1021,49.44,32.7,6.62,-36.48,G5IV,5834,0.96,Yellow,0.9576,1.0,Solar metallicity,Subgiant,images/sun.jpg,FALSE,0,"Gliese 876 System (39.1 ly away), Tau Ceti System (40.1 ly away), Epsilon Eridani System (43.7 ly away)"
Hipparcos 25647,49.47,2.79,20.36,-45.0,K1III(p),5192,0.738,Orange,0.3548,1.0,Solar metallicity,Red Giant,images/orange_dwarf.jpg,FALSE,0,"Epsilon Eridani System (45.1 ly away), Tau Ceti System (45.1 ly away), Proxima Centauri System (47.0 ly away)"
Gliese GJ 1081,49.49,4.08,34.87,34.89,k-m,3649,0.128,Orange,0.0026,1.0,Solar metallicity,Main Sequence,images/orange_dwarf.jpg,FALSE,0,"55 Cancri System (33.6 ly away), Ross 128 System (40.8 ly away), Epsilon Eridani System (45.3 ly away)"
Gliese GJ 1085,49.5,2.46,49.31,-3.53,G4V,5819,0.893,Yellow,0.8211,1.0,Solar metallicity,Main Sequence,images/sun.jpg,FALSE,0,"Ross 128 System (40.4 ly away), Epsilon Eridani System (41.2 ly away), 55 Cancri System (42.1 ly away)"
31 Aql,49.5,17.55,-45.14,10.24,G8IVvar,5401,1.499,Yellow,1.7155,1.0,Solar metallicity,Subgiant,images/sun.jpg,FALSE,0,"Gliese 667 System (41.2 ly away), Gliese 876 System (43.4 ly away), Barnard's Star System (44.0 ly away)"
Hipparcos 1392,49.53,48.8,3.71,7.64,F5,6011,0.61,Yellow-White,0.4353,1.0,Solar metallicity,Main Sequence,images/sun.jpg,FALSE,0,"Gliese 876 System (37.3 ly away), Tau Ceti System (40.0 ly away), Epsilon Eridani System (43.9 ly away)"
Gliese Gl 40B,49.56,44.5,10.19,-19.29,m,3100,0.025,Red,0.0001,0.5,Metal-poor,Main Sequence (Red Dwarf),images/red_dwarf.jpg,FALSE,0,"Gliese 876 System (37.0 ly away), Tau Ceti System (38.1 ly away), Epsilon Eridani System (42.2 ly away)"
Gliese Gl 288B,49.58,-18.31,36.84,-27.66,m,4309,0.013,Red,0.0001,0.5,Metal-poor,Main Sequence (Red Dwarf),images/red_dwarf.jpg,FALSE,0,"Ross 128 System (43.7 ly away), Epsilon Eridani System (45.7 ly away), Wolf 359 System (46.3 ly away)"
Gliese Gl 288A,49.61,-18.25,36.76,-27.86,G0V,6011,1.111,Yellow,1.4468,1.0,Solar metallicity,Main Sequence,images/sun.jpg,FALSE,0,"Ross 128 System (43.8 ly away), Epsilon Eridani System (45.7 ly away), Wolf 359 System (46.3 ly away)"
Gliese Gl 599B,49.72,-21.44,-32.85,-30.55,DA7,7276,0.025,White,0.0016,1.0,Solar metallicity,White Dwarf,images/sirius.jpg,FALSE,0,"Gliese 667 System (29.1 ly away), Gliese 581 System (33.9 ly away), Proxima Centauri System (45.8 ly away)"
19 Dra,49.76,-5.77,-20.12,45.15,F6Vvar,6476,1.198,Yellow-White,2.2636,1.0,Solar metallicity,Main Sequence,images/sun.jpg,FALSE,0,"Barnard's Star System (46.3 ly away), Gliese 581 System (48.6 ly away), Wolf 359 System (49.5 ly away)"
Gliese GJ 1006B,49.79,46.71,3.32,16.92,M4.5,3649,0.081,Red,0.001,0.5,Metal-poor,Main Sequence (Red Dwarf),images/red_dwarf.jpg,FALSE,0,"Gliese 876 System (39.3 ly away), Tau Ceti System (41.7 ly away), Epsilon Eridani System (44.9 ly away)"
Gliese Gl 227,49.81,-1.4,47.97,13.35,K0,5239,0.771,Orange,0.4014,1.0,Solar metallicity,Main Sequence,images/orange_dwarf.jpg,FALSE,0,"55 Cancri System (32.3 ly away), Ross 128 System (39.4 ly away), Epsilon Eridani System (43.1 ly away)"
Gliese Gl 815A,49.87,27.0,-26.97,32.1,M3Ve,3764,0.318,Red,0.0182,0.5,Metal-poor,Main Sequence (Red Dwarf),images/red_dwarf.jpg,FALSE,0,"Gliese 876 System (44.3 ly away), Barnard's Star System (46.1 ly away), Solar System (Earth/Sun) (49.9 ly away)"
Gliese GJ 1059,49.87,23.44,28.7,33.38,m,3288,0.038,Red,0.0002,0.5,Metal-poor,Main Sequence (Red Dwarf),images/red_dwarf.jpg,FALSE,0,"Epsilon Eridani System (44.1 ly away), Ross 128 System (44.4 ly away), Tau Ceti System (45.6 ly away)"
Gliese Gl 811.1,49.96,34.25,-35.22,-9.06,M4,3701,0.185,Red,0.0057,0.5,Metal-poor,Main Sequence (Red Dwarf),images/red_dwarf.jpg,FALSE,0,"Gliese 876 System (37.3 ly away), Gliese 667 System (41.4 ly away), Barnard's Star System (46.5 ly away)"
Gliese Gl 458B,49.96,-28.98,-1.56,40.66,m,3635,0.078,Red,0.001,0.5,Metal-poor,Main Sequence (Red Dwarf),images/red_dwarf.jpg,FALSE,0,"55 Cancri System (35.2 ly away), Wolf 359 System (45.3 ly away), Ross 128 System (46.6 ly away)"
Gliese GJ 1294A,49.99,18.5,0.17,-46.44,M0V,3967,0.431,Red,0.0412,0.5,Metal-poor,Main Sequence (Red Dwarf),images/red_dwarf.jpg,FALSE,0,"Gliese 876 System (43.1 ly away), Gliese 667 System (44.0 ly away), Tau Ceti System (44.2 ly away)"
Gliese GJ 1204,50.02,-17.7,-46.16,7.66,m,3581,0.065,Red,0.0006,0.5,Metal-poor,Main Sequence (Red Dwarf),images/red_dwarf.jpg,FALSE,0,"Gliese 581 System (32.8 ly away), Gliese 667 System (37.5 ly away), Barnard's Star System (44.5 ly away)"
Gliese Gl 599A,50.08,-21.59,-33.08,-30.77,G6IV,5551,0.975,Yellow,0.8098,1.0,Solar metallicity,Subgiant,images/sun.jpg,FALSE,0,"Gliese 667 System (29.4 ly away), Gliese 581 System (34.3 ly away), Proxima Centauri System (46.2 ly away)"
Gliese Gl 240,50.09,-5.2,31.75,-38.39,K0,3861,0.384,Orange,0.0294,1.0,Solar metallicity,Main Sequence,images/orange_dwarf.jpg,FALSE,0,"Epsilon Eridani System (45.0 ly away), Tau Ceti System (46.8 ly away), Ross 128 System (47.2 ly away)"
Gliese GJ 2021,50.18,43.59,13.6,-20.81,m,3100,0.062,Red,0.0003,0.5,Metal-poor,Main Sequence (Red Dwarf),images/red_dwarf.jpg,FALSE,0,"Gliese 876 System (38.4 ly away), Tau Ceti System (38.6 ly away), Epsilon Eridani System (42.3 ly away)"
Gliese GJ 3198,50.18,32.66,33.85,-17.47,M3,3663,0.097,Red,0.0015,0.5,Metal-poor,Main Sequence (Red Dwarf),images/red_dwarf.jpg,FALSE,0,"Tau Ceti System (39.2 ly away), Epsilon Eridani System (40.0 ly away), Gliese 876 System (44.5 ly away)"
Gliese GJ 3233,50.18,23.73,31.59,30.94,G5,5700,0.516,Yellow,0.2523,1.0,Solar metallicity,Main Sequence,images/sun.jpg,FALSE,0,"Epsilon Eridani System (43.8 ly away), Ross 128 System (44.3 ly away), Tau Ceti System (45.4 ly away)"
Gliese GJ 3279,50.18,11.18,24.58,-42.29,m,3100,0.218,Red,0.0039,0.5,Metal-poor,Main Sequence (Red Dwarf),images/red_dwarf.jpg,FALSE,0,"Tau Ceti System (43.7 ly away), Epsilon Eridani System (44.0 ly away), Gliese 876 System (48.2 ly away)"
Gliese GJ 3426,50.18,-9.63,31.69,37.69,m,3100,0.104,Red,0.0009,0.5,Metal-poor,Main Sequence (Red Dwarf),images/red_dwarf.jpg,FALSE,0,"55 Cancri System (24.3 ly away), Ross 128 System (41.1 ly away), Wolf 359 System (47.2 ly away)"
Gliese GJ 3503,50.18,-30.27,38.96,-9.14,m,3100,0.05,Red,0.0002,0.5,Metal-poor,Main Sequence (Red Dwarf),images/red_dwarf.jpg,FALSE,0,"55 Cancri System (31.7 ly away), Ross 128 System (41.5 ly away), Wolf 359 System (44.5 ly away)"
Gliese GJ 3720,50.18,-43.41,-3.56,24.91,m,3190,0.026,Red,0.0001,0.5,Metal-poor,Main Sequence (Red Dwarf),images/red_dwarf.jpg,FALSE,0,"55 Cancri System (35.6 ly away), Gliese 581 System (42.8 ly away), Wolf 359 System (43.6 ly away)"
Gliese GJ 1158,50.18,-27.82,-3.6,-41.6,M4,3622,0.081,Red,0.001,0.5,Metal-poor,Main Sequence (Red Dwarf),images/red_dwarf.jpg,FALSE,0,"Gliese 667 System (40.4 ly away), Gliese 581 System (43.3 ly away), Proxima Centauri System (46.2 ly away)"
Gliese GJ 4185A,50.18,32.85,-28.54,24.99,m,3100,0.145,Red,0.0017,0.5,Metal-poor,Main Sequence (Red Dwarf),images/red_dwarf.jpg,FALSE,0,"Gliese 876 System (42.0 ly away), Barnard's Star System (46.5 ly away), Tau Ceti System (49.3 ly away)"
Gliese GJ 4186B,50.18,32.85,-28.54,24.98,m,3100,0.1,Red,0.0008,0.5,Metal-poor,Main Sequence (Red Dwarf),images/red_dwarf.jpg,FALSE,0,"Gliese 876 System (42.0 ly away), Barnard's Star System (46.5 ly away), Tau Ceti System (49.3 ly away)"
Gliese GJ 4306,50.18,45.92,-13.18,15.34,M0,3809,0.262,Red,0.013,0.5,Metal-poor,Main Sequence (Red Dwarf),images/red_dwarf.jpg,FALSE,0,"Gliese 876 System (38.1 ly away), Tau Ceti System (44.1 ly away), Epsilon Eridani System (48.3 ly away)"
Gliese Gl 141,50.2,31.28,38.98,-4.69,K5V,4403,0.663,Orange,0.148,1.0,Solar metallicity,Main Sequence,images/orange_dwarf.jpg,FALSE,0,"Epsilon Eridani System (39.8 ly away), Tau Ceti System (39.9 ly away), Ross 128 System (46.0 ly away)"
Gliese Gl 25A,50.23,45.01,7.4,-21.04,K1V+...,5551,1.198,Orange,1.2224,1.0,Solar metallicity,Main Sequence,images/orange_dwarf.jpg,FALSE,0,"Gliese 876 System (37.2 ly away), Tau Ceti System (39.1 ly away), Epsilon Eridani System (43.4 ly away)"
Gliese Gl 319A,50.33,-32.36,37.64,8.36,M0,3950,0.367,Red,0.0294,0.5,Metal-poor,Main Sequence (Red Dwarf),images/red_dwarf.jpg,FALSE,0,"55 Cancri System (17.9 ly away), Ross 128 System (40.4 ly away), Wolf 359 System (44.0 ly away)"
Gliese GJ 1062,50.33,28.58,40.17,-10.02,M2,3568,0.094,Red,0.0013,0.5,Metal-poor,Main Sequence (Red Dwarf),images/red_dwarf.jpg,FALSE,0,"Epsilon Eridani System (39.8 ly away), Tau Ceti System (40.2 ly away), Ross 128 System (46.0 ly away)"
Gliese GJ 3542,50.33,-20.03,17.13,42.88,m,3333,0.041,Red,0.0002,0.5,Metal-poor,Main Sequence (Red Dwarf),images/red_dwarf.jpg,FALSE,0,"55 Cancri System (25.7 ly away), Ross 128 System (43.4 ly away), Wolf 359 System (46.3 ly away)"
104 Tau,50.34,10.84,46.45,16.09,G4V,5753,1.514,Yellow,2.2532,1.0,Solar metallicity,Main Sequence,images/sun.jpg,FALSE,0,"55 Cancri System (40.8 ly away), Ross 128 System (41.2 ly away), Epsilon Eridani System (42.4 ly away)"
Gliese Gl 200A,50.39,8.91,49.52,-2.7,K3V,4624,0.629,Orange,0.162,1.0,Solar metallicity,Main Sequence,images/orange_dwarf.jpg,FALSE,0,"Epsilon Eridani System (41.3 ly away), Ross 128 System (41.9 ly away), Tau Ceti System (44.5 ly away)"
Gliese GJ 3781A,50.39,-47.02,-17.97,2.39,G5,5342,0.653,Yellow,0.3116,1.0,Solar metallicity,Main Sequence,images/sun.jpg,FALSE,0,"Gliese 581 System (34.5 ly away), Wolf 359 System (44.4 ly away), Gliese 667 System (46.3 ly away)"
Gliese Gl 375,50.41,-29.98,17.56,-36.52,M5,3713,0.195,Red,0.0065,0.5,Metal-poor,Main Sequence (Red Dwarf),images/red_dwarf.jpg,FALSE,0,"Wolf 359 System (46.4 ly away), Proxima Centauri System (47.5 ly away), Ross 128 System (48.6 ly away)"
Gliese Gl 731,50.48,10.85,-47.15,14.41,M2,3875,0.298,Red,0.018,0.5,Metal-poor,Main Sequence (Red Dwarf),images/red_dwarf.jpg,FALSE,0,"Gliese 667 System (42.2 ly away), Gliese 581 System (43.2 ly away), Barnard's Star System (44.7 ly away)"
Gliese Gl 720B,50.48,5.43,-34.8,36.17,m,3649,0.09,Red,0.0013,0.5,Metal-poor,Main Sequence (Red Dwarf),images/red_dwarf.jpg,FALSE,0,"Barnard's Star System (45.6 ly away), Gliese 581 System (47.2 ly away), Solar System (Earth/Sun) (50.5 ly away)"
Gliese GJ 3077A,50.49,47.85,15.53,4.33,m,3622,0.097,Red,0.0015,0.5,Metal-poor,Main Sequence (Red Dwarf),images/red_dwarf.jpg,FALSE,0,"Tau Ceti System (39.7 ly away), Gliese 876 System (39.9 ly away), Epsilon Eridani System (42.7 ly away)"
Gliese GJ 3078B,50.49,47.84,15.54,4.31,m,3516,0.064,Red,0.0006,0.5,Metal-poor,Main Sequence (Red Dwarf),images/red_dwarf.jpg,FALSE,0,"Tau Ceti System (39.7 ly away), Gliese 876 System (39.9 ly away), Epsilon Eridani System (42.7 ly away)"
Gliese GJ 3162,50.49,38.49,30.24,-12.38,DC,5436,0.012,White,0.0001,1.0,Solar metallicity,White Dwarf,images/sirius.jpg,FALSE,0,"Tau Ceti System (38.9 ly away), Epsilon Eridani System (40.5 ly away), Gliese 876 System (43.1 ly away)"
Gliese GJ 3121,50.54,30.43,16.19,36.97,DAs,8403,0.022,White,0.0022,1.0,Solar metallicity,White Dwarf,images/sirius.jpg,FALSE,0,"Epsilon Eridani System (46.3 ly away), Tau Ceti System (46.4 ly away), Ross 128 System (48.1 ly away)"
Gliese Gl 316.1,50.57,-30.92,36.69,15.96,m,3149,0.024,Red,0.0001,0.5,Metal-poor,Main Sequence (Red Dwarf),images/red_dwarf.jpg,FALSE,0,"55 Cancri System (13.1 ly away), Ross 128 System (40.4 ly away), Wolf 359 System (44.4 ly away)"
Cervantes,50.59,-2.16,-31.19,-39.78,G5V,5622,1.447,Yellow,1.8759,1.0,Solar metallicity,Main Sequence,images/sun.jpg,TRUE,4,"Gliese 667 System (29.7 ly away), Gliese 581 System (41.7 ly away), Proxima Centauri System (46.7 ly away)"
Gliese Gl 856A,50.59,38.96,-17.45,27.15,M0...,3691,0.257,Red,0.011,0.5,Metal-poor,Main Sequence (Red Dwarf),images/red_dwarf.jpg,FALSE,0,"Gliese 876 System (41.8 ly away), Tau Ceti System (47.5 ly away), Barnard's Star System (48.2 ly away)"
Gliese Gl 458A,50.62,-29.36,-1.58,41.2,M2,3983,0.348,Red,0.0274,0.5,Metal-poor,Main Sequence (Red Dwarf),images/red_dwarf.jpg,FALSE,0,"55 Cancri System (35.6 ly away), Wolf 359 System (46.0 ly away), Ross 128 System (47.2 ly away)"
30Del Aql,50.64,18.43,-47.08,2.75,F0IV,7343,1.909,Yellow-White,9.506,1.0,Solar metallicity,Subgiant,images/sun.jpg,FALSE,0,"Gliese 667 System (39.4 ly away), Gliese 876 System (43.5 ly away), Gliese 581 System (45.0 ly away)"
Gliese Gl 157A,50.65,25.8,43.57,-1.02,K4V,4483,0.586,Orange,0.1243,1.0,Solar metallicity,Main Sequence,images/orange_dwarf.jpg,FALSE,0,"Epsilon Eridani System (40.4 ly away), Tau Ceti System (41.6 ly away), Ross 128 System (44.8 ly away)"
Gliese Gl 25B,50.66,45.4,7.46,-21.22,G8 V,5700,0.782,Yellow,0.5786,1.0,Solar metallicity,Main Sequence,images/sun.jpg,FALSE,0,"Gliese 876 System (37.6 ly away), Tau Ceti System (39.5 ly away), Epsilon Eridani System (43.8 ly away)"
Gliese Gl 720A,50.71,5.43,-34.97,36.32,M2,3926,0.338,Red,0.0244,0.5,Metal-poor,Main Sequence (Red Dwarf),images/red_dwarf.jpg,FALSE,0,"Barnard's Star System (45.8 ly away), Gliese 581 System (47.4 ly away), Solar System (Earth/Sun) (50.7 ly away)"
Hipparcos 101516,50.71,28.65,-35.9,21.48,DA,11523,0.018,White,0.0051,1.0,Solar metallicity,White Dwarf,images/sirius.jpg,FALSE,0,"Gliese 876 System (43.0 ly away), Barnard's Star System (46.2 ly away), Gliese 667 System (50.2 ly away)"
Gliese Gl 808,50.72,6.41,-6.89,-49.85,M2.5,3794,0.144,Red,0.0038,0.5,Metal-poor,Main Sequence (Red Dwarf),images/red_dwarf.jpg,FALSE,0,"Gliese 667 System (39.8 ly away), Gliese 876 System (46.8 ly away), Proxima Centauri System (47.2 ly away)"
Hipparcos 76779,50.74,-27.57,-39.59,-15.72,K5V,4129,0.468,Orange,0.057,1.0,Solar metallicity,Main Sequence,images/orange_dwarf.jpg,FALSE,0,"Gliese 581 System (31.1 ly away), Gliese 667 System (32.4 ly away), Barnard's Star System (46.8 ly away)"
Hipparcos 98681,50.76,16.62,-28.04,-38.91,G2V,5700,0.155,Yellow,0.0227,1.0,Solar metallicity,Main Sequence,images/sun.jpg,FALSE,0,"Gliese 667 System (34.1 ly away), Gliese 876 System (42.5 ly away), Proxima Centauri System (47.7 ly away)"
Gliese Gl 156,50.77,26.23,43.05,-6.03,M0V,4007,0.474,Red,0.052,0.5,Metal-poor,Main Sequence (Red Dwarf),images/red_dwarf.jpg,FALSE,0,"Epsilon Eridani System (40.4 ly away), Tau Ceti System (41.3 ly away), Ross 128 System (45.4 ly away)"
Castor,50.87,-17.33,39.56,26.87,A2Vm,9720,2.484,White,49.4311,1.4,Metal-rich,Main Sequence,images/sirius.jpg,FALSE,0,"55 Cancri System (17.2 ly away), Ross 128 System (40.3 ly away), Wolf 359 System (46.6 ly away)"
Gliese Gl 527B,50.87,-43.31,-21.89,15.26,M2,3100,0.319,Red,0.0084,0.5,Metal-poor,Main Sequence (Red Dwarf),images/red_dwarf.jpg,FALSE,0,"Gliese 581 System (35.9 ly away), Wolf 359 System (45.5 ly away), Barnard's Star System (48.1 ly away)"
Gliese Gl 507B,50.91,-39.17,-14.17,29.28,M3,3839,0.13,Red,0.0033,0.5,Metal-poor,Main Sequence (Red Dwarf),images/red_dwarf.jpg,FALSE,0,"Gliese 581 System (41.4 ly away), 55 Cancri System (43.9 ly away), Wolf 359 System (45.5 ly away)"
Helvetios,50.91,45.84,-12.83,18.05,G5V,5721,1.208,Yellow,1.4022,1.0,Solar metallicity,Main Sequence,images/sun.jpg,FALSE,0,"Gliese 876 System (39.4 ly away), Tau Ceti System (45.1 ly away), Epsilon Eridani System (49.1 ly away)"
Gliese Gl 782,50.93,25.69,-40.2,-17.83,K4Vp,4129,0.471,Orange,0.058,1.0,Solar metallicity,Main Sequence,images/orange_dwarf.jpg,FALSE,0,"Gliese 667 System (36.6 ly away), Gliese 876 System (40.3 ly away), Barnard's Star System (47.1 ly away)"
4Tau Boo,50.94,-43.37,-21.92,15.28,F7V,6353,1.518,Yellow-White,3.3667,1.0,Solar metallicity,Main Sequence,images/sun.jpg,TRUE,1,"Gliese 581 System (36.0 ly away), Wolf 359 System (45.5 ly away), Barnard's Star System (48.2 ly away)"
Gliese GJ 1014,50.96,49.5,7.82,9.27,G2V,3288,0.039,Yellow,0.0002,1.0,Solar metallicity,Main Sequence,images/sun.jpg,FALSE,0,"Gliese 876 System (39.5 ly away), Tau Ceti System (41.3 ly away), Epsilon Eridani System (44.7 ly away)"
Gliese GJ 3296,50.96,17.55,44.31,18.05,m,3100,0.061,Red,0.0003,0.5,Metal-poor,Main Sequence (Red Dwarf),images/red_dwarf.jpg,FALSE,0,"Epsilon Eridani System (42.6 ly away), Ross 128 System (42.8 ly away), Tau Ceti System (45.3 ly away)"
Gliese GJ 3404A,50.96,-9.31,50.0,3.18,m,3100,0.196,Red,0.0032,0.5,Metal-poor,Main Sequence (Red Dwarf),images/red_dwarf.jpg,FALSE,0,"55 Cancri System (32.5 ly away), Ross 128 System (40.5 ly away), Epsilon Eridani System (44.8 ly away)"
Gliese GJ 3405B,50.96,-9.32,50.0,3.19,m,3100,0.109,Red,0.001,0.5,Metal-poor,Main Sequence (Red Dwarf),images/red_dwarf.jpg,FALSE,0,"55 Cancri System (32.5 ly away), Ross 128 System (40.5 ly away), Epsilon Eridani System (44.8 ly away)"
Gliese GJ 3654,50.96,-44.21,8.47,-23.89,M4,3100,0.092,Red,0.0007,0.5,Metal-poor,Main Sequence (Red Dwarf),images/red_dwarf.jpg,FALSE,0,"Gliese 581 System (44.6 ly away), Wolf 359 System (44.8 ly away), Proxima Centauri System (48.3 ly away)"
Gliese GJ 3685A,50.96,-50.89,2.74,0.23,m,3100,0.113,Red,0.0011,0.5,Metal-poor,Main Sequence (Red Dwarf),images/red_dwarf.jpg,FALSE,0,"55 Cancri System (40.0 ly away), Gliese 581 System (42.1 ly away), Wolf 359 System (43.5 ly away)"
Gliese GJ 3686B,50.96,-50.89,2.73,0.22,m,3100,0.025,Red,0.0001,0.5,Metal-poor,Main Sequence (Red Dwarf),images/red_dwarf.jpg,FALSE,0,"55 Cancri System (40.0 ly away), Gliese 581 System (42.1 ly away), Wolf 359 System (43.5 ly away)"
Gliese GJ 3815,50.96,-17.68,-9.48,46.85,m,3277,0.033,Red,0.0001,0.5,Metal-poor,Main Sequence (Red Dwarf),images/red_dwarf.jpg,FALSE,0,"55 Cancri System (45.4 ly away), Wolf 359 System (48.4 ly away), Barnard's Star System (48.8 ly away)"
Gliese Gl 626.2,50.96,-15.88,-37.61,30.51,DZA6,8403,0.012,White,0.0006,1.0,Solar metallicity,White Dwarf,images/sirius.jpg,FALSE,0,"Gliese 581 System (40.1 ly away), Barnard's Star System (45.9 ly away), Gliese 667 System (49.3 ly away)"
Gliese GJ 4069,50.96,7.08,-38.56,32.55,m,3100,0.105,Red,0.0009,0.5,Metal-poor,Main Sequence (Red Dwarf),images/red_dwarf.jpg,FALSE,0,"Barnard's Star System (45.8 ly away), Gliese 581 System (46.7 ly away), Gliese 876 System (50.5 ly away)"
Gliese Gl 40A,50.99,45.79,10.48,-19.85,K5V,4139,0.461,Orange,0.056,1.0,Solar metallicity,Main Sequence,images/orange_dwarf.jpg,FALSE,0,"Gliese 876 System (38.4 ly away), Tau Ceti System (39.6 ly away), Epsilon Eridani System (43.6 ly away)"
99 Her,51.02,1.35,-43.91,25.94,F7V,6265,1.213,Yellow-White,2.0342,1.0,Solar metallicity,Main Sequence,images/sun.jpg,FALSE,0,"Gliese 581 System (42.9 ly away), Barnard's Star System (45.3 ly away), Gliese 667 System (46.9 ly away)"
Gliese Gl 492,51.04,-49.2,-13.22,3.1,DC9,5815,0.01,White,0.0001,1.0,Solar metallicity,White Dwarf,images/sirius.jpg,TRUE,1,"Gliese 581 System (36.8 ly away), Wolf 359 System (44.5 ly away), Gliese 667 System (48.9 ly away)"
Gliese GJ 1175,51.06,-38.07,-17.97,-28.89,K1V,5120,0.768,Orange,0.3641,1.0,Solar metallicity,Main Sequence,images/orange_dwarf.jpg,FALSE,0,"Gliese 581 System (36.4 ly away), Gliese 667 System (38.2 ly away), Wolf 359 System (47.2 ly away)"
Gliese Gl 704B,51.06,1.35,-43.94,25.96,K5 V,4515,0.488,Orange,0.089,1.0,Solar metallicity,Main Sequence,images/orange_dwarf.jpg,FALSE,0,"Gliese 581 System (42.9 ly away), Barnard's Star System (45.4 ly away), Gliese 667 System (46.9 ly away)"
Gliese GJ 1037,51.12,46.28,16.39,14.24,DQ6,8839,0.011,White,0.0006,1.0,Solar metallicity,White Dwarf,images/sirius.jpg,FALSE,0,"Tau Ceti System (41.6 ly away), Gliese 876 System (42.2 ly away), Epsilon Eridani System (43.9 ly away)"
Gliese GJ 3666,51.12,-49.86,6.8,9.03,M3,3649,0.113,Red,0.002,0.5,Metal-poor,Main Sequence (Red Dwarf),images/red_dwarf.jpg,FALSE,0,"55 Cancri System (33.5 ly away), Wolf 359 System (43.4 ly away), Gliese 581 System (44.6 ly away)"
Hipparcos 36349,51.19,-16.72,40.94,-25.78,M1V:e...,3883,0.33,Red,0.0223,0.5,Metal-poor,Main Sequence (Red Dwarf),images/red_dwarf.jpg,FALSE,0,"Ross 128 System (44.6 ly away), Epsilon Eridani System (46.6 ly away), 55 Cancri System (47.9 ly away)"
Gliese GJ 1010B,51.2,11.29,1.16,49.93,m,3100,0.081,Red,0.0005,0.5,Metal-poor,Main Sequence (Red Dwarf),images/red_dwarf.jpg,FALSE,0,"Ross 128 System (49.5 ly away), Barnard's Star System (50.3 ly away), Solar System (Earth/Sun) (51.2 ly away)"
Gliese Gl 619,51.27,-16.23,-35.15,33.61,M0,4147,0.453,Red,0.0546,0.5,Metal-poor,Main Sequence (Red Dwarf),images/red_dwarf.jpg,FALSE,0,"Gliese 581 System (41.5 ly away), Barnard's Star System (46.4 ly away), Wolf 359 System (50.3 ly away)"
Gliese Gl 421C,51.28,-47.81,9.45,-15.96,M3.5,3677,0.068,Red,0.0008,0.5,Metal-poor,Main Sequence (Red Dwarf),images/red_dwarf.jpg,FALSE,0,"Wolf 359 System (44.4 ly away), Gliese 581 System (44.8 ly away), 55 Cancri System (45.3 ly away)"
Hipparcos 117081,51.31,45.53,-3.16,-23.45,G:+...,6234,0.199,Yellow,0.0537,1.0,Solar metallicity,Main Sequence,images/sun.jpg,FALSE,0,"Gliese 876 System (37.0 ly away), Tau Ceti System (41.4 ly away), Epsilon Eridani System (46.4 ly away)"
Gliese Gl 397,51.32,-33.3,13.56,36.62,K7V,4069,0.503,Orange,0.0622,1.0,Solar metallicity,Main Sequence,images/orange_dwarf.jpg,FALSE,0,"55 Cancri System (23.2 ly away), Ross 128 System (44.8 ly away), Wolf 359 System (45.5 ly away)"
Gliese Gl 246,51.34,-8.4,39.85,31.27,DAn,11539,0.014,White,0.0032,1.0,Solar metallicity,White Dwarf,images/sirius.jpg,FALSE,0,"55 Cancri System (24.4 ly away), Ross 128 System (41.2 ly away), Epsilon Eridani System (47.9 ly away)"
Gliese GJ 4312,51.36,18.2,-4.24,47.84,m,3734,0.114,Red,0.0023,0.5,Metal-poor,Main Sequence (Red Dwarf),images/red_dwarf.jpg,FALSE,0,"Barnard's Star System (49.9 ly away), Solar System (Earth/Sun) (51.4 ly away), Ross 128 System (51.4 ly away)"
19Phi2Cet,51.38,49.29,10.96,-9.49,F7IV-V,6326,1.134,Yellow-White,1.8484,1.0,Solar metallicity,Subgiant,images/sun.jpg,FALSE,0,"Gliese 876 System (38.7 ly away), Tau Ceti System (39.9 ly away), Epsilon Eridani System (43.9 ly away)"
Gliese GJ 3563,51.39,-40.06,27.38,-16.93,G2V,3756,0.142,Yellow,0.0036,1.0,Solar metallicity,Main Sequence,images/sun.jpg,FALSE,0,"55 Cancri System (39.4 ly away), Wolf 359 System (45.0 ly away), Ross 128 System (45.4 ly away)"
Gliese Gl 125,51.4,24.3,26.4,36.81,M2,3835,0.317,Red,0.0196,0.5,Metal-poor,Main Sequence (Red Dwarf),images/red_dwarf.jpg,FALSE,0,"Epsilon Eridani System (46.3 ly away), Ross 128 System (46.4 ly away), Tau Ceti System (47.5 ly away)"
Gliese Gl 758,51.4,15.33,-40.17,28.16,G8V,5269,0.941,Yellow,0.6126,1.0,Solar metallicity,Main Sequence,images/sun.jpg,FALSE,0,"Barnard's Star System (46.2 ly away), Gliese 876 System (48.1 ly away), Gliese 581 System (48.7 ly away)"
Gliese Gl 778,51.42,24.29,-40.48,20.37,K1V,5236,0.627,Orange,0.2652,1.0,Solar metallicity,Main Sequence,images/orange_dwarf.jpg,FALSE,0,"Gliese 876 System (44.7 ly away), Barnard's Star System (46.5 ly away), Gliese 667 System (48.7 ly away)"
Gliese Gl 750B,51.42,11.76,-33.8,-36.92,G2V,5700,0.144,Yellow,0.0198,1.0,Solar metallicity,Main Sequence,images/sun.jpg,FALSE,0,"Gliese 667 System (32.2 ly away), Gliese 876 System (44.5 ly away), Gliese 581 System (46.0 ly away)"
Gliese Gl 157B,51.44,26.2,44.25,-1.04,dM3  e,3839,0.159,White,0.0049,1.0,Solar metallicity,White Dwarf,images/sirius.jpg,FALSE,0,"Epsilon Eridani System (41.2 ly away), Tau Ceti System (42.4 ly away), Ross 128 System (45.6 ly away)"
Hipparcos 82926,51.48,-10.88,-38.44,-32.46,M3Ve+...,3779,0.2,Red,0.0073,0.5,Metal-poor,Main Sequence (Red Dwarf),images/red_dwarf.jpg,FALSE,0,"Gliese 667 System (29.0 ly away), Gliese 581 System (37.7 ly away), Proxima Centauri System (47.7 ly away)"
Gliese Gl 802,51.53,19.15,-22.16,42.38,dM5  e,3404,0.049,White,0.0003,1.0,Solar metallicity,White Dwarf,images/sirius.jpg,FALSE,0,"Barnard's Star System (48.1 ly away), Gliese 876 System (49.8 ly away), Solar System (Earth/Sun) (51.5 ly away)"
66Alp Gem,51.55,-17.56,40.09,27.23,A m,8500,1.834,White,15.7616,1.4,Metal-rich,Main Sequence,images/sirius.jpg,FALSE,0,"55 Cancri System (17.7 ly away), Ross 128 System (40.9 ly away), Wolf 359 System (47.3 ly away)"
Gliese Gl 278C,51.55,-17.57,40.1,27.22,M0.5Ve,3809,0.521,Red,0.0512,0.5,Metal-poor,Main Sequence (Red Dwarf),images/red_dwarf.jpg,FALSE,0,"55 Cancri System (17.7 ly away), Ross 128 System (41.0 ly away), Wolf 359 System (47.3 ly away)"
Gliese Gl 433.1,51.56,-44.52,4.47,25.62,DA,11122,0.013,White,0.0022,1.0,Solar metallicity,White Dwarf,images/sirius.jpg,FALSE,0,"55 Cancri System (30.2 ly away), Wolf 359 System (44.6 ly away), Gliese 581 System (46.8 ly away)"
Gliese Gl 32A,51.59,37.63,7.62,-34.46,K5V comp SB,4211,0.734,Orange,0.1522,1.0,Solar metallicity,Main Sequence,images/orange_dwarf.jpg,FALSE,0,"Gliese 876 System (40.4 ly away), Tau Ceti System (41.6 ly away), Epsilon Eridani System (45.4 ly away)"
Gliese Gl 781,51.63,15.58,-25.67,42.0,M3,3758,0.14,Red,0.0035,0.5,Metal-poor,Main Sequence (Red Dwarf),images/red_dwarf.jpg,FALSE,0,"Barnard's Star System (47.8 ly away), Gliese 876 System (50.6 ly away), Solar System (Earth/Sun) (51.6 ly away)"
28Sig Boo,51.64,-35.01,-28.01,25.62,F3Vwvar,7078,1.257,Yellow-White,3.558,1.0,Solar metallicity,Main Sequence,images/sun.jpg,FALSE,0,"Gliese 581 System (38.1 ly away), Wolf 359 System (47.7 ly away), Barnard's Star System (47.9 ly away)"
Hipparcos 74702,51.68,-33.9,-39.0,0.72,K0,5192,0.757,Orange,0.3733,1.0,Solar metallicity,Main Sequence,images/orange_dwarf.jpg,FALSE,0,"Gliese 581 System (31.8 ly away), Gliese 667 System (39.4 ly away), Barnard's Star System (47.4 ly away)"
Gliese GJ 4129,51.69,25.49,-44.93,1.83,k,3720,0.145,Orange,0.0036,1.0,Solar metallicity,Main Sequence,images/orange_dwarf.jpg,FALSE,0,"Gliese 667 System (41.9 ly away), Gliese 876 System (42.6 ly away), Barnard's Star System (46.8 ly away)"
Gliese Gl 462,51.71,-38.17,-3.66,34.69,M0V,4027,0.409,Red,0.0395,0.5,Metal-poor,Main Sequence (Red Dwarf),images/red_dwarf.jpg,FALSE,0,"55 Cancri System (36.2 ly away), Wolf 359 System (46.0 ly away), Gliese 581 System (46.6 ly away)"
Gliese Gl 777A,51.72,23.03,-38.47,25.78,G6IV+...,5439,1.193,Yellow,1.1179,1.0,Solar metallicity,Subgiant,images/sun.jpg,FALSE,0,"Gliese 876 System (46.1 ly away), Barnard's Star System (46.9 ly away), Gliese 667 System (51.1 ly away)"
Gliese Gl 889.1,51.72,50.32,-11.59,3.0,M1V:,3809,0.225,Red,0.0096,0.5,Metal-poor,Main Sequence (Red Dwarf),images/red_dwarf.jpg,FALSE,0,"Gliese 876 System (37.5 ly away), Tau Ceti System (43.8 ly away), Epsilon Eridani System (48.6 ly away)"
Gliese Gl 496.1,51.75,-30.28,-8.82,-41.02,K8V,4014,0.475,Orange,0.0526,1.0,Solar metallicity,Main Sequence,images/orange_dwarf.jpg,TRUE,1,"Gliese 667 System (40.0 ly away), Gliese 581 System (42.5 ly away), Proxima Centauri System (47.7 ly away)"
Gliese Gl 188B,51.75,11.14,47.75,16.55,G4 V,5700,1.103,Yellow,1.1513,1.0,Solar metallicity,Main Sequence,images/sun.jpg,FALSE,0,"55 Cancri System (41.7 ly away), Ross 128 System (42.6 ly away), Epsilon Eridani System (43.8 ly away)"
Gliese GJ 3218,51.77,32.74,39.65,-6.02,M2,3794,0.183,Red,0.0062,0.5,Metal-poor,Main Sequence (Red Dwarf),images/red_dwarf.jpg,FALSE,0,"Epsilon Eridani System (41.3 ly away), Tau Ceti System (41.4 ly away), Ross 128 System (47.7 ly away)"
Gliese GJ 3261,51.77,24.65,45.23,5.18,dM5  e,12000,0.01,White,0.0015,1.0,Solar metallicity,White Dwarf,images/sirius.jpg,FALSE,0,"Epsilon Eridani System (41.9 ly away), Tau Ceti System (43.5 ly away), Ross 128 System (45.1 ly away)"
Gliese GJ 3294,51.77,18.82,45.65,15.57,k-m,3453,0.051,Orange,0.0003,1.0,Solar metallicity,Main Sequence,images/orange_dwarf.jpg,FALSE,0,"Epsilon Eridani System (43.1 ly away), Ross 128 System (43.8 ly away), Tau Ceti System (45.6 ly away)"
Gliese GJ 3320,51.77,11.91,45.43,21.78,M2.5,3824,0.169,Red,0.0055,0.5,Metal-poor,Main Sequence (Red Dwarf),images/red_dwarf.jpg,FALSE,0,"55 Cancri System (41.2 ly away), Ross 128 System (42.8 ly away), Epsilon Eridani System (44.3 ly away)"
Gliese GJ 3492,51.77,-6.82,10.35,-50.26,k-m,4500,0.104,Orange,0.004,1.0,Solar metallicity,Main Sequence,images/orange_dwarf.jpg,FALSE,0,"Gliese 667 System (47.1 ly away), Proxima Centauri System (48.4 ly away), Epsilon Eridani System (50.3 ly away)"
Gliese GJ 3625,51.77,-9.0,2.92,-50.9,m,3100,0.105,Red,0.0009,0.5,Metal-poor,Main Sequence (Red Dwarf),images/red_dwarf.jpg,FALSE,0,"Gliese 667 System (43.8 ly away), Proxima Centauri System (48.1 ly away), Tau Ceti System (51.4 ly away)"
Gliese GJ 3690B,51.77,-50.95,1.71,9.0,m,3100,0.051,Red,0.0002,0.5,Metal-poor,Main Sequence (Red Dwarf),images/red_dwarf.jpg,FALSE,0,"55 Cancri System (37.4 ly away), Gliese 581 System (43.3 ly away), Wolf 359 System (44.2 ly away)"
Gliese Gl 461A,51.77,-51.56,-4.61,0.53,M0 V,3839,0.32,Red,0.02,0.5,Metal-poor,Main Sequence (Red Dwarf),images/red_dwarf.jpg,FALSE,0,"Gliese 581 System (40.2 ly away), Wolf 359 System (44.6 ly away), 55 Cancri System (44.9 ly away)"
Gliese GJ 1167A,51.77,-43.22,-13.54,25.09,dM5,3490,0.059,White,0.0005,1.0,Solar metallicity,White Dwarf,images/sirius.jpg,FALSE,0,"Gliese 581 System (41.1 ly away), 55 Cancri System (44.1 ly away), Wolf 359 System (45.9 ly away)"
Gliese Gl 708.3,51.77,3.68,-51.62,1.37,M5,3635,0.117,Red,0.0022,0.5,Metal-poor,Main Sequence (Red Dwarf),images/red_dwarf.jpg,FALSE,0,"Gliese 667 System (36.9 ly away), Gliese 581 System (40.1 ly away), Barnard's Star System (46.0 ly away)"
Gliese GJ 4102,51.77,2.3,-6.29,-51.34,M3.5,3100,0.148,Red,0.0018,0.5,Metal-poor,Main Sequence (Red Dwarf),images/red_dwarf.jpg,FALSE,0,"Gliese 667 System (40.5 ly away), Proxima Centauri System (48.1 ly away), Gliese 876 System (49.1 ly away)"
Gliese GJ 4262,51.77,46.0,-23.64,-2.3,k-m,3705,0.134,Orange,0.0031,1.0,Solar metallicity,Main Sequence,images/orange_dwarf.jpg,FALSE,0,"Gliese 876 System (37.3 ly away), Tau Ceti System (45.8 ly away), Barnard's Star System (49.6 ly away)"
Gliese GJ 1268,51.77,29.17,-12.84,40.8,m+,3380,0.044,Red,0.0002,0.5,Metal-poor,Main Sequence (Red Dwarf),images/red_dwarf.jpg,FALSE,0,"Gliese 876 System (47.8 ly away), Barnard's Star System (49.6 ly away), Tau Ceti System (51.2 ly away)"
Gliese GJ 4292,51.77,45.3,-15.73,19.51,m,3100,0.051,Red,0.0002,0.5,Metal-poor,Main Sequence (Red Dwarf),images/red_dwarf.jpg,FALSE,0,"Gliese 876 System (40.5 ly away), Tau Ceti System (46.6 ly away), Barnard's Star System (49.9 ly away)"
Gliese GJ 4319,51.77,50.47,-9.78,6.08,k,3608,0.089,Orange,0.0012,1.0,Solar metallicity,Main Sequence,images/orange_dwarf.jpg,FALSE,0,"Gliese 876 System (38.0 ly away), Tau Ceti System (43.8 ly away), Epsilon Eridani System (48.5 ly away)"
Gliese GJ 4355,51.77,51.09,-4.73,-6.93,DA,8321,0.016,White,0.0011,1.0,Solar metallicity,White Dwarf,images/sirius.jpg,FALSE,0,"Gliese 876 System (37.0 ly away), Tau Ceti System (42.1 ly away), Epsilon Eridani System (47.0 ly away)"
Gliese GJ 3885,51.77,-34.12,-34.43,18.18,M3,3870,0.126,Red,0.0032,0.5,Metal-poor,Main Sequence (Red Dwarf),images/red_dwarf.jpg,FALSE,0,"Gliese 581 System (35.3 ly away), Gliese 667 System (46.7 ly away), Barnard's Star System (47.5 ly away)"
Gliese Gl 637,51.8,-4.66,-14.43,-49.53,M,3649,0.199,Red,0.0063,0.5,Metal-poor,Main Sequence (Red Dwarf),images/red_dwarf.jpg,FALSE,0,"Gliese 667 System (36.7 ly away), Gliese 581 System (47.5 ly away), Proxima Centauri System (47.8 ly away)"
Gliese Gl 3,51.82,19.55,0.45,-47.99,K5V,4567,0.476,Orange,0.0883,1.0,Solar metallicity,Main Sequence,images/orange_dwarf.jpg,FALSE,0,"Gliese 876 System (44.8 ly away), Gliese 667 System (45.8 ly away), Tau Ceti System (45.9 ly away)"
Gliese Gl 430.1,51.84,-47.47,5.89,19.98,G2V,3888,0.284,Yellow,0.0165,1.0,Solar metallicity,Main Sequence,images/sun.jpg,FALSE,0,"55 Cancri System (30.6 ly away), Wolf 359 System (44.5 ly away), Gliese 581 System (46.5 ly away)"
1Chi Her,51.84,-20.17,-32.49,34.99,F9V,6116,1.592,Yellow-White,3.1798,1.0,Solar metallicity,Main Sequence,images/sun.jpg,FALSE,0,"Gliese 581 System (42.0 ly away), Barnard's Star System (47.3 ly away), Wolf 359 System (50.2 ly away)"
Gliese Gl 777B,51.84,23.06,-38.59,25.81,M4  :,3555,0.052,Red,0.0004,0.5,Metal-poor,Main Sequence (Red Dwarf),images/red_dwarf.jpg,FALSE,0,"Gliese 876 System (46.2 ly away), Barnard's Star System (47.0 ly away), Gliese 667 System (51.1 ly away)"
Gliese GJ 3463,51.94,-24.24,45.66,5.02,m,3368,0.049,Red,0.0003,0.5,Metal-poor,Main Sequence (Red Dwarf),images/red_dwarf.jpg,FALSE,0,"55 Cancri System (24.3 ly away), Ross 128 System (41.4 ly away), Wolf 359 System (46.8 ly away)"
Gliese GJ 1169,51.94,-43.37,-15.05,24.28,m,3581,0.086,Red,0.0011,0.5,Metal-poor,Main Sequence (Red Dwarf),images/red_dwarf.jpg,FALSE,0,"Gliese 581 System (40.7 ly away), 55 Cancri System (45.5 ly away), Wolf 359 System (46.1 ly away)"
Gliese Gl 207.1,51.98,5.94,51.61,1.76,M2.5Ve,3683,0.181,Red,0.0054,0.5,Metal-poor,Main Sequence (Red Dwarf),images/red_dwarf.jpg,FALSE,0,"Ross 128 System (42.8 ly away), 55 Cancri System (43.3 ly away), Epsilon Eridani System (43.5 ly away)"
Gliese Gl 841A,52.09,28.22,-16.68,-40.49,M0,3779,0.295,Red,0.016,0.5,Metal-poor,Main Sequence (Red Dwarf),images/red_dwarf.jpg,FALSE,0,"Gliese 876 System (41.2 ly away), Gliese 667 System (41.8 ly away), Tau Ceti System (46.7 ly away)"
Gliese GJ 1120A,52.1,-35.74,35.34,13.72,M0V:p...,4148,0.534,Red,0.0756,0.5,Metal-poor,Main Sequence (Red Dwarf),images/red_dwarf.jpg,FALSE,0,"55 Cancri System (15.9 ly away), Ross 128 System (42.4 ly away), Wolf 359 System (45.5 ly away)"
Gliese Gl 421A,52.16,-48.63,9.6,-16.24,K7V,4051,0.301,Orange,0.0219,1.0,Solar metallicity,Main Sequence,images/orange_dwarf.jpg,FALSE,0,"Wolf 359 System (45.2 ly away), Gliese 581 System (45.6 ly away), 55 Cancri System (45.9 ly away)"
Gliese Gl 838,52.17,29.69,-19.23,-38.34,G2V,5964,1.078,Yellow,1.3183,1.0,Solar metallicity,Main Sequence,images/sun.jpg,FALSE,0,"Gliese 876 System (40.7 ly away), Gliese 667 System (41.6 ly away), Tau Ceti System (46.8 ly away)"
Gliese GJ 3366,52.18,2.91,51.89,-4.73,m,3416,0.053,Red,0.0003,0.5,Metal-poor,Main Sequence (Red Dwarf),images/red_dwarf.jpg,FALSE,0,"Ross 128 System (43.2 ly away), Epsilon Eridani System (43.8 ly away), 55 Cancri System (44.5 ly away)"
Gliese GJ 1254,52.18,15.35,-19.35,45.97,m,3764,0.11,Red,0.0022,0.5,Metal-poor,Main Sequence (Red Dwarf),images/red_dwarf.jpg,FALSE,0,"Barnard's Star System (49.0 ly away), Gliese 876 System (52.0 ly away), Solar System (Earth/Sun) (52.2 ly away)"
Gliese Gl 112.1,52.22,38.24,33.92,10.66,K5,4178,0.547,Orange,0.0818,1.0,Solar metallicity,Main Sequence,images/orange_dwarf.jpg,FALSE,0,"Tau Ceti System (42.5 ly away), Epsilon Eridani System (42.9 ly away), Gliese 876 System (47.4 ly away)"
Gliese Gl 263,52.26,-14.23,49.37,-9.53,M5,3742,0.23,Red,0.0093,0.5,Metal-poor,Main Sequence (Red Dwarf),images/red_dwarf.jpg,FALSE,0,"55 Cancri System (38.4 ly away), Ross 128 System (42.9 ly away), Epsilon Eridani System (46.5 ly away)"
Gliese Gl 32B,52.26,38.12,7.72,-34.91,K7 V,4176,0.441,Orange,0.0532,1.0,Solar metallicity,Main Sequence,images/orange_dwarf.jpg,FALSE,0,"Gliese 876 System (41.1 ly away), Tau Ceti System (42.2 ly away), Epsilon Eridani System (46.1 ly away)"
Gliese GJ 3232,52.27,29.8,39.01,17.96,K7 V,3967,0.221,Orange,0.0108,1.0,Solar metallicity,Main Sequence,images/orange_dwarf.jpg,FALSE,0,"Epsilon Eridani System (43.5 ly away), Tau Ceti System (44.6 ly away), Ross 128 System (46.5 ly away)"
Gliese Gl 152,52.28,22.92,34.04,-32.39,K1V,5078,0.774,Orange,0.3578,1.0,Solar metallicity,Main Sequence,images/orange_dwarf.jpg,FALSE,0,"Tau Ceti System (43.0 ly away), Epsilon Eridani System (43.4 ly away), Gliese 876 System (48.6 ly away)"
Gliese Gl 372,52.33,-44.43,27.44,-3.37,M0,3789,0.273,Red,0.0138,0.5,Metal-poor,Main Sequence (Red Dwarf),images/red_dwarf.jpg,FALSE,0,"55 Cancri System (30.3 ly away), Wolf 359 System (45.0 ly away), Ross 128 System (45.1 ly away)"
Gliese Gl 508.2,52.33,-40.57,-14.96,29.47,M0,3776,0.264,Red,0.0127,0.5,Metal-poor,Main Sequence (Red Dwarf),images/red_dwarf.jpg,FALSE,0,"Gliese 581 System (42.4 ly away), 55 Cancri System (45.2 ly away), Wolf 359 System (46.9 ly away)"
Gliese Gl 548B,52.34,-38.58,-28.49,20.97,M2,3867,0.337,Red,0.0228,0.5,Metal-poor,Main Sequence (Red Dwarf),images/red_dwarf.jpg,FALSE,0,"Gliese 581 System (37.3 ly away), Wolf 359 System (48.0 ly away), Barnard's Star System (48.7 ly away)"
Gliese Gl 862,52.39,41.85,-17.49,-26.21,K4V,4559,0.711,Orange,0.1957,1.0,Solar metallicity,Main Sequence,images/orange_dwarf.jpg,FALSE,0,"Gliese 876 System (38.0 ly away), Tau Ceti System (45.0 ly away), Gliese 667 System (47.1 ly away)"
Gliese Gl 332A,52.41,-27.71,27.56,34.92,F5V,6562,1.877,Yellow-White,5.8614,1.0,Solar metallicity,Main Sequence,images/sun.jpg,FALSE,0,"55 Cancri System (16.3 ly away), Ross 128 System (43.5 ly away), Wolf 359 System (47.0 ly away)"
Hipparcos 111391,52.44,44.13,-17.38,-22.36,G2V,3803,0.195,Yellow,0.0071,1.0,Solar metallicity,Main Sequence,images/sun.jpg,FALSE,0,"Gliese 876 System (37.6 ly away), Tau Ceti System (44.8 ly away), Gliese 667 System (48.4 ly away)"
Gliese Gl 579,52.44,-32.51,-34.68,22.1,K7 V,3934,0.311,Orange,0.0207,1.0,Solar metallicity,Main Sequence,images/orange_dwarf.jpg,FALSE,0,"Gliese 581 System (37.0 ly away), Barnard's Star System (48.1 ly away), Gliese 667 System (48.5 ly away)"
Gliese GJ 3972,52.45,-15.91,-47.72,14.88,M:,2804,0.286,Red,0.0045,0.5,Metal-poor,Main Sequence (Red Dwarf),images/red_dwarf.jpg,FALSE,0,"Gliese 581 System (37.0 ly away), Gliese 667 System (42.4 ly away), Barnard's Star System (46.8 ly away)"
Gliese Gl 856B,52.45,40.39,-18.09,28.15,G2V,5700,0.074,Yellow,0.0052,1.0,Solar metallicity,Main Sequence,images/sun.jpg,FALSE,0,"Gliese 876 System (43.5 ly away), Tau Ceti System (49.3 ly away), Barnard's Star System (50.1 ly away)"
Gliese Gl 891,52.46,46.07,-10.16,-22.94,G2V,3697,0.204,Yellow,0.007,1.0,Solar metallicity,Main Sequence,images/sun.jpg,FALSE,0,"Gliese 876 System (37.7 ly away), Tau Ceti System (43.6 ly away), Epsilon Eridani System (48.8 ly away)"
Gliese Gl 750A,52.5,12.01,-34.52,-37.7,K9V...,3899,0.439,Orange,0.04,1.0,Solar metallicity,Main Sequence,images/orange_dwarf.jpg,FALSE,0,"Gliese 667 System (33.2 ly away), Gliese 876 System (45.5 ly away), Gliese 581 System (47.1 ly away)"
Gliese GJ 1174,52.52,-34.36,-16.05,36.33,M3,3594,0.109,Red,0.0018,0.5,Metal-poor,Main Sequence (Red Dwarf),images/red_dwarf.jpg,FALSE,0,"Gliese 581 System (44.5 ly away), 55 Cancri System (46.4 ly away), Wolf 359 System (48.0 ly away)"
Gliese Gl 734A,52.52,12.23,-50.08,10.0,dM0,4017,0.402,White,0.0378,1.0,Solar metallicity,White Dwarf,images/sirius.jpg,FALSE,0,"Gliese 667 System (42.2 ly away), Gliese 581 System (44.7 ly away), Barnard's Star System (46.8 ly away)"
Gliese Gl 734B,52.52,12.24,-50.09,10.0,G2V,5700,0.054,Yellow,0.0027,1.0,Solar metallicity,Main Sequence,images/sun.jpg,FALSE,0,"Gliese 667 System (42.2 ly away), Gliese 581 System (44.7 ly away), Barnard's Star System (46.8 ly away)"
Hipparcos 17695,52.61,28.75,44.02,-1.81,G2V,3777,0.169,Yellow,0.0052,1.0,Solar metallicity,Main Sequence,images/sun.jpg,FALSE,0,"Epsilon Eridani System (42.3 ly away), Tau Ceti System (43.2 ly away), Ross 128 System (47.2 ly away)"
Gliese GJ 2010,52.61,48.49,7.99,-18.76,DA7,6625,0.014,White,0.0003,1.0,Solar metallicity,White Dwarf,images/sirius.jpg,FALSE,0,"Gliese 876 System (39.4 ly away), Tau Ceti System (41.3 ly away), Epsilon Eridani System (45.6 ly away)"
Gliese GJ 1033,52.61,45.99,15.26,-20.47,G2V,3677,0.055,Yellow,0.0005,1.0,Solar metallicity,Main Sequence,images/sun.jpg,FALSE,0,"Tau Ceti System (40.9 ly away), Gliese 876 System (40.9 ly away), Epsilon Eridani System (44.5 ly away)"
Gliese GJ 3183,52.61,33.51,31.2,25.9,m,3100,0.084,Red,0.0006,0.5,Metal-poor,Main Sequence (Red Dwarf),images/red_dwarf.jpg,FALSE,0,"Epsilon Eridani System (45.1 ly away), Tau Ceti System (45.6 ly away), Ross 128 System (48.2 ly away)"
Gliese GJ 3223,52.61,32.88,41.03,-1.67,DZ9,5281,0.011,White,0.0001,1.0,Solar metallicity,White Dwarf,images/sirius.jpg,FALSE,0,"Epsilon Eridani System (42.2 ly away), Tau Ceti System (42.5 ly away), Ross 128 System (48.1 ly away)"
Gliese GJ 3455,52.61,-13.22,29.63,-41.41,m,3100,0.169,Red,0.0024,0.5,Metal-poor,Main Sequence (Red Dwarf),images/red_dwarf.jpg,FALSE,0,"Epsilon Eridani System (49.1 ly away), Ross 128 System (50.0 ly away), Proxima Centauri System (50.4 ly away)"
Gliese GJ 1118,52.61,-31.69,31.94,-27.27,k-m,3594,0.068,Orange,0.0007,1.0,Solar metallicity,Main Sequence,images/orange_dwarf.jpg,FALSE,0,"Ross 128 System (47.2 ly away), 55 Cancri System (47.4 ly away), Wolf 359 System (47.7 ly away)"
Gliese GJ 3540,52.61,-34.55,31.1,24.62,m,3705,0.128,Red,0.0027,0.5,Metal-poor,Main Sequence (Red Dwarf),images/red_dwarf.jpg,FALSE,0,"55 Cancri System (12.8 ly away), Ross 128 System (43.2 ly away), Wolf 359 System (46.2 ly away)"
Gliese GJ 3573,52.61,-41.66,24.92,20.26,m,3100,0.076,Red,0.0005,0.5,Metal-poor,Main Sequence (Red Dwarf),images/red_dwarf.jpg,TRUE,3,"55 Cancri System (17.5 ly away), Ross 128 System (44.4 ly away), Wolf 359 System (45.4 ly away)"
Gliese GJ 3702,52.61,-44.1,-0.76,-28.67,M4.5,3100,0.083,Red,0.0006,0.5,Metal-poor,Main Sequence (Red Dwarf),images/red_dwarf.jpg,FALSE,0,"Gliese 581 System (43.1 ly away), Gliese 667 System (47.1 ly away), Wolf 359 System (47.2 ly away)"
Gliese GJ 1161B,52.61,-42.62,-6.68,-30.1,G2V,3649,0.157,Yellow,0.0039,1.0,Solar metallicity,Main Sequence,images/sun.jpg,FALSE,0,"Gliese 581 System (41.3 ly away), Gliese 667 System (44.4 ly away), Wolf 359 System (47.7 ly away)"
Gliese GJ 3764,52.61,-38.38,-11.98,-33.92,M3.5,3649,0.101,Red,0.0016,0.5,Metal-poor,Main Sequence (Red Dwarf),images/red_dwarf.jpg,FALSE,0,"Gliese 581 System (40.4 ly away), Gliese 667 System (41.3 ly away), Wolf 359 System (48.7 ly away)"
Gliese GJ 3813,52.61,-44.92,-24.04,13.1,M2,3794,0.165,Red,0.005,0.5,Metal-poor,Main Sequence (Red Dwarf),images/red_dwarf.jpg,FALSE,0,"Gliese 581 System (36.7 ly away), Wolf 359 System (47.3 ly away), Gliese 667 System (49.5 ly away)"
Gliese GJ 3884,52.61,-36.72,-37.1,6.56,M3.5,3809,0.099,Red,0.0018,0.5,Metal-poor,Main Sequence (Red Dwarf),images/red_dwarf.jpg,FALSE,0,"Gliese 581 System (33.5 ly away), Gliese 667 System (43.0 ly away), Barnard's Star System (48.4 ly away)"
Gliese GJ 3910,52.61,-27.75,-36.79,25.38,m,3100,0.072,Red,0.0004,0.5,Metal-poor,Main Sequence (Red Dwarf),images/red_dwarf.jpg,FALSE,0,"Gliese 581 System (38.3 ly away), Barnard's Star System (47.9 ly away), Gliese 667 System (49.1 ly away)"
Gliese GJ 3945,52.61,-20.56,-41.4,-25.11,M3.5,3100,0.134,Red,0.0015,0.5,Metal-poor,Main Sequence (Red Dwarf),images/red_dwarf.jpg,FALSE,0,"Gliese 667 System (31.2 ly away), Gliese 581 System (35.2 ly away), Barnard's Star System (48.9 ly away)"
Gliese GJ 1226,52.61,4.8,-52.39,-0.97,M3.5,3568,0.113,Red,0.0019,0.5,Metal-poor,Main Sequence (Red Dwarf),images/red_dwarf.jpg,FALSE,0,"Gliese 667 System (37.0 ly away), Gliese 581 System (41.1 ly away), Barnard's Star System (46.9 ly away)"
Gliese GJ 4198,52.61,31.72,-24.16,-34.32,M3,3622,0.088,Red,0.0012,0.5,Metal-poor,Main Sequence (Red Dwarf),images/red_dwarf.jpg,FALSE,0,"Gliese 876 System (40.5 ly away), Gliese 667 System (41.4 ly away), Tau Ceti System (47.7 ly away)"
Gliese GJ 1269B,52.61,47.33,-20.06,11.16,G2V,5700,0.148,Yellow,0.0207,1.0,Solar metallicity,Main Sequence,images/sun.jpg,FALSE,0,"Gliese 876 System (39.6 ly away), Tau Ceti System (47.0 ly away), Barnard's Star System (50.5 ly away)"
Gliese Gl 676B,52.62,-4.23,-32.39,-41.26,m,3779,0.077,Red,0.0011,0.5,Metal-poor,Main Sequence (Red Dwarf),images/red_dwarf.jpg,FALSE,0,"Gliese 667 System (31.5 ly away), Gliese 581 System (43.0 ly away), Proxima Centauri System (48.7 ly away)"
Gliese GJ 3782B,52.65,-49.12,-18.78,2.5,G5,5081,0.66,Yellow,0.2606,1.0,Solar metallicity,Main Sequence,images/sun.jpg,FALSE,0,"Gliese 581 System (36.7 ly away), Wolf 359 System (46.6 ly away), Gliese 667 System (48.4 ly away)"
Gliese Gl 165A,52.69,15.05,29.92,40.67,M3.5,3453,0.078,Red,0.0008,0.5,Metal-poor,Main Sequence (Red Dwarf),images/red_dwarf.jpg,FALSE,0,"55 Cancri System (45.0 ly away), Ross 128 System (46.1 ly away), Epsilon Eridani System (48.4 ly away)"
Gliese Gl 472,52.76,-18.91,-2.79,-49.17,K0V,5174,0.706,Orange,0.3203,1.0,Solar metallicity,Main Sequence,images/orange_dwarf.jpg,FALSE,0,"Gliese 667 System (42.3 ly away), Gliese 581 System (48.5 ly away), Proxima Centauri System (48.8 ly away)"
Gliese GJ 1136A,52.78,-39.92,14.16,-31.5,K7V,3855,0.311,Orange,0.0191,1.0,Solar metallicity,Main Sequence,images/orange_dwarf.jpg,FALSE,0,"Wolf 359 System (47.5 ly away), Gliese 581 System (49.3 ly away), Proxima Centauri System (50.0 ly away)"
Gliese Gl 844,52.78,44.04,-24.96,14.96,M2,3797,0.259,Red,0.0125,0.5,Metal-poor,Main Sequence (Red Dwarf),images/red_dwarf.jpg,FALSE,0,"Gliese 876 System (40.9 ly away), Tau Ceti System (48.7 ly away), Barnard's Star System (50.0 ly away)"
Gliese GJ 1183A,52.78,-42.16,-31.75,-0.35,m,3581,0.064,Red,0.0006,0.5,Metal-poor,Main Sequence (Red Dwarf),images/red_dwarf.jpg,FALSE,0,"Gliese 581 System (33.6 ly away), Gliese 667 System (43.0 ly away), Wolf 359 System (48.5 ly away)"
Gliese GJ 1183B,52.78,-42.16,-31.75,-0.35,m,3541,0.063,Red,0.0006,0.5,Metal-poor,Main Sequence (Red Dwarf),images/red_dwarf.jpg,FALSE,0,"Gliese 581 System (33.6 ly away), Gliese 667 System (43.0 ly away), Wolf 359 System (48.5 ly away)"
Gliese Gl 294B,52.81,-12.88,22.78,-45.87,k,4051,0.325,Orange,0.0255,1.0,Solar metallicity,Main Sequence,images/orange_dwarf.jpg,FALSE,0,"Proxima Centauri System (50.1 ly away), Epsilon Eridani System (50.2 ly away), Wolf 359 System (51.5 ly away)"
Gliese Gl 294C,52.81,-12.88,22.78,-45.87,G2V,5700,0.031,Yellow,0.0009,1.0,Solar metallicity,Main Sequence,images/sun.jpg,FALSE,0,"Proxima Centauri System (50.1 ly away), Epsilon Eridani System (50.2 ly away), Wolf 359 System (51.5 ly away)"
Gliese GJ 4079,52.82,5.4,-24.16,-46.66,M3,3824,0.245,Red,0.0116,0.5,Metal-poor,Main Sequence (Red Dwarf),images/red_dwarf.jpg,FALSE,0,"Gliese 667 System (35.2 ly away), Gliese 876 System (48.1 ly away), Gliese 581 System (48.4 ly away)"
Gliese GJ 1284,52.84,49.12,-6.42,-18.41,M2Ve,3794,0.212,Red,0.0084,0.5,Metal-poor,Main Sequence (Red Dwarf),images/red_dwarf.jpg,FALSE,0,"Gliese 876 System (37.9 ly away), Tau Ceti System (43.2 ly away), Epsilon Eridani System (48.4 ly away)"
Gliese Gl 294A,52.85,-12.87,22.8,-45.91,G2V...,6075,1.042,Yellow,1.328,1.0,Solar metallicity,Main Sequence,images/sun.jpg,FALSE,0,"Proxima Centauri System (50.1 ly away), Epsilon Eridani System (50.3 ly away), Wolf 359 System (51.5 ly away)"
Gliese GJ 1036,52.88,40.52,14.2,-30.87,G2V,3779,0.193,Yellow,0.0068,1.0,Solar metallicity,Main Sequence,images/sun.jpg,FALSE,0,"Tau Ceti System (42.0 ly away), Gliese 876 System (42.0 ly away), Epsilon Eridani System (45.4 ly away)"
Gliese Gl 366,52.88,-10.66,7.0,51.32,M2,3980,0.237,Red,0.0127,0.5,Metal-poor,Main Sequence (Red Dwarf),images/red_dwarf.jpg,FALSE,0,"55 Cancri System (39.7 ly away), Ross 128 System (48.5 ly away), Wolf 359 System (50.7 ly away)"
Gliese Gl 826.1,52.9,38.15,-31.95,-17.97,K5V,4051,0.468,Orange,0.053,1.0,Solar metallicity,Main Sequence,images/orange_dwarf.jpg,FALSE,0,"Gliese 876 System (39.3 ly away), Gliese 667 System (43.9 ly away), Tau Ceti System (48.6 ly away)"
Gliese Gl 391,52.91,-13.31,5.9,-50.87,F2IV,7050,1.619,Yellow-White,5.813,1.0,Solar metallicity,Subgiant,images/sun.jpg,FALSE,0,"Gliese 667 System (46.0 ly away), Proxima Centauri System (49.3 ly away), Wolf 359 System (52.3 ly away)"
Gliese Gl 841B,52.92,28.61,-17.04,-41.13,DQ7,8486,0.01,White,0.0003,1.0,Solar metallicity,White Dwarf,images/sirius.jpg,FALSE,0,"Gliese 876 System (42.0 ly away), Gliese 667 System (42.5 ly away), Tau Ceti System (47.5 ly away)"
Gliese GJ 1026A,52.93,47.83,13.54,18.19,M,3663,0.201,Red,0.0066,0.5,Metal-poor,Main Sequence (Red Dwarf),images/red_dwarf.jpg,FALSE,0,"Gliese 876 System (43.9 ly away), Tau Ceti System (44.1 ly away), Epsilon Eridani System (46.5 ly away)"
Gliese GJ 1013,52.95,52.17,7.24,-5.42,m,3594,0.11,Red,0.0018,0.5,Metal-poor,Main Sequence (Red Dwarf),images/red_dwarf.jpg,FALSE,0,"Gliese 876 System (39.7 ly away), Tau Ceti System (42.0 ly away), Epsilon Eridani System (46.1 ly away)"
Gliese Gl 347A,52.96,-41.52,32.18,-6.8,M5,3776,0.135,Red,0.0033,0.5,Metal-poor,Main Sequence (Red Dwarf),images/red_dwarf.jpg,FALSE,0,"55 Cancri System (31.8 ly away), Ross 128 System (45.3 ly away), Wolf 359 System (46.1 ly away)"
Gliese Gl 156.2,53.0,6.28,11.02,51.46,K4V,4447,0.586,Orange,0.1207,1.0,Solar metallicity,Main Sequence,images/orange_dwarf.jpg,FALSE,0,"55 Cancri System (46.9 ly away), Ross 128 System (49.0 ly away), Solar System (Earth/Sun) (53.0 ly away)"
Gliese Gl 872B,53.0,49.18,-16.29,11.18,M1,3100,0.241,Red,0.0048,0.5,Metal-poor,Main Sequence (Red Dwarf),images/red_dwarf.jpg,FALSE,0,"Gliese 876 System (39.9 ly away), Tau Ceti System (46.6 ly away), Epsilon Eridani System (51.2 ly away)"
Gliese Gl 699.1,53.03,-0.29,-6.66,52.59,DA7,7158,0.014,White,0.0004,1.0,Solar metallicity,White Dwarf,images/sirius.jpg,FALSE,0,"Barnard's Star System (51.1 ly away), Ross 128 System (52.0 ly away), 55 Cancri System (52.5 ly away)"
Gliese GJ 1133,53.12,-21.65,9.73,47.52,DA7,6989,0.012,White,0.0003,1.0,Solar metallicity,White Dwarf,images/sirius.jpg,FALSE,0,"55 Cancri System (32.8 ly away), Ross 128 System (47.7 ly away), Wolf 359 System (49.3 ly away)"
Gliese Gl 405,53.12,-28.52,8.2,44.06,M1.5,3749,0.103,Red,0.0019,0.5,Metal-poor,Main Sequence (Red Dwarf),images/red_dwarf.jpg,FALSE,0,"55 Cancri System (30.9 ly away), Ross 128 System (47.8 ly away), Wolf 359 System (48.4 ly away)"
Gliese Gl 377,53.13,-39.81,22.71,-26.88,M4,3816,0.18,Red,0.0062,0.5,Metal-poor,Main Sequence (Red Dwarf),images/red_dwarf.jpg,FALSE,0,"Wolf 359 System (47.4 ly away), 55 Cancri System (48.6 ly away), Ross 128 System (49.1 ly away)"
46Xi Peg,53.15,49.32,-16.34,11.21,F7V,6380,1.803,Yellow-White,4.835,1.0,Solar metallicity,Main Sequence,images/sun.jpg,FALSE,0,"Gliese 876 System (40.0 ly away), Tau Ceti System (46.8 ly away), Epsilon Eridani System (51.3 ly away)"
Gliese GJ 1006A,53.19,49.9,3.54,18.07,M:,3816,0.153,Red,0.0045,0.5,Metal-poor,Main Sequence (Red Dwarf),images/red_dwarf.jpg,FALSE,0,"Gliese 876 System (42.6 ly away), Tau Ceti System (45.0 ly away), Epsilon Eridani System (48.2 ly away)"
Gliese Gl 181,53.2,9.05,33.09,40.66,M2,3929,0.361,Red,0.0278,0.5,Metal-poor,Main Sequence (Red Dwarf),images/red_dwarf.jpg,FALSE,0,"55 Cancri System (40.3 ly away), Ross 128 System (45.6 ly away), Epsilon Eridani System (49.2 ly away)"
Gliese GJ 3836,53.21,-31.25,-20.93,37.63,M2.5,3100,0.253,Red,0.0053,0.5,Metal-poor,Main Sequence (Red Dwarf),images/red_dwarf.jpg,FALSE,0,"Gliese 581 System (44.7 ly away), Wolf 359 System (49.4 ly away), Barnard's Star System (50.1 ly away)"
Gliese GJ 1264,53.22,13.76,-8.84,-50.64,M2Ve,3918,0.411,Red,0.0357,0.5,Metal-poor,Main Sequence (Red Dwarf),images/red_dwarf.jpg,FALSE,0,"Gliese 667 System (42.4 ly away), Gliese 876 System (47.1 ly away), Tau Ceti System (49.5 ly away)"
Gliese Gl 16,53.28,52.28,4.18,9.44,M0,3825,0.232,Red,0.0103,0.5,Metal-poor,Main Sequence (Red Dwarf),images/red_dwarf.jpg,FALSE,0,"Gliese 876 System (41.2 ly away), Tau Ceti System (43.9 ly away), Epsilon Eridani System (47.6 ly away)"
Hipparcos 27111,53.28,3.45,52.48,8.56,F8:,5605,0.087,Yellow-White,0.0067,1.0,Solar metallicity,Main Sequence,images/sun.jpg,FALSE,0,"55 Cancri System (39.8 ly away), Ross 128 System (43.4 ly away), Epsilon Eridani System (45.5 ly away)"
Gliese GJ 1135,53.28,-40.12,14.37,-31.99,M0V,3848,0.349,Red,0.0239,0.5,Metal-poor,Main Sequence (Red Dwarf),images/red_dwarf.jpg,FALSE,0,"Wolf 359 System (48.0 ly away), Gliese 581 System (49.8 ly away), Proxima Centauri System (50.5 ly away)"
Gliese Gl 73,53.29,45.87,22.61,15.0,M3,3555,0.061,Red,0.0005,0.5,Metal-poor,Main Sequence (Red Dwarf),images/red_dwarf.jpg,FALSE,0,"Tau Ceti System (43.7 ly away), Epsilon Eridani System (45.4 ly away), Gliese 876 System (45.6 ly away)"
Gliese Gl 607,53.29,-22.73,-40.07,26.79,M3,3705,0.117,Red,0.0023,0.5,Metal-poor,Main Sequence (Red Dwarf),images/red_dwarf.jpg,FALSE,0,"Gliese 581 System (39.7 ly away), Barnard's Star System (48.3 ly away), Gliese 667 System (49.4 ly away)"
Gliese Gl 678A,53.3,-6.86,-52.85,-0.99,G8IV-V,5551,1.433,Yellow,1.749,1.0,Solar metallicity,Subgiant,images/sun.jpg,FALSE,0,"Gliese 667 System (36.7 ly away), Gliese 581 System (38.0 ly away), Barnard's Star System (47.6 ly away)"
Gliese Gl 828.2,53.31,41.61,-32.72,-6.35,M0,3794,0.214,Red,0.0085,0.5,Metal-poor,Main Sequence (Red Dwarf),images/red_dwarf.jpg,FALSE,0,"Gliese 876 System (39.6 ly away), Gliese 667 System (47.7 ly away), Tau Ceti System (49.1 ly away)"
Gliese Gl 719,53.34,4.87,-32.68,41.87,K7Vvar,4185,0.666,Orange,0.1222,1.0,Solar metallicity,Main Sequence,images/orange_dwarf.jpg,FALSE,0,"Barnard's Star System (48.8 ly away), Gliese 581 System (51.0 ly away), Solar System (Earth/Sun) (53.3 ly away)"
Gliese Gl 724,53.34,9.22,-51.06,-12.34,M,3786,0.266,Red,0.013,0.5,Metal-poor,Main Sequence (Red Dwarf),images/red_dwarf.jpg,FALSE,0,"Gliese 667 System (35.1 ly away), Gliese 581 System (43.1 ly away), Gliese 876 System (47.8 ly away)"
Gliese Gl 548A,53.37,-39.34,-29.04,21.38,M1,3920,0.369,Red,0.0288,0.5,Metal-poor,Main Sequence (Red Dwarf),images/red_dwarf.jpg,FALSE,0,"Gliese 581 System (38.3 ly away), Wolf 359 System (49.0 ly away), Barnard's Star System (49.8 ly away)"
Gliese GJ 1011,53.38,48.4,4.97,21.97,k-m,3663,0.053,Orange,0.0005,1.0,Solar metallicity,Main Sequence,images/orange_dwarf.jpg,FALSE,0,"Gliese 876 System (43.8 ly away), Tau Ceti System (45.7 ly away), Epsilon Eridani System (48.5 ly away)"
Gliese GJ 2147,53.39,24.95,-38.81,-26.87,G2V,9328,0.021,Yellow,0.0031,1.0,Solar metallicity,Main Sequence,images/sun.jpg,FALSE,0,"Gliese 667 System (37.5 ly away), Gliese 876 System (42.9 ly away), Barnard's Star System (50.2 ly away)"
Gliese Gl 824,53.45,39.88,-34.5,8.72,K2,4695,0.615,Orange,0.1649,1.0,Solar metallicity,Main Sequence,images/orange_dwarf.jpg,FALSE,0,"Gliese 876 System (41.6 ly away), Barnard's Star System (49.8 ly away), Tau Ceti System (50.8 ly away)"
Gliese Gl 225.2A,53.47,-0.07,45.82,-27.56,K3/K4V,4436,0.699,Orange,0.1695,1.0,Solar metallicity,Main Sequence,images/orange_dwarf.jpg,FALSE,0,"Epsilon Eridani System (46.0 ly away), Ross 128 System (47.5 ly away), Tau Ceti System (48.6 ly away)"
Gliese GJ 3015B,53.47,8.66,0.52,52.76,m,3100,0.025,Red,0.0001,0.5,Metal-poor,Main Sequence (Red Dwarf),images/red_dwarf.jpg,FALSE,0,"Ross 128 System (51.6 ly away), Barnard's Star System (52.4 ly away), 55 Cancri System (53.4 ly away)"
Gliese GJ 3105,53.47,41.17,19.26,28.17,m,3100,0.088,Red,0.0006,0.5,Metal-poor,Main Sequence (Red Dwarf),images/red_dwarf.jpg,FALSE,0,"Tau Ceti System (46.3 ly away), Epsilon Eridani System (47.3 ly away), Gliese 876 System (48.0 ly away)"
Gliese GJ 3180,53.47,39.86,35.34,-4.65,m,3794,0.024,Red,0.0001,0.5,Metal-poor,Main Sequence (Red Dwarf),images/red_dwarf.jpg,FALSE,0,"Tau Ceti System (42.4 ly away), Epsilon Eridani System (43.3 ly away), Gliese 876 System (47.2 ly away)"
Gliese GJ 3243,53.47,11.14,15.65,-49.9,m,3100,0.216,Red,0.0039,0.5,Metal-poor,Main Sequence (Red Dwarf),images/red_dwarf.jpg,FALSE,0,"Tau Ceti System (47.8 ly away), Epsilon Eridani System (49.0 ly away), Gliese 876 System (50.3 ly away)"
Gliese GJ 3566,53.47,-44.47,29.39,-4.13,m,3100,0.079,Red,0.0005,0.5,Metal-poor,Main Sequence (Red Dwarf),images/red_dwarf.jpg,FALSE,0,"55 Cancri System (31.0 ly away), Ross 128 System (46.1 ly away), Wolf 359 System (46.3 ly away)"
Gliese GJ 3758,53.47,-51.39,-13.79,-5.25,M3.5,3705,0.115,Red,0.0023,0.5,Metal-poor,Main Sequence (Red Dwarf),images/red_dwarf.jpg,FALSE,0,"Gliese 581 System (38.6 ly away), Wolf 359 System (47.1 ly away), Gliese 667 System (48.9 ly away)"
Gliese GJ 3808,53.47,-47.43,-24.38,3.82,m,3100,0.072,Red,0.0004,0.5,Metal-poor,Main Sequence (Red Dwarf),images/red_dwarf.jpg,FALSE,0,"Gliese 581 System (36.2 ly away), Gliese 667 System (47.6 ly away), Wolf 359 System (48.1 ly away)"
Gliese Gl 552.1,53.47,-24.79,-19.19,-43.31,k-m,3779,0.169,Orange,0.0052,1.0,Solar metallicity,Main Sequence,images/orange_dwarf.jpg,FALSE,0,"Gliese 667 System (37.1 ly away), Gliese 581 System (42.5 ly away), Proxima Centauri System (49.2 ly away)"
Gliese GJ 3871,53.47,-38.12,-35.69,11.47,k,3764,0.172,Orange,0.0053,1.0,Solar metallicity,Main Sequence,images/orange_dwarf.jpg,FALSE,0,"Gliese 581 System (35.3 ly away), Gliese 667 System (46.0 ly away), Barnard's Star System (49.4 ly away)"
Gliese GJ 3929,53.47,-22.07,-37.58,30.98,M6  :,3663,0.11,Red,0.002,0.5,Metal-poor,Main Sequence (Red Dwarf),images/red_dwarf.jpg,TRUE,2,"Gliese 581 System (41.4 ly away), Barnard's Star System (48.6 ly away), Gliese 667 System (51.6 ly away)"
Gliese Gl 560B,53.49,-17.18,-14.73,-48.47,K5 V,4409,0.532,Orange,0.0959,1.0,Solar metallicity,Main Sequence,images/orange_dwarf.jpg,FALSE,0,"Gliese 667 System (38.2 ly away), Gliese 581 System (45.9 ly away), Proxima Centauri System (49.3 ly away)"
Gliese Gl 272,53.52,-13.19,34.7,38.56,M2,3883,0.262,Red,0.014,0.5,Metal-poor,Main Sequence (Red Dwarf),images/red_dwarf.jpg,FALSE,0,"55 Cancri System (24.1 ly away), Ross 128 System (44.1 ly away), Wolf 359 System (50.1 ly away)"
Gliese Gl 332B,53.59,-28.34,28.18,35.71,G5 V,5778,0.89,Yellow,0.7929,1.0,Solar metallicity,Main Sequence,images/sun.jpg,FALSE,0,"55 Cancri System (17.3 ly away), Ross 128 System (44.7 ly away), Wolf 359 System (48.2 ly away)"
Gliese Gl 620,53.62,-19.98,-44.42,-22.41,M2,3858,0.309,Red,0.019,0.5,Metal-poor,Main Sequence (Red Dwarf),images/red_dwarf.jpg,FALSE,0,"Gliese 667 System (32.3 ly away), Gliese 581 System (35.8 ly away), Barnard's Star System (49.6 ly away)"
Gliese Gl 399,53.64,-50.02,18.28,-6.47,M,3789,0.198,Red,0.0072,0.5,Metal-poor,Main Sequence (Red Dwarf),images/red_dwarf.jpg,FALSE,0,"55 Cancri System (37.1 ly away), Wolf 359 System (46.1 ly away), Ross 128 System (48.4 ly away)"
Gliese GJ 3553,53.64,-41.17,34.25,3.15,m,3649,0.083,Red,0.0011,0.5,Metal-poor,Main Sequence (Red Dwarf),images/red_dwarf.jpg,FALSE,0,"55 Cancri System (24.7 ly away), Ross 128 System (44.9 ly away), Wolf 359 System (46.6 ly away)"
Gliese Gl 678B,53.64,-6.91,-53.18,-1.0,G8 IV-V,5700,0.907,Yellow,0.7798,1.0,Solar metallicity,Subgiant,images/sun.jpg,FALSE,0,"Gliese 667 System (37.0 ly away), Gliese 581 System (38.3 ly away), Barnard's Star System (47.9 ly away)"
Gliese Gl 676A,53.65,-4.32,-33.02,-42.07,M0,3855,0.419,Red,0.0347,0.5,Metal-poor,Main Sequence (Red Dwarf),images/red_dwarf.jpg,FALSE,0,"Gliese 667 System (32.6 ly away), Gliese 581 System (44.0 ly away), Proxima Centauri System (49.7 ly away)"
Gliese Gl 238,53.67,-4.12,27.72,-45.78,M,3794,0.169,Red,0.0053,0.5,Metal-poor,Main Sequence (Red Dwarf),images/red_dwarf.jpg,FALSE,0,"Epsilon Eridani System (49.2 ly away), Tau Ceti System (50.3 ly away), Proxima Centauri System (51.4 ly away)"
Gliese Gl 21,53.74,18.13,2.14,50.55,M0,3856,0.272,Red,0.0146,0.5,Metal-poor,Main Sequence (Red Dwarf),images/red_dwarf.jpg,FALSE,0,"Ross 128 System (52.4 ly away), Barnard's Star System (53.0 ly away), Solar System (Earth/Sun) (53.7 ly away)"
Gliese Gl 298,53.75,-17.39,27.31,-42.91,M,3759,0.163,Red,0.0048,0.5,Metal-poor,Main Sequence (Red Dwarf),images/red_dwarf.jpg,FALSE,0,"Epsilon Eridani System (51.1 ly away), Proxima Centauri System (51.3 ly away), Ross 128 System (51.4 ly away)"
Gliese GJ 3860,53.82,-41.22,-33.38,9.11,K0,4809,0.71,Orange,0.2417,1.0,Solar metallicity,Main Sequence,images/orange_dwarf.jpg,FALSE,0,"Gliese 581 System (35.6 ly away), Gliese 667 System (46.4 ly away), Wolf 359 System (49.7 ly away)"
9 Pup,53.83,-24.49,46.16,-12.93,G2V,5968,1.341,Yellow,2.0474,1.0,Solar metallicity,Main Sequence,images/sun.jpg,FALSE,0,"55 Cancri System (37.9 ly away), Ross 128 System (45.0 ly away), Wolf 359 System (49.2 ly away)"
Gliese Gl 264.1A,53.87,-10.74,37.5,-37.15,G3V...,5875,1.152,Yellow,1.4178,1.0,Solar metallicity,Main Sequence,images/sun.jpg,FALSE,0,"Epsilon Eridani System (48.9 ly away), Ross 128 System (49.6 ly away), Tau Ceti System (51.4 ly away)"
Gliese Gl 134,53.91,27.48,32.21,33.38,M1,3872,0.301,Red,0.0182,0.5,Metal-poor,Main Sequence (Red Dwarf),images/red_dwarf.jpg,FALSE,0,"Epsilon Eridani System (47.5 ly away), Ross 128 System (48.5 ly away), Tau Ceti System (48.8 ly away)"
Gliese Gl 322,53.95,-14.89,15.96,49.33,K5,4088,0.434,Orange,0.0471,1.0,Solar metallicity,Main Sequence,images/orange_dwarf.jpg,FALSE,0,"55 Cancri System (33.1 ly away), Ross 128 System (47.7 ly away), Wolf 359 System (50.9 ly away)"
Gliese GJ 2095,54.0,-34.34,-5.86,-41.25,DA6,8321,0.012,White,0.0006,1.0,Solar metallicity,White Dwarf,images/sirius.jpg,FALSE,0,"Gliese 667 System (43.7 ly away), Gliese 581 System (45.1 ly away), Proxima Centauri System (50.1 ly away)"
Gliese GJ 3937,54.0,-25.96,-46.98,-5.91,dM4.5-5,3288,0.038,White,0.0001,1.0,Solar metallicity,White Dwarf,images/sirius.jpg,TRUE,1,"Gliese 581 System (34.3 ly away), Gliese 667 System (37.2 ly away), Barnard's Star System (49.2 ly away)"
Gliese GJ 3082,54.02,30.13,10.16,-43.67,M4,3598,0.234,Red,0.0082,0.5,Metal-poor,Main Sequence (Red Dwarf),images/red_dwarf.jpg,TRUE,1,"Tau Ceti System (45.3 ly away), Gliese 876 System (45.3 ly away), Epsilon Eridani System (48.3 ly away)"
Gliese Gl 78,54.04,46.89,24.88,-10.13,M4,3832,0.153,Red,0.0046,0.5,Metal-poor,Main Sequence (Red Dwarf),images/red_dwarf.jpg,FALSE,0,"Tau Ceti System (42.2 ly away), Gliese 876 System (44.2 ly away), Epsilon Eridani System (44.7 ly away)"
Alp Cir,54.04,-17.35,-14.89,-48.97,F1Vp,7753,1.986,Yellow-White,12.7879,1.4,Metal-rich,Main Sequence,images/sun.jpg,FALSE,0,"Gliese 667 System (38.7 ly away), Gliese 581 System (46.5 ly away), Proxima Centauri System (49.8 ly away)"
Gliese Gl 98B,54.16,43.16,32.45,4.19,K7 V,4500,0.322,Orange,0.0381,1.0,Solar metallicity,Main Sequence,images/orange_dwarf.jpg,FALSE,0,"Tau Ceti System (43.5 ly away), Epsilon Eridani System (44.6 ly away), Gliese 876 System (47.4 ly away)"
Gliese Gl 907,54.18,35.49,-1.85,40.9,M1,3608,0.154,Red,0.0036,0.5,Metal-poor,Main Sequence (Red Dwarf),images/red_dwarf.jpg,FALSE,0,"Gliese 876 System (49.5 ly away), Tau Ceti System (51.3 ly away), Epsilon Eridani System (52.7 ly away)"
Gliese Gl 762,54.18,9.93,-22.65,-48.21,m+,3824,0.13,Red,0.0033,0.5,Metal-poor,Main Sequence (Red Dwarf),images/red_dwarf.jpg,FALSE,0,"Gliese 667 System (37.8 ly away), Gliese 876 System (48.3 ly away), Proxima Centauri System (50.6 ly away)"
Gliese Gl 247,54.23,-5.8,26.21,47.12,M0p,4291,0.539,Red,0.0882,0.5,Metal-poor,Main Sequence (Red Dwarf),images/red_dwarf.jpg,FALSE,0,"55 Cancri System (33.5 ly away), Ross 128 System (46.7 ly away), Wolf 359 System (52.1 ly away)"
Gliese Gl 905.2B,54.26,45.63,-3.22,29.19,DA4,8571,0.019,White,0.0017,1.0,Solar metallicity,White Dwarf,images/sirius.jpg,FALSE,0,"Gliese 876 System (45.6 ly away), Tau Ceti System (48.7 ly away), Epsilon Eridani System (51.4 ly away)"
Gliese GJ 3481A,54.28,-26.87,42.92,19.54,M:,4051,0.415,Red,0.0415,0.5,Metal-poor,Main Sequence (Red Dwarf),images/red_dwarf.jpg,FALSE,0,"55 Cancri System (17.3 ly away), Ross 128 System (43.6 ly away), Wolf 359 System (48.9 ly away)"
Gliese GJ 1025,54.36,52.29,14.24,-4.22,G2V,3477,0.093,Yellow,0.0011,1.0,Solar metallicity,Main Sequence,images/sun.jpg,FALSE,0,"Gliese 876 System (42.3 ly away), Tau Ceti System (43.0 ly away), Epsilon Eridani System (46.5 ly away)"
Gliese GJ 3142,54.36,45.47,29.79,0.0,m,3100,0.108,Red,0.001,0.5,Metal-poor,Main Sequence (Red Dwarf),images/red_dwarf.jpg,FALSE,0,"Tau Ceti System (43.1 ly away), Epsilon Eridani System (44.8 ly away), Gliese 876 System (46.4 ly away)"
Gliese Gl 101,54.36,23.13,17.98,45.79,M3.5,3764,0.084,Red,0.0013,0.5,Metal-poor,Main Sequence (Red Dwarf),images/red_dwarf.jpg,FALSE,0,"Ross 128 System (50.6 ly away), Epsilon Eridani System (51.4 ly away), Tau Ceti System (52.3 ly away)"
Gliese Gl 130,54.36,28.57,31.87,-33.54,M3,3705,0.193,Red,0.0063,0.5,Metal-poor,Main Sequence (Red Dwarf),images/red_dwarf.jpg,FALSE,0,"Tau Ceti System (44.4 ly away), Epsilon Eridani System (45.5 ly away), Gliese 876 System (49.0 ly away)"
Gliese GJ 3225,54.36,31.82,40.27,17.92,m,3100,0.055,Red,0.0003,0.5,Metal-poor,Main Sequence (Red Dwarf),images/red_dwarf.jpg,FALSE,0,"Epsilon Eridani System (45.4 ly away), Tau Ceti System (46.4 ly away), Ross 128 System (48.7 ly away)"
Gliese GJ 3286,54.36,16.76,38.09,-34.98,M3.5,3100,0.082,Red,0.0006,0.5,Metal-poor,Main Sequence (Red Dwarf),images/red_dwarf.jpg,TRUE,2,"Epsilon Eridani System (45.9 ly away), Tau Ceti System (46.3 ly away), Ross 128 System (51.7 ly away)"
Gliese GJ 3514,54.36,-17.59,19.45,47.61,m,3368,0.042,Red,0.0002,0.5,Metal-poor,Main Sequence (Red Dwarf),images/red_dwarf.jpg,FALSE,0,"55 Cancri System (30.0 ly away), Ross 128 System (47.4 ly away), Wolf 359 System (50.8 ly away)"
Gliese GJ 3630,54.36,-51.99,15.88,0.52,m,3100,0.092,Red,0.0007,0.5,Metal-poor,Main Sequence (Red Dwarf),images/red_dwarf.jpg,FALSE,0,"55 Cancri System (34.9 ly away), Wolf 359 System (46.6 ly away), Ross 128 System (49.0 ly away)"
Gliese GJ 3659,54.36,-50.95,8.08,-17.13,M3,3100,0.133,Red,0.0015,0.5,Metal-poor,Main Sequence (Red Dwarf),images/red_dwarf.jpg,FALSE,0,"Gliese 581 System (46.9 ly away), Wolf 359 System (47.5 ly away), 55 Cancri System (48.4 ly away)"
Gliese GJ 3672,54.36,-53.78,5.86,-5.36,m,3100,0.052,Red,0.0002,0.5,Metal-poor,Main Sequence (Red Dwarf),images/red_dwarf.jpg,TRUE,3,"55 Cancri System (43.3 ly away), Gliese 581 System (46.1 ly away), Wolf 359 System (46.9 ly away)"
Gliese GJ 3681,54.36,-52.4,4.12,13.86,M3.5,3824,0.108,Red,0.0022,0.5,Metal-poor,Main Sequence (Red Dwarf),images/red_dwarf.jpg,FALSE,0,"55 Cancri System (36.0 ly away), Wolf 359 System (46.8 ly away), Gliese 581 System (47.0 ly away)"
Gliese GJ 3692,54.36,-46.38,1.37,-28.32,M4,3516,0.08,Red,0.0009,0.5,Metal-poor,Main Sequence (Red Dwarf),images/red_dwarf.jpg,FALSE,0,"Gliese 581 System (45.3 ly away), Wolf 359 System (48.7 ly away), Gliese 667 System (49.8 ly away)"
Gliese GJ 3731A,54.36,-53.65,-7.04,-5.17,M3.5,3100,0.136,Red,0.0015,0.5,Metal-poor,Main Sequence (Red Dwarf),images/red_dwarf.jpg,FALSE,0,"Gliese 581 System (41.6 ly away), Wolf 359 System (47.5 ly away), 55 Cancri System (50.4 ly away)"
Gliese GJ 3732B,54.36,-53.65,-7.04,-5.17,M3.5:,3100,0.076,Red,0.0005,0.5,Metal-poor,Main Sequence (Red Dwarf),images/red_dwarf.jpg,FALSE,0,"Gliese 581 System (41.6 ly away), Wolf 359 System (47.5 ly away), 55 Cancri System (50.4 ly away)"
Gliese GJ 3762,54.36,-44.7,-13.41,27.88,m,3322,0.038,Red,0.0002,0.5,Metal-poor,Main Sequence (Red Dwarf),images/red_dwarf.jpg,FALSE,0,"Gliese 581 System (44.1 ly away), 55 Cancri System (45.1 ly away), Wolf 359 System (48.5 ly away)"
Gliese GJ 3786,54.36,-43.17,-17.29,-28.14,M4,3100,0.103,Red,0.0009,0.5,Metal-poor,Main Sequence (Red Dwarf),images/red_dwarf.jpg,FALSE,0,"Gliese 581 System (39.5 ly away), Gliese 667 System (42.6 ly away), Wolf 359 System (50.0 ly away)"
Gliese GJ 3878A,54.36,-37.14,-36.0,16.72,M5,3100,0.043,Red,0.0002,0.5,Metal-poor,Main Sequence (Red Dwarf),images/red_dwarf.jpg,FALSE,0,"Gliese 581 System (37.3 ly away), Gliese 667 System (48.4 ly away), Barnard's Star System (50.2 ly away)"
Gliese GJ 3879B,54.36,-37.14,-36.01,16.72,M7  :,3100,0.025,Red,0.0001,0.5,Metal-poor,Main Sequence (Red Dwarf),images/red_dwarf.jpg,FALSE,0,"Gliese 581 System (37.3 ly away), Gliese 667 System (48.4 ly away), Barnard's Star System (50.2 ly away)"
Gliese GJ 2112A,54.36,-30.54,-37.12,-25.38,M3 :,3516,0.093,Red,0.0012,0.5,Metal-poor,Main Sequence (Red Dwarf),images/red_dwarf.jpg,FALSE,0,"Gliese 667 System (35.3 ly away), Gliese 581 System (36.0 ly away), Proxima Centauri System (50.8 ly away)"
Gliese GJ 3960,54.36,-19.87,-49.74,9.29,m,3568,0.1,Red,0.0015,0.5,Metal-poor,Main Sequence (Red Dwarf),images/red_dwarf.jpg,FALSE,0,"Gliese 581 System (37.1 ly away), Gliese 667 System (41.9 ly away), Barnard's Star System (48.8 ly away)"
Gliese GJ 4003,54.36,-8.37,-49.9,19.86,m,3100,0.092,Red,0.0007,0.5,Metal-poor,Main Sequence (Red Dwarf),images/red_dwarf.jpg,FALSE,0,"Gliese 581 System (41.5 ly away), Gliese 667 System (45.9 ly away), Barnard's Star System (48.5 ly away)"
Gliese GJ 4013,54.36,-4.5,-46.85,-27.19,k-m,3839,0.229,Orange,0.0102,1.0,Solar metallicity,Main Sequence,images/orange_dwarf.jpg,FALSE,0,"Gliese 667 System (31.9 ly away), Gliese 581 System (40.8 ly away), Barnard's Star System (50.3 ly away)"
Gliese GJ 4113,54.36,16.66,-38.48,34.59,M2.5,3100,0.247,Red,0.0051,0.5,Metal-poor,Main Sequence (Red Dwarf),images/red_dwarf.jpg,TRUE,2,"Barnard's Star System (49.5 ly away), Gliese 876 System (51.5 ly away), Gliese 581 System (52.9 ly away)"
Gliese GJ 4132,54.36,27.71,-46.13,-7.69,k-m,4500,0.054,Orange,0.0011,1.0,Solar metallicity,Main Sequence,images/orange_dwarf.jpg,FALSE,0,"Gliese 667 System (42.0 ly away), Gliese 876 System (44.2 ly away), Barnard's Star System (49.9 ly away)"
Gliese GJ 4202,54.36,43.36,-32.14,-6.49,M3.5,3677,0.061,Red,0.0006,0.5,Metal-poor,Main Sequence (Red Dwarf),images/red_dwarf.jpg,FALSE,0,"Gliese 876 System (40.4 ly away), Gliese 667 System (49.1 ly away), Tau Ceti System (49.8 ly away)"
Gliese GJ 4267,54.36,19.67,-9.66,49.75,m,3100,0.142,Red,0.0017,0.5,Metal-poor,Main Sequence (Red Dwarf),images/red_dwarf.jpg,FALSE,0,"Barnard's Star System (52.3 ly away), Gliese 876 System (54.1 ly away), Solar System (Earth/Sun) (54.4 ly away)"
Gliese Gl 291B,54.38,-24.73,46.63,-13.06,G4 V,5778,0.908,Yellow,0.8241,1.0,Solar metallicity,Main Sequence,images/sun.jpg,FALSE,0,"55 Cancri System (38.3 ly away), Ross 128 System (45.5 ly away), Wolf 359 System (49.8 ly away)"
Gliese Gl 150.1A,54.43,29.21,43.2,15.61,M1,3839,0.241,Red,0.0113,0.5,Metal-poor,Main Sequence (Red Dwarf),images/red_dwarf.jpg,FALSE,0,"Epsilon Eridani System (45.3 ly away), Tau Ceti System (46.6 ly away), Ross 128 System (48.2 ly away)"
Gliese Gl 57,54.49,38.16,14.19,-36.22,K5,3978,0.307,Orange,0.0212,1.0,Solar metallicity,Main Sequence,images/orange_dwarf.jpg,FALSE,0,"Tau Ceti System (44.1 ly away), Gliese 876 System (44.4 ly away), Epsilon Eridani System (47.4 ly away)"
Gliese GJ 3006,54.5,22.3,0.61,-49.72,M4,3720,0.139,Red,0.0033,0.5,Metal-poor,Main Sequence (Red Dwarf),images/red_dwarf.jpg,FALSE,0,"Gliese 876 System (46.9 ly away), Tau Ceti System (48.2 ly away), Gliese 667 System (48.6 ly away)"
56Psi5Aur,54.52,-8.0,38.68,37.58,G0V,6067,1.267,Yellow,1.9516,1.0,Solar metallicity,Main Sequence,images/sun.jpg,FALSE,0,"55 Cancri System (27.7 ly away), Ross 128 System (44.9 ly away), Epsilon Eridani System (51.7 ly away)"
Gliese GJ 3389,54.54,-2.99,49.79,-22.06,G5V,5558,0.897,Yellow,0.6893,1.0,Solar metallicity,Main Sequence,images/sun.jpg,FALSE,0,"Epsilon Eridani System (47.1 ly away), Ross 128 System (47.3 ly away), Tau Ceti System (50.3 ly away)"
Gliese Gl 795A,54.54,34.86,-41.68,4.73,K5V,4230,0.773,Orange,0.1716,1.0,Solar metallicity,Main Sequence,images/orange_dwarf.jpg,FALSE,0,"Gliese 876 System (43.6 ly away), Gliese 667 System (48.2 ly away), Barnard's Star System (50.2 ly away)"
Gliese GJ 1222,54.54,-1.34,-54.07,7.0,m,3720,0.09,Red,0.0014,0.5,Metal-poor,Main Sequence (Red Dwarf),images/red_dwarf.jpg,FALSE,0,"Gliese 667 System (41.0 ly away), Gliese 581 System (41.6 ly away), Barnard's Star System (48.6 ly away)"
Gliese GJ 4385,54.54,36.66,-0.03,40.38,m,3310,0.029,Red,0.0001,0.5,Metal-poor,Main Sequence (Red Dwarf),images/red_dwarf.jpg,FALSE,0,"Gliese 876 System (49.7 ly away), Tau Ceti System (51.2 ly away), Epsilon Eridani System (52.6 ly away)"
Gliese Gl 510,54.61,-44.72,-17.58,-25.95,M,3761,0.228,Red,0.0094,0.5,Metal-poor,Main Sequence (Red Dwarf),images/red_dwarf.jpg,FALSE,0,"Gliese 581 System (39.4 ly away), Gliese 667 System (43.4 ly away), Wolf 359 System (50.0 ly away)"
Gliese GJ 1164B,54.67,-48.53,-10.35,-22.93,K0,3983,0.345,Orange,0.0268,1.0,Solar metallicity,Main Sequence,images/orange_dwarf.jpg,FALSE,0,"Gliese 581 System (41.2 ly away), Gliese 667 System (47.0 ly away), Wolf 359 System (49.1 ly away)"
Gliese Gl 295,54.69,-23.96,41.28,26.69,G8V,5548,0.685,Yellow,0.3988,1.0,Solar metallicity,Main Sequence,images/sun.jpg,FALSE,0,"55 Cancri System (17.2 ly away), Ross 128 System (44.1 ly away), Wolf 359 System (49.7 ly away)"
Gliese GJ 1203,54.7,-19.83,-49.56,11.94,K:,3839,0.133,Orange,0.0034,1.0,Solar metallicity,Main Sequence,images/orange_dwarf.jpg,FALSE,0,"Gliese 581 System (37.8 ly away), Gliese 667 System (43.3 ly away), Barnard's Star System (49.1 ly away)"
Gliese Gl 645,54.72,-11.9,-42.02,-32.98,M1,3779,0.189,Red,0.0065,0.5,Metal-poor,Main Sequence (Red Dwarf),images/red_dwarf.jpg,FALSE,0,"Gliese 667 System (32.1 ly away), Gliese 581 System (40.3 ly away), Proxima Centauri System (51.0 ly away)"
Caph,54.74,28.05,1.12,47.0,F2III-IV,6989,3.747,Yellow-White,30.0608,1.4,Metal-rich,Red Giant,images/sun.jpg,FALSE,0,"Gliese 876 System (52.9 ly away), Tau Ceti System (53.5 ly away), Epsilon Eridani System (53.9 ly away)"
Hipparcos 69285,54.74,-39.35,-25.3,-28.43,G2V,5700,0.113,Yellow,0.0121,1.0,Solar metallicity,Main Sequence,images/sun.jpg,FALSE,0,"Gliese 581 System (38.2 ly away), Gliese 667 System (39.8 ly away), Proxima Centauri System (51.1 ly away)"
Gliese Gl 143,54.82,15.14,19.21,-49.06,K5V,4451,0.64,Orange,0.1441,1.0,Solar metallicity,Main Sequence,images/orange_dwarf.jpg,FALSE,0,"Tau Ceti System (48.2 ly away), Epsilon Eridani System (49.4 ly away), Gliese 876 System (51.0 ly away)"
Gliese Gl 56.5,54.83,11.8,4.41,53.36,K0,5204,0.712,Orange,0.3336,1.0,Solar metallicity,Main Sequence,images/orange_dwarf.jpg,FALSE,0,"Ross 128 System (52.5 ly away), 55 Cancri System (54.1 ly away), Barnard's Star System (54.2 ly away)"
Gliese GJ 4383,54.84,54.35,-0.35,7.31,M2V:,3794,0.16,Red,0.0048,0.5,Metal-poor,Main Sequence (Red Dwarf),images/red_dwarf.jpg,FALSE,0,"Gliese 876 System (41.8 ly away), Tau Ceti System (45.6 ly away), Epsilon Eridani System (49.8 ly away)"
Gliese GJ 1058,54.91,34.87,42.32,2.82,m,3440,0.049,Red,0.0003,0.5,Metal-poor,Main Sequence (Red Dwarf),images/red_dwarf.jpg,FALSE,0,"Epsilon Eridani System (44.7 ly away), Tau Ceti System (45.1 ly away), Ross 128 System (50.2 ly away)"
Gliese GJ 1049,54.94,22.26,18.52,-46.68,M0Ve,3957,0.426,Red,0.0399,0.5,Metal-poor,Main Sequence (Red Dwarf),images/red_dwarf.jpg,FALSE,0,"Tau Ceti System (47.0 ly away), Epsilon Eridani System (48.8 ly away), Gliese 876 System (49.2 ly away)"
Gliese Gl 155.1,54.95,29.9,46.02,2.67,M0V:,3801,0.224,Red,0.0094,0.5,Metal-poor,Main Sequence (Red Dwarf),images/red_dwarf.jpg,FALSE,0,"Epsilon Eridani System (44.8 ly away), Tau Ceti System (45.8 ly away), Ross 128 System (49.1 ly away)"
Gliese Gl 727,54.99,11.35,-52.82,10.25,K0,4581,0.637,Orange,0.1605,1.0,Solar metallicity,Main Sequence,images/orange_dwarf.jpg,FALSE,0,"Gliese 667 System (44.1 ly away), Gliese 581 System (46.5 ly away), Barnard's Star System (49.2 ly away)"
Gliese Gl 200B,55.01,9.73,54.06,-2.95,M2,3100,0.25,Red,0.0052,0.5,Metal-poor,Main Sequence (Red Dwarf),images/red_dwarf.jpg,FALSE,0,"Epsilon Eridani System (45.9 ly away), Ross 128 System (46.5 ly away), Tau Ceti System (49.0 ly away)"
Gliese GJ 1095,55.09,-12.15,35.38,40.45,G0V,6063,1.116,Yellow,1.5108,1.0,Solar metallicity,Main Sequence,images/sun.jpg,FALSE,0,"55 Cancri System (26.3 ly away), Ross 128 System (45.8 ly away), Wolf 359 System (51.9 ly away)"
Gliese GJ 1042,55.09,35.5,22.91,35.36,DZ7,7276,0.012,White,0.0004,1.0,Solar metallicity,White Dwarf,images/sirius.jpg,FALSE,0,"Epsilon Eridani System (49.5 ly away), Tau Ceti System (49.5 ly away), Ross 128 System (52.0 ly away)"
Gliese Gl 414.1A,55.13,-39.15,8.44,37.89,M4,3605,0.265,Red,0.0107,0.5,Metal-poor,Main Sequence (Red Dwarf),images/red_dwarf.jpg,FALSE,0,"55 Cancri System (29.6 ly away), Wolf 359 System (49.1 ly away), Ross 128 System (49.7 ly away)"
Gliese GJ 3205,55.17,37.03,40.5,5.68,M4V:,3794,0.158,Red,0.0047,0.5,Metal-poor,Main Sequence (Red Dwarf),images/red_dwarf.jpg,FALSE,0,"Epsilon Eridani System (45.2 ly away), Tau Ceti System (45.3 ly away), Ross 128 System (50.8 ly away)"
Gliese Gl 540,55.19,-7.64,-4.79,54.45,M2,3985,0.288,Red,0.0187,0.5,Metal-poor,Main Sequence (Red Dwarf),images/red_dwarf.jpg,FALSE,0,"55 Cancri System (49.6 ly away), Ross 128 System (53.3 ly away), Barnard's Star System (53.5 ly away)"
Gliese Gl 168.2,55.19,21.53,47.36,18.41,m,4743,0.016,Red,0.0001,0.5,Metal-poor,Main Sequence (Red Dwarf),images/red_dwarf.jpg,FALSE,0,"Epsilon Eridani System (46.6 ly away), Ross 128 System (47.4 ly away), Tau Ceti System (48.9 ly away)"
Gliese Gl 786,55.21,6.59,-10.26,53.84,K5,4086,0.529,Orange,0.07,1.0,Solar metallicity,Main Sequence,images/orange_dwarf.jpg,FALSE,0,"Barnard's Star System (53.0 ly away), Solar System (Earth/Sun) (55.2 ly away), Ross 128 System (55.2 ly away)"
Gliese Gl 486.1,55.22,-48.98,-10.59,23.2,G7V,5591,0.932,Yellow,0.7614,1.0,Solar metallicity,Main Sequence,images/sun.jpg,FALSE,0,"55 Cancri System (44.2 ly away), Gliese 581 System (44.6 ly away), Wolf 359 System (48.8 ly away)"
Gliese GJ 3942,55.22,-15.49,-29.45,44.06,M0,3670,0.351,Red,0.02,0.5,Metal-poor,Main Sequence (Red Dwarf),images/red_dwarf.jpg,TRUE,1,"Gliese 581 System (48.9 ly away), Barnard's Star System (51.1 ly away), Wolf 359 System (54.0 ly away)"
Hipparcos 92444,55.22,10.73,-48.05,-25.0,Kp,3856,0.417,Orange,0.0345,1.0,Solar metallicity,Main Sequence,images/orange_dwarf.jpg,FALSE,0,"Gliese 667 System (35.0 ly away), Gliese 581 System (46.1 ly away), Gliese 876 System (48.8 ly away)"
Gliese Gl 895.4,55.22,28.08,-3.53,47.42,K2V,5166,0.879,Orange,0.4939,1.0,Solar metallicity,Main Sequence,images/orange_dwarf.jpg,FALSE,0,"Gliese 876 System (53.0 ly away), Barnard's Star System (54.0 ly away), Tau Ceti System (54.4 ly away)"
39 Tau,55.24,24.57,44.94,20.7,G5V,5890,1.005,Yellow,1.0904,1.0,Solar metallicity,Main Sequence,images/sun.jpg,FALSE,0,"Epsilon Eridani System (46.7 ly away), Ross 128 System (48.0 ly away), Tau Ceti System (48.7 ly away)"
Gliese Gl 414.1B,55.27,-39.24,8.46,37.99,M3,3734,0.164,Red,0.0047,0.5,Metal-poor,Main Sequence (Red Dwarf),images/red_dwarf.jpg,FALSE,0,"55 Cancri System (29.7 ly away), Wolf 359 System (49.2 ly away), Ross 128 System (49.8 ly away)"
Gliese GJ 3173,55.28,42.3,35.02,6.38,DA8,6674,0.011,White,0.0002,1.0,Solar metallicity,White Dwarf,images/sirius.jpg,TRUE,2,"Tau Ceti System (44.9 ly away), Epsilon Eridani System (45.7 ly away), Gliese 876 System (49.3 ly away)"
Gliese GJ 3241,55.28,28.84,40.99,23.34,dM3.1,12000,0.01,White,0.0019,1.0,Solar metallicity,White Dwarf,images/sirius.jpg,FALSE,0,"Epsilon Eridani System (47.0 ly away), Tau Ceti System (48.4 ly away), Ross 128 System (49.0 ly away)"
Gliese GJ 3328,55.28,12.85,53.6,4.18,g,3779,0.182,Yellow,0.0061,1.0,Solar metallicity,Main Sequence,images/sun.jpg,FALSE,0,"Epsilon Eridani System (46.2 ly away), Ross 128 System (46.6 ly away), 55 Cancri System (48.7 ly away)"
Gliese GJ 3482B,55.28,-27.37,43.71,19.9,m,3100,0.347,Red,0.01,0.5,Metal-poor,Main Sequence (Red Dwarf),images/red_dwarf.jpg,FALSE,0,"55 Cancri System (18.2 ly away), Ross 128 System (44.6 ly away), Wolf 359 System (49.9 ly away)"
Gliese GJ 3545,55.28,-19.58,16.95,-48.84,m,3100,0.159,Red,0.0021,0.5,Metal-poor,Main Sequence (Red Dwarf),images/red_dwarf.jpg,FALSE,0,"Proxima Centauri System (52.1 ly away), Gliese 667 System (52.8 ly away), Wolf 359 System (53.3 ly away)"
Gliese GJ 3599,55.28,-45.37,19.84,24.57,k-m,3691,0.089,Orange,0.0013,1.0,Solar metallicity,Main Sequence,images/orange_dwarf.jpg,FALSE,0,"55 Cancri System (22.6 ly away), Ross 128 System (48.0 ly away), Wolf 359 System (48.1 ly away)"
Gliese GJ 3673,55.28,-42.76,4.58,34.73,m,3100,0.131,Red,0.0014,0.5,Metal-poor,Main Sequence (Red Dwarf),images/red_dwarf.jpg,TRUE,3,"55 Cancri System (32.3 ly away), Wolf 359 System (48.9 ly away), Ross 128 System (50.6 ly away)"
Gliese GJ 3684,55.28,-18.85,1.06,51.96,m,3100,0.105,Red,0.0009,0.5,Metal-poor,Main Sequence (Red Dwarf),images/red_dwarf.jpg,FALSE,0,"55 Cancri System (41.5 ly away), Ross 128 System (51.7 ly away), Wolf 359 System (52.3 ly away)"
Gliese GJ 3843,55.28,-45.1,-31.95,-1.08,M3,3568,0.097,Red,0.0014,0.5,Metal-poor,Main Sequence (Red Dwarf),images/red_dwarf.jpg,FALSE,0,"Gliese 581 System (36.2 ly away), Gliese 667 System (45.5 ly away), Wolf 359 System (50.8 ly away)"
Gliese Gl 781.3,55.28,27.64,-43.26,-20.51,DA6,8241,0.01,White,0.0004,1.0,Solar metallicity,White Dwarf,images/sirius.jpg,FALSE,0,"Gliese 667 System (40.4 ly away), Gliese 876 System (44.5 ly away), Barnard's Star System (51.6 ly away)"
Gliese GJ 1251,55.28,7.67,-10.16,-53.82,M4.5,3465,0.076,Red,0.0007,0.5,Metal-poor,Main Sequence (Red Dwarf),images/red_dwarf.jpg,FALSE,0,"Gliese 667 System (43.0 ly away), Gliese 876 System (50.8 ly away), Proxima Centauri System (51.7 ly away)"
Gliese GJ 4176A,55.28,32.88,-32.51,30.3,m,3100,0.191,Red,0.003,0.5,Metal-poor,Main Sequence (Red Dwarf),images/red_dwarf.jpg,FALSE,0,"Gliese 876 System (48.0 ly away), Barnard's Star System (51.3 ly away), Tau Ceti System (55.2 ly away)"
Gliese GJ 4177B,55.28,32.89,-32.5,30.3,m,3100,0.131,Red,0.0014,0.5,Metal-poor,Main Sequence (Red Dwarf),images/red_dwarf.jpg,FALSE,0,"Gliese 876 System (48.0 ly away), Barnard's Star System (51.3 ly away), Tau Ceti System (55.2 ly away)"
Gliese GJ 4184,55.28,37.45,-32.78,24.05,m,3100,0.206,Red,0.0035,0.5,Metal-poor,Main Sequence (Red Dwarf),images/red_dwarf.jpg,FALSE,0,"Gliese 876 System (46.1 ly away), Barnard's Star System (51.5 ly away), Tau Ceti System (54.0 ly away)"
Gliese GJ 4219,55.28,31.74,-20.82,40.19,M3.5,3100,0.117,Red,0.0011,0.5,Metal-poor,Main Sequence (Red Dwarf),images/red_dwarf.jpg,FALSE,0,"Gliese 876 System (50.1 ly away), Barnard's Star System (52.4 ly away), Tau Ceti System (54.9 ly away)"
Gliese GJ 4282,55.28,50.66,-20.11,-9.23,M3,3691,0.128,Red,0.0027,0.5,Metal-poor,Main Sequence (Red Dwarf),images/red_dwarf.jpg,FALSE,0,"Gliese 876 System (40.1 ly away), Tau Ceti System (47.9 ly away), Epsilon Eridani System (53.3 ly away)"
Gliese GJ 4381,55.28,43.18,-0.41,34.51,m,3100,0.163,Red,0.0022,0.5,Metal-poor,Main Sequence (Red Dwarf),images/red_dwarf.jpg,FALSE,0,"Gliese 876 System (48.2 ly away), Tau Ceti System (50.4 ly away), Epsilon Eridani System (52.5 ly away)"
Gliese Gl 709,55.3,2.79,-38.62,39.48,M0,3905,0.3,Red,0.0188,0.5,Metal-poor,Main Sequence (Red Dwarf),images/red_dwarf.jpg,FALSE,0,"Barnard's Star System (50.3 ly away), Gliese 581 System (50.7 ly away), Solar System (Earth/Sun) (55.3 ly away)"
Gliese Gl 744,55.3,12.57,-41.84,-33.9,G8V,5585,0.997,Yellow,0.8678,1.0,Solar metallicity,Main Sequence,images/sun.jpg,FALSE,0,"Gliese 667 System (35.2 ly away), Gliese 876 System (48.2 ly away), Gliese 581 System (48.2 ly away)"
Gliese Gl 762.1,55.32,11.17,-26.58,47.21,K1V,5109,0.969,Orange,0.5739,1.0,Solar metallicity,Main Sequence,images/orange_dwarf.jpg,FALSE,0,"Barnard's Star System (51.5 ly away), Solar System (Earth/Sun) (55.3 ly away), Gliese 876 System (55.7 ly away)"
Gliese GJ 3759,55.34,-24.07,-6.6,-49.39,G2V,3809,0.239,Yellow,0.0107,1.0,Solar metallicity,Main Sequence,images/sun.jpg,FALSE,0,"Gliese 667 System (43.5 ly away), Gliese 581 System (48.8 ly away), Proxima Centauri System (51.3 ly away)"
Gliese Gl 538,55.39,-46.7,-27.93,10.37,G8V,5491,0.978,Yellow,0.7798,1.0,Solar metallicity,Main Sequence,images/sun.jpg,FALSE,0,"Gliese 581 System (38.3 ly away), Gliese 667 System (50.2 ly away), Wolf 359 System (50.3 ly away)"
Gliese Gl 553,55.4,-43.34,-33.49,-8.33,K7V,3945,0.448,Orange,0.0437,1.0,Solar metallicity,Main Sequence,images/orange_dwarf.jpg,FALSE,0,"Gliese 581 System (35.8 ly away), Gliese 667 System (43.1 ly away), Wolf 359 System (51.4 ly away)"
Gliese Gl 507.1,55.41,-43.52,-15.77,30.46,M2,3841,0.27,Red,0.0142,0.5,Metal-poor,Main Sequence (Red Dwarf),images/red_dwarf.jpg,FALSE,0,"Gliese 581 System (45.1 ly away), 55 Cancri System (47.3 ly away), Wolf 359 System (49.9 ly away)"
Gliese Gl 728,55.45,11.19,-51.7,16.62,M0,4150,0.451,Red,0.0541,0.5,Metal-poor,Main Sequence (Red Dwarf),images/red_dwarf.jpg,FALSE,0,"Gliese 667 System (46.9 ly away), Gliese 581 System (47.7 ly away), Barnard's Star System (49.7 ly away)"
Gliese Gl 330,55.48,-37.93,38.91,11.2,M5,3777,0.282,Red,0.0145,0.5,Metal-poor,Main Sequence (Red Dwarf),images/red_dwarf.jpg,FALSE,0,"55 Cancri System (20.5 ly away), Ross 128 System (45.7 ly away), Wolf 359 System (48.9 ly away)"
Gliese Gl 565,55.53,-37.06,-34.46,-22.86,K3V,4658,0.67,Orange,0.1898,1.0,Solar metallicity,Main Sequence,images/orange_dwarf.jpg,FALSE,0,"Gliese 581 System (36.8 ly away), Gliese 667 System (38.7 ly away), Proxima Centauri System (52.1 ly away)"
Gliese Gl 886,55.56,53.66,-13.91,-3.73,K4V,4884,0.71,Orange,0.2575,1.0,Solar metallicity,Main Sequence,images/orange_dwarf.jpg,FALSE,0,"Gliese 876 System (40.6 ly away), Tau Ceti System (47.3 ly away), Epsilon Eridani System (52.4 ly away)"
Gliese GJ 3289,55.56,22.04,50.89,3.5,m,3100,0.025,Red,0.0001,0.5,Metal-poor,Main Sequence (Red Dwarf),images/red_dwarf.jpg,TRUE,2,"Epsilon Eridani System (45.8 ly away), Tau Ceti System (47.8 ly away), Ross 128 System (48.2 ly away)"
Gliese GJ 1216,55.56,-6.18,-35.74,42.1,m,3568,0.053,Red,0.0004,0.5,Metal-poor,Main Sequence (Red Dwarf),images/red_dwarf.jpg,FALSE,0,"Gliese 581 System (49.7 ly away), Barnard's Star System (50.9 ly away), Solar System (Earth/Sun) (55.6 ly away)"
Hipparcos 80383,55.64,-16.3,-36.81,-38.41,G2V,4784,0.143,Yellow,0.0095,1.0,Solar metallicity,Main Sequence,images/sun.jpg,FALSE,0,"Gliese 667 System (34.0 ly away), Gliese 581 System (41.8 ly away), Proxima Centauri System (51.7 ly away)"
Gliese GJ 3414,55.66,-7.78,30.98,45.58,k-m,4500,0.115,Orange,0.0048,1.0,Solar metallicity,Main Sequence,images/orange_dwarf.jpg,TRUE,1,"55 Cancri System (31.6 ly away), Ross 128 System (47.3 ly away), Wolf 359 System (53.1 ly away)"
Gliese GJ 1102A,55.66,-25.55,48.95,6.97,DC9,4515,0.012,White,0.0001,1.0,Solar metallicity,White Dwarf,images/sirius.jpg,FALSE,0,"55 Cancri System (26.1 ly away), Ross 128 System (45.0 ly away), Wolf 359 System (50.6 ly away)"
Gliese GJ 1102B,55.66,-25.55,48.95,6.97,DC9,4121,0.014,White,0.0001,1.0,Solar metallicity,White Dwarf,images/sirius.jpg,FALSE,0,"55 Cancri System (26.1 ly away), Ross 128 System (45.0 ly away), Wolf 359 System (50.6 ly away)"
Gliese Gl 531,55.71,-30.96,-16.57,-43.24,K1V,5021,0.709,Orange,0.2863,1.0,Solar metallicity,Main Sequence,images/orange_dwarf.jpg,FALSE,0,"Gliese 667 System (41.0 ly away), Gliese 581 System (44.4 ly away), Proxima Centauri System (51.6 ly away)"
Gliese GJ 1026B,55.75,50.38,14.26,19.16,M3.5,3100,0.183,Red,0.0028,0.5,Metal-poor,Main Sequence (Red Dwarf),images/red_dwarf.jpg,FALSE,0,"Gliese 876 System (46.7 ly away), Tau Ceti System (46.9 ly away), Epsilon Eridani System (49.2 ly away)"
Gliese GJ 4124,55.75,21.7,-41.67,30.02,M3,3622,0.134,Red,0.0028,0.5,Metal-poor,Main Sequence (Red Dwarf),images/red_dwarf.jpg,FALSE,0,"Barnard's Star System (50.8 ly away), Gliese 876 System (51.0 ly away), Gliese 581 System (54.4 ly away)"
Gliese Gl 348B,55.77,-44.07,34.08,-2.68,K0,5078,0.757,Orange,0.342,1.0,Solar metallicity,Main Sequence,images/orange_dwarf.jpg,FALSE,0,"55 Cancri System (30.6 ly away), Ross 128 System (47.7 ly away), Wolf 359 System (48.7 ly away)"
Gliese Gl 864,55.83,52.13,-19.97,-0.82,K5,3932,0.348,Orange,0.026,1.0,Solar metallicity,Main Sequence,images/orange_dwarf.jpg,FALSE,0,"Gliese 876 System (41.2 ly away), Tau Ceti System (48.8 ly away), Epsilon Eridani System (53.9 ly away)"
Gliese Gl 905.2A,55.86,46.97,-3.32,30.05,M5,3720,0.092,Red,0.0015,0.5,Metal-poor,Main Sequence (Red Dwarf),images/red_dwarf.jpg,FALSE,0,"Gliese 876 System (47.1 ly away), Tau Ceti System (50.3 ly away), Epsilon Eridani System (53.0 ly away)"
Gliese Gl 17.1,55.88,38.82,3.62,-40.02,M0,3832,0.301,Red,0.0175,0.5,Metal-poor,Main Sequence (Red Dwarf),images/red_dwarf.jpg,FALSE,0,"Gliese 876 System (44.5 ly away), Tau Ceti System (46.5 ly away), Epsilon Eridani System (50.5 ly away)"
Gliese Gl 98A,55.92,44.56,33.5,4.32,K7V:,3955,0.624,Orange,0.0856,1.0,Solar metallicity,Main Sequence,images/orange_dwarf.jpg,FALSE,0,"Tau Ceti System (45.2 ly away), Epsilon Eridani System (46.3 ly away), Gliese 876 System (49.1 ly away)"
Iot Hor,55.99,26.85,23.05,-43.39,G3IV,6125,1.186,Yellow,1.7766,1.0,Solar metallicity,Subgiant,images/sun.jpg,FALSE,0,"Tau Ceti System (47.0 ly away), Epsilon Eridani System (48.8 ly away), Gliese 876 System (49.7 ly away)"
Gliese Gl 383,56.04,-47.33,24.08,-17.89,K7V,3929,0.358,Orange,0.0274,1.0,Solar metallicity,Main Sequence,images/orange_dwarf.jpg,FALSE,0,"55 Cancri System (43.6 ly away), Wolf 359 System (49.3 ly away), Ross 128 System (50.8 ly away)"
Gliese Gl 290,56.07,-4.61,8.29,55.26,G8V,5538,0.856,Yellow,0.6177,1.0,Solar metallicity,Main Sequence,images/sun.jpg,FALSE,0,"55 Cancri System (44.7 ly away), Ross 128 System (51.9 ly away), Wolf 359 System (54.7 ly away)"
Gliese Gl 547,56.07,-45.46,-32.8,1.21,G1V,5819,0.89,Yellow,0.8143,1.0,Solar metallicity,Main Sequence,images/sun.jpg,FALSE,0,"Gliese 581 System (37.1 ly away), Gliese 667 System (46.8 ly away), Wolf 359 System (51.6 ly away)"
Gliese Gl 347B,56.07,-43.96,34.06,-7.19,m,3310,0.049,Red,0.0003,0.5,Metal-poor,Main Sequence (Red Dwarf),images/red_dwarf.jpg,FALSE,0,"55 Cancri System (33.9 ly away), Ross 128 System (48.4 ly away), Wolf 359 System (49.2 ly away)"
Gliese GJ 3248,56.14,8.63,13.36,53.84,m,3734,0.21,Red,0.0077,0.5,Metal-poor,Main Sequence (Red Dwarf),images/red_dwarf.jpg,FALSE,0,"55 Cancri System (49.4 ly away), Ross 128 System (51.9 ly away), Epsilon Eridani System (55.8 ly away)"
15Rho CrB,56.21,-23.31,-40.79,30.87,G2V,5921,1.28,Yellow,1.8063,1.0,Solar metallicity,Main Sequence,images/sun.jpg,TRUE,3,"Gliese 581 System (43.4 ly away), Barnard's Star System (51.3 ly away), Gliese 667 System (53.2 ly away)"
37 Gem,56.23,-12.14,49.34,24.1,G0V,6075,1.035,Yellow,1.3098,1.0,Solar metallicity,Main Sequence,images/sun.jpg,FALSE,0,"55 Cancri System (26.9 ly away), Ross 128 System (45.4 ly away), Epsilon Eridani System (51.8 ly away)"
Gliese Gl 562,56.23,-40.32,-35.8,15.97,K5V,4192,0.436,Orange,0.0526,1.0,Solar metallicity,Main Sequence,images/orange_dwarf.jpg,FALSE,0,"Gliese 581 System (38.9 ly away), Gliese 667 System (50.2 ly away), Barnard's Star System (52.2 ly away)"
Gliese GJ 3042,56.23,38.92,6.19,40.12,M2,3734,0.175,Red,0.0054,0.5,Metal-poor,Main Sequence (Red Dwarf),images/red_dwarf.jpg,FALSE,0,"Gliese 876 System (51.4 ly away), Tau Ceti System (52.0 ly away), Epsilon Eridani System (53.2 ly away)"
Gliese GJ 3129,56.23,47.01,27.89,13.2,dM5  :,12000,0.01,White,0.0005,1.0,Solar metallicity,White Dwarf,images/sirius.jpg,FALSE,0,"Tau Ceti System (46.3 ly away), Epsilon Eridani System (47.7 ly away), Gliese 876 System (49.0 ly away)"
Gliese GJ 3143,56.23,38.72,26.01,31.42,m,3100,0.108,Red,0.001,0.5,Metal-poor,Main Sequence (Red Dwarf),images/red_dwarf.jpg,FALSE,0,"Tau Ceti System (49.5 ly away), Epsilon Eridani System (49.7 ly away), Gliese 876 System (52.5 ly away)"
Gliese GJ 3478,56.23,-26.34,42.99,24.9,M0,3855,0.328,Red,0.0213,0.5,Metal-poor,Main Sequence (Red Dwarf),images/red_dwarf.jpg,FALSE,0,"55 Cancri System (18.2 ly away), Ross 128 System (45.6 ly away), Wolf 359 System (51.0 ly away)"
Gliese GJ 1108B,56.23,-25.2,39.98,30.48,dM3  e,3749,0.144,White,0.0037,1.0,Solar metallicity,White Dwarf,images/sirius.jpg,FALSE,0,"55 Cancri System (18.2 ly away), Ross 128 System (45.9 ly away), Wolf 359 System (51.2 ly away)"
Gliese GJ 3554,56.23,-31.45,25.97,38.71,m,3100,0.088,Red,0.0006,0.5,Metal-poor,Main Sequence (Red Dwarf),images/red_dwarf.jpg,FALSE,0,"55 Cancri System (20.9 ly away), Ross 128 System (47.8 ly away), Wolf 359 System (50.7 ly away)"
Gliese GJ 2074,56.23,-46.0,31.62,6.81,DA7,7462,0.01,White,0.0003,1.0,Solar metallicity,White Dwarf,images/sirius.jpg,FALSE,0,"55 Cancri System (25.7 ly away), Ross 128 System (47.9 ly away), Wolf 359 System (48.9 ly away)"
Gliese GJ 1132,56.23,-34.28,16.94,-41.23,k,3490,0.088,Orange,0.001,1.0,Solar metallicity,Main Sequence,images/orange_dwarf.jpg,TRUE,2,"Wolf 359 System (52.1 ly away), Proxima Centauri System (53.2 ly away), Gliese 581 System (54.6 ly away)"
Gliese GJ 3698A,56.23,-54.61,-0.16,-13.43,M3,3720,0.11,Red,0.0021,0.5,Metal-poor,Main Sequence (Red Dwarf),images/red_dwarf.jpg,FALSE,0,"Gliese 581 System (45.6 ly away), Wolf 359 System (49.4 ly away), 55 Cancri System (51.6 ly away)"
Gliese GJ 3699B,56.23,-54.61,-0.16,-13.43,m,3100,0.056,Red,0.0003,0.5,Metal-poor,Main Sequence (Red Dwarf),images/red_dwarf.jpg,FALSE,0,"Gliese 581 System (45.6 ly away), Wolf 359 System (49.4 ly away), 55 Cancri System (51.6 ly away)"
Gliese GJ 3840,56.23,-46.34,-31.85,-0.52,k-m,3663,0.112,Orange,0.002,1.0,Solar metallicity,Main Sequence,images/orange_dwarf.jpg,FALSE,0,"Gliese 581 System (37.3 ly away), Gliese 667 System (46.8 ly away), Wolf 359 System (51.7 ly away)"
Gliese GJ 3848,56.23,-41.23,-30.78,22.69,DC8,12000,0.01,White,0.0002,1.0,Solar metallicity,White Dwarf,images/sirius.jpg,FALSE,0,"Gliese 581 System (41.0 ly away), Wolf 359 System (51.9 ly away), Barnard's Star System (52.6 ly away)"
Gliese GJ 3923,56.23,-26.05,-41.43,27.71,M7,3677,0.099,Red,0.0016,0.5,Metal-poor,Main Sequence (Red Dwarf),images/red_dwarf.jpg,FALSE,0,"Gliese 581 System (42.2 ly away), Barnard's Star System (51.3 ly away), Gliese 667 System (52.1 ly away)"
Gliese GJ 4083,56.23,8.27,-36.73,41.77,m,3100,0.174,Red,0.0025,0.5,Metal-poor,Main Sequence (Red Dwarf),images/red_dwarf.jpg,FALSE,0,"Barnard's Star System (51.5 ly away), Gliese 581 System (53.7 ly away), Solar System (Earth/Sun) (56.2 ly away)"
Gliese GJ 1231,56.23,14.76,-48.07,25.16,m,3266,0.047,Red,0.0002,0.5,Metal-poor,Main Sequence (Red Dwarf),images/red_dwarf.jpg,FALSE,0,"Barnard's Star System (50.7 ly away), Gliese 581 System (51.1 ly away), Gliese 667 System (51.7 ly away)"
Gliese GJ 4105,56.23,14.23,-43.48,32.71,m,3705,0.155,Red,0.0041,0.5,Metal-poor,Main Sequence (Red Dwarf),images/red_dwarf.jpg,FALSE,0,"Barnard's Star System (51.0 ly away), Gliese 581 System (52.8 ly away), Gliese 876 System (53.6 ly away)"
Gliese GJ 4143,56.23,30.8,-44.48,15.35,m,3100,0.245,Red,0.005,0.5,Metal-poor,Main Sequence (Red Dwarf),images/red_dwarf.jpg,FALSE,0,"Gliese 876 System (47.5 ly away), Barnard's Star System (51.4 ly away), Gliese 667 System (51.5 ly away)"
Gliese Gl 641,56.26,-16.22,-53.88,-0.03,G8V,5439,0.85,Yellow,0.567,1.0,Solar metallicity,Main Sequence,images/sun.jpg,FALSE,0,"Gliese 581 System (38.8 ly away), Gliese 667 System (40.0 ly away), Barnard's Star System (50.7 ly away)"
Gliese GJ 2043A,56.28,7.21,53.73,15.11,M2V:,3794,0.29,Red,0.0156,0.5,Metal-poor,Main Sequence (Red Dwarf),images/red_dwarf.jpg,FALSE,0,"55 Cancri System (42.2 ly away), Ross 128 System (46.6 ly away), Epsilon Eridani System (48.5 ly away)"
Gliese GJ 1181A,56.3,-43.13,-23.67,-27.37,K5/M0V,3928,0.433,Orange,0.04,1.0,Solar metallicity,Main Sequence,images/orange_dwarf.jpg,FALSE,0,"Gliese 581 System (39.8 ly away), Gliese 667 System (42.6 ly away), Wolf 359 System (52.3 ly away)"
Gliese Gl 340A,56.31,-37.59,32.14,26.92,K3V,4762,0.861,Orange,0.3423,1.0,Solar metallicity,Main Sequence,images/orange_dwarf.jpg,FALSE,0,"55 Cancri System (16.7 ly away), Ross 128 System (47.1 ly away), Wolf 359 System (49.8 ly away)"
Gliese GJ 1209,56.33,-12.96,-52.32,16.41,m,3720,0.136,Red,0.0032,0.5,Metal-poor,Main Sequence (Red Dwarf),images/red_dwarf.jpg,FALSE,0,"Gliese 581 System (41.6 ly away), Gliese 667 System (46.0 ly away), Barnard's Star System (50.5 ly away)"
Gliese Gl 820.1,56.33,5.98,-5.33,-55.75,DA6,7795,0.017,White,0.001,1.0,Solar metallicity,White Dwarf,images/sirius.jpg,FALSE,0,"Gliese 667 System (45.6 ly away), Gliese 876 System (52.6 ly away), Proxima Centauri System (52.8 ly away)"
Hipparcos 65269,56.36,-48.57,-18.3,-21.98,G1/G2V,5717,0.354,Yellow,0.12,1.0,Solar metallicity,Main Sequence,images/sun.jpg,FALSE,0,"Gliese 581 System (40.6 ly away), Gliese 667 System (46.1 ly away), Wolf 359 System (51.3 ly away)"
Hipparcos 34361,56.42,-15.22,50.25,-20.64,M2V:,3886,0.214,Red,0.0094,0.5,Metal-poor,Main Sequence (Red Dwarf),images/red_dwarf.jpg,FALSE,0,"55 Cancri System (47.5 ly away), Ross 128 System (48.4 ly away), Epsilon Eridani System (50.8 ly away)"
Gliese Gl 580B,56.43,-37.41,-42.22,-1.33,G2V,5700,0.562,Yellow,0.2992,1.0,Solar metallicity,Main Sequence,images/sun.jpg,FALSE,0,"Gliese 581 System (36.4 ly away), Gliese 667 System (43.2 ly away), Barnard's Star System (52.2 ly away)"
Gliese GJ 3633,56.44,-53.84,15.31,7.26,K0,4943,0.741,Orange,0.294,1.0,Solar metallicity,Main Sequence,images/orange_dwarf.jpg,FALSE,0,"55 Cancri System (33.6 ly away), Wolf 359 System (48.6 ly away), Ross 128 System (50.9 ly away)"
Gam CrA,56.44,12.87,-43.16,-34.01,F7IV-V,6286,1.945,Yellow-White,5.3015,1.0,Solar metallicity,Subgiant,images/sun.jpg,FALSE,0,"Gliese 667 System (36.3 ly away), Gliese 581 System (49.2 ly away), Gliese 876 System (49.3 ly away)"
Gliese GJ 3476,56.47,-11.69,19.75,-51.59,K1V,5073,0.768,Orange,0.3506,1.0,Solar metallicity,Main Sequence,images/orange_dwarf.jpg,FALSE,0,"Proxima Centauri System (53.5 ly away), Epsilon Eridani System (54.2 ly away), Gliese 667 System (54.8 ly away)"
Gliese Gl 28,56.52,42.49,7.65,36.47,K2V,4899,0.759,Orange,0.2976,1.0,Solar metallicity,Main Sequence,images/orange_dwarf.jpg,FALSE,0,"Gliese 876 System (50.6 ly away), Tau Ceti System (51.2 ly away), Epsilon Eridani System (52.7 ly away)"
Gliese GJ 3657,56.53,-50.19,8.14,24.69,m,3345,0.045,Red,0.0002,0.5,Metal-poor,Main Sequence (Red Dwarf),images/red_dwarf.jpg,FALSE,0,"55 Cancri System (31.9 ly away), Wolf 359 System (49.3 ly away), Ross 128 System (51.4 ly away)"
31Tau1Hya,56.54,-44.67,34.54,-2.73,F6V,6822,1.401,Yellow-White,3.8159,1.0,Solar metallicity,Main Sequence,images/sun.jpg,FALSE,0,"55 Cancri System (31.1 ly away), Ross 128 System (48.4 ly away), Wolf 359 System (49.5 ly away)"
Gliese Gl 153A,56.55,11.2,17.25,52.67,K0,4097,0.472,Orange,0.0562,1.0,Solar metallicity,Main Sequence,images/orange_dwarf.jpg,FALSE,0,"55 Cancri System (49.6 ly away), Ross 128 System (51.9 ly away), Epsilon Eridani System (55.4 ly away)"
39 Ser,56.59,-28.95,-46.87,12.92,G0IV,5975,0.925,Yellow,0.9781,1.0,Solar metallicity,Subgiant,images/sun.jpg,FALSE,0,"Gliese 581 System (38.6 ly away), Gliese 667 System (46.3 ly away), Barnard's Star System (51.5 ly away)"
40Xi Oph,56.6,-8.94,-52.04,-20.39,F2/F3V,6912,1.499,Yellow-White,4.6004,1.0,Solar metallicity,Main Sequence,images/sun.jpg,FALSE,0,"Gliese 667 System (35.0 ly away), Gliese 581 System (40.9 ly away), Barnard's Star System (51.9 ly away)"
Gliese GJ 1060A,56.62,30.82,39.77,-25.98,DA5,12000,0.01,White,0.0007,1.0,Solar metallicity,White Dwarf,images/sirius.jpg,FALSE,0,"Tau Ceti System (46.3 ly away), Epsilon Eridani System (46.8 ly away), Gliese 876 System (52.0 ly away)"
Gliese GJ 1060B,56.62,30.82,39.77,-25.98,sdM3,5500,0.031,Yellow,0.0008,0.5,Metal-poor,Subdwarf,images/sun.jpg,FALSE,0,"Tau Ceti System (46.3 ly away), Epsilon Eridani System (46.8 ly away), Gliese 876 System (52.0 ly away)"
10 CVn,56.67,-43.03,-8.56,35.88,G0V,6141,0.927,Yellow,1.0965,1.0,Solar metallicity,Main Sequence,images/sun.jpg,FALSE,0,"55 Cancri System (42.7 ly away), Gliese 581 System (49.4 ly away), Wolf 359 System (51.0 ly away)"
Gliese Gl 515,56.67,-51.75,-21.5,-8.45,DA,9812,0.019,White,0.0031,1.0,Solar metallicity,White Dwarf,images/sirius.jpg,FALSE,0,"Gliese 581 System (39.7 ly away), Gliese 667 System (48.8 ly away), Wolf 359 System (51.1 ly away)"
Gliese Gl 153B,56.69,11.23,17.29,52.81,M2.5 J,3734,0.214,Red,0.008,0.5,Metal-poor,Main Sequence (Red Dwarf),images/red_dwarf.jpg,FALSE,0,"55 Cancri System (49.7 ly away), Ross 128 System (52.0 ly away), Epsilon Eridani System (55.5 ly away)"
Gliese Gl 153C,56.69,11.23,17.29,52.81,G2V,5700,0.08,Yellow,0.006,1.0,Solar metallicity,Main Sequence,images/sun.jpg,FALSE,0,"55 Cancri System (49.7 ly away), Ross 128 System (52.0 ly away), Epsilon Eridani System (55.5 ly away)"
Gliese Gl 327,56.7,-38.91,40.9,-5.37,G3V,5739,1.033,Yellow,1.0385,1.0,Solar metallicity,Main Sequence,images/sun.jpg,FALSE,0,"55 Cancri System (32.3 ly away), Ross 128 System (47.9 ly away), Wolf 359 System (50.3 ly away)"
Hipparcos 97096,56.74,10.0,-20.51,-51.95,G,4684,0.343,Yellow,0.0507,1.0,Solar metallicity,Main Sequence,images/sun.jpg,FALSE,0,"Gliese 667 System (41.2 ly away), Gliese 876 System (51.0 ly away), Proxima Centauri System (53.2 ly away)"
Gliese Gl 670B,56.74,-8.97,-52.17,-20.44,K3,4500,0.444,Orange,0.0726,1.0,Solar metallicity,Main Sequence,images/orange_dwarf.jpg,FALSE,0,"Gliese 667 System (35.1 ly away), Gliese 581 System (41.0 ly away), Barnard's Star System (52.1 ly away)"
Gliese Gl 264,56.8,-11.32,39.58,-39.15,K5V...,4348,0.53,Orange,0.0899,1.0,Solar metallicity,Main Sequence,images/orange_dwarf.jpg,FALSE,0,"Epsilon Eridani System (51.8 ly away), Ross 128 System (52.5 ly away), Tau Ceti System (54.3 ly away)"
Gliese GJ 3222A,56.82,27.42,33.74,-36.58,K0V,5163,0.849,Orange,0.4592,1.0,Solar metallicity,Main Sequence,images/orange_dwarf.jpg,TRUE,1,"Tau Ceti System (47.2 ly away), Epsilon Eridani System (48.1 ly away), Gliese 876 System (51.9 ly away)"
Gliese GJ 1024,56.82,52.56,13.26,17.05,m,3594,0.076,Red,0.0009,0.5,Metal-poor,Main Sequence (Red Dwarf),images/red_dwarf.jpg,FALSE,0,"Gliese 876 System (47.0 ly away), Tau Ceti System (47.6 ly away), Epsilon Eridani System (50.3 ly away)"
Gliese GJ 3833,56.84,-40.96,-27.1,28.61,K5,4594,0.637,Orange,0.1623,1.0,Solar metallicity,Main Sequence,images/orange_dwarf.jpg,FALSE,0,"Gliese 581 System (43.6 ly away), Wolf 359 System (52.4 ly away), Barnard's Star System (53.5 ly away)"
Gliese GJ 3109,56.86,30.32,14.54,-45.85,F8V,6166,1.124,Yellow-White,1.6398,1.0,Solar metallicity,Main Sequence,images/sun.jpg,FALSE,0,"Tau Ceti System (48.0 ly away), Gliese 876 System (48.8 ly away), Epsilon Eridani System (50.7 ly away)"
Gliese Gl 594,56.87,-23.03,-33.26,-39.98,F5IV-V,6812,1.382,Yellow-White,3.6881,1.0,Solar metallicity,Subgiant,images/sun.jpg,FALSE,0,"Gliese 667 System (36.6 ly away), Gliese 581 System (42.5 ly away), Proxima Centauri System (52.8 ly away)"
Gliese Gl 241,56.9,-9.31,51.16,23.1,K2,4693,0.597,Orange,0.1553,1.0,Solar metallicity,Main Sequence,images/orange_dwarf.jpg,FALSE,0,"55 Cancri System (29.7 ly away), Ross 128 System (46.1 ly away), Epsilon Eridani System (51.9 ly away)"
Gliese GJ 1211,56.92,-12.76,-55.39,2.94,DZ7,6576,0.012,White,0.0002,1.0,Solar metallicity,White Dwarf,images/sirius.jpg,FALSE,0,"Gliese 581 System (40.4 ly away), Gliese 667 System (41.4 ly away), Barnard's Star System (51.2 ly away)"
Gliese Gl 293.1A,56.96,-28.04,49.58,-0.81,K5 V,4649,0.615,Orange,0.1586,1.0,Solar metallicity,Main Sequence,images/orange_dwarf.jpg,FALSE,0,"55 Cancri System (31.2 ly away), Ross 128 System (46.9 ly away), Wolf 359 System (51.8 ly away)"
Gliese Gl 446,56.99,-49.14,2.73,-28.74,G5V,5667,0.858,Yellow,0.6805,1.0,Solar metallicity,Main Sequence,images/sun.jpg,FALSE,0,"Gliese 581 System (48.1 ly away), Wolf 359 System (51.2 ly away), Gliese 667 System (52.8 ly away)"
Gliese GJ 4133,57.02,29.16,-47.79,-10.83,DC9,4649,0.011,White,0.0001,1.0,Solar metallicity,White Dwarf,images/sirius.jpg,FALSE,0,"Gliese 667 System (43.9 ly away), Gliese 876 System (46.6 ly away), Barnard's Star System (52.7 ly away)"
Gliese Gl 81B,57.03,30.98,17.17,-44.7,G2V,5700,0.121,Yellow,0.014,1.0,Solar metallicity,Main Sequence,images/sun.jpg,FALSE,0,"Tau Ceti System (47.9 ly away), Gliese 876 System (49.1 ly away), Epsilon Eridani System (50.4 ly away)"
Gliese Gl 397.1B,57.04,-28.71,11.67,47.89,m,3100,0.033,Red,0.0001,0.5,Metal-poor,Main Sequence (Red Dwarf),images/red_dwarf.jpg,FALSE,0,"55 Cancri System (32.4 ly away), Ross 128 System (51.2 ly away), Wolf 359 System (52.4 ly away)"
Gliese GJ 3021,57.07,10.03,0.71,-56.18,G6V,5439,0.886,Yellow,0.6166,1.0,Solar metallicity,Main Sequence,images/sun.jpg,TRUE,1,"Gliese 667 System (49.0 ly away), Gliese 876 System (52.8 ly away), Tau Ceti System (53.1 ly away)"
Gliese Gl 626,57.14,-22.16,-52.16,7.27,K5,4207,0.529,Orange,0.0786,1.0,Solar metallicity,Main Sequence,images/orange_dwarf.jpg,FALSE,0,"Gliese 581 System (39.2 ly away), Gliese 667 System (43.7 ly away), Barnard's Star System (51.7 ly away)"
Gliese GJ 1274,57.14,44.76,-13.98,32.66,G2V,3759,0.175,Yellow,0.0055,1.0,Solar metallicity,Main Sequence,images/sun.jpg,FALSE,0,"Gliese 876 System (48.5 ly away), Tau Ceti System (53.3 ly away), Barnard's Star System (55.3 ly away)"
Gliese Gl 340B,57.17,-38.17,32.63,27.33,K3 V,4500,0.647,Orange,0.154,1.0,Solar metallicity,Main Sequence,images/orange_dwarf.jpg,FALSE,0,"55 Cancri System (17.6 ly away), Ross 128 System (47.9 ly away), Wolf 359 System (50.7 ly away)"
Gliese Gl 913,57.21,39.21,-0.22,41.66,M0,4025,0.411,Red,0.0398,0.5,Metal-poor,Main Sequence (Red Dwarf),images/red_dwarf.jpg,FALSE,0,"Gliese 876 System (52.0 ly away), Tau Ceti System (53.7 ly away), Epsilon Eridani System (55.2 ly away)"
Gliese GJ 3113,57.22,50.56,25.38,-8.6,M3,3677,0.102,Red,0.0017,0.5,Metal-poor,Main Sequence (Red Dwarf),images/red_dwarf.jpg,FALSE,0,"Tau Ceti System (45.4 ly away), Gliese 876 System (47.2 ly away), Epsilon Eridani System (48.0 ly away)"
Gliese GJ 3207,57.22,29.9,33.09,-35.84,M3.5,3779,0.191,Red,0.0067,0.5,Metal-poor,Main Sequence (Red Dwarf),images/red_dwarf.jpg,FALSE,0,"Tau Ceti System (47.3 ly away), Epsilon Eridani System (48.4 ly away), Gliese 876 System (51.7 ly away)"
Gliese GJ 3572,57.22,-39.97,24.08,33.12,M4,3100,0.162,Red,0.0022,0.5,Metal-poor,Main Sequence (Red Dwarf),images/red_dwarf.jpg,TRUE,3,"55 Cancri System (21.2 ly away), Ross 128 System (49.2 ly away), Wolf 359 System (50.7 ly away)"
Gliese GJ 3652,57.22,-52.93,10.48,19.06,m,3677,0.107,Red,0.0019,0.5,Metal-poor,Main Sequence (Red Dwarf),images/red_dwarf.jpg,FALSE,0,"55 Cancri System (32.6 ly away), Wolf 359 System (49.7 ly away), Ross 128 System (51.9 ly away)"
Gliese GJ 3740,57.22,-17.73,-3.31,-54.3,k-m,4500,0.054,Orange,0.0011,1.0,Solar metallicity,Main Sequence,images/orange_dwarf.jpg,FALSE,0,"Gliese 667 System (46.2 ly away), Proxima Centauri System (53.2 ly away), Gliese 581 System (53.2 ly away)"
Gliese GJ 3777,57.22,-43.82,-15.96,-33.15,M3.5,3100,0.157,Red,0.002,0.5,Metal-poor,Main Sequence (Red Dwarf),images/red_dwarf.jpg,FALSE,0,"Gliese 581 System (43.4 ly away), Gliese 667 System (45.3 ly away), Wolf 359 System (53.0 ly away)"
Gliese GJ 3812,57.22,-40.59,-21.33,34.23,M3.5,3100,0.106,Red,0.0009,0.5,Metal-poor,Main Sequence (Red Dwarf),images/red_dwarf.jpg,FALSE,0,"Gliese 581 System (46.5 ly away), 55 Cancri System (52.2 ly away), Wolf 359 System (52.5 ly away)"
Gliese GJ 3963,57.22,-18.34,-47.42,-26.25,m,3100,0.082,Red,0.0006,0.5,Metal-poor,Main Sequence (Red Dwarf),images/red_dwarf.jpg,FALSE,0,"Gliese 667 System (35.3 ly away), Gliese 581 System (40.1 ly away), Barnard's Star System (53.2 ly away)"
Gliese GJ 4032,57.22,-1.67,-54.72,16.65,m,3100,0.165,Red,0.0023,0.5,Metal-poor,Main Sequence (Red Dwarf),images/red_dwarf.jpg,FALSE,0,"Gliese 581 System (45.3 ly away), Gliese 667 System (47.0 ly away), Barnard's Star System (51.3 ly away)"
Gliese GJ 4110,57.22,20.28,-50.91,16.46,m,3100,0.137,Red,0.0016,0.5,Metal-poor,Main Sequence (Red Dwarf),images/red_dwarf.jpg,TRUE,2,"Gliese 667 System (49.9 ly away), Gliese 876 System (51.2 ly away), Barnard's Star System (51.8 ly away)"
Gliese GJ 4117,57.22,13.77,-31.34,45.85,M3,3594,0.154,Red,0.0035,0.5,Metal-poor,Main Sequence (Red Dwarf),images/red_dwarf.jpg,TRUE,2,"Barnard's Star System (53.1 ly away), Gliese 876 System (56.5 ly away), Solar System (Earth/Sun) (57.2 ly away)"
Gliese GJ 4178,57.22,26.17,-25.43,-44.08,m,3100,0.136,Red,0.0015,0.5,Metal-poor,Main Sequence (Red Dwarf),images/red_dwarf.jpg,FALSE,0,"Gliese 667 System (43.4 ly away), Gliese 876 System (47.1 ly away), Tau Ceti System (53.3 ly away)"
Gliese GJ 4207,57.22,38.86,-27.54,-31.72,M2,3622,0.128,Red,0.0025,0.5,Metal-poor,Main Sequence (Red Dwarf),images/red_dwarf.jpg,FALSE,0,"Gliese 876 System (44.0 ly away), Gliese 667 System (47.0 ly away), Tau Ceti System (51.8 ly away)"
Gliese GJ 4214A,57.22,45.37,-30.56,16.78,m,3100,0.106,Red,0.0009,0.5,Metal-poor,Main Sequence (Red Dwarf),images/red_dwarf.jpg,FALSE,0,"Gliese 876 System (45.7 ly away), Tau Ceti System (53.8 ly away), Barnard's Star System (54.0 ly away)"
Gliese GJ 4215B,57.22,45.36,-30.56,16.8,m,3100,0.062,Red,0.0003,0.5,Metal-poor,Main Sequence (Red Dwarf),images/red_dwarf.jpg,FALSE,0,"Gliese 876 System (45.7 ly away), Tau Ceti System (53.8 ly away), Barnard's Star System (54.0 ly away)"
Gliese Gl 702.1,57.25,1.29,-46.29,-33.67,G3V,5909,1.016,Yellow,1.1293,1.0,Solar metallicity,Main Sequence,images/sun.jpg,FALSE,0,"Gliese 667 System (35.1 ly away), Gliese 581 System (46.0 ly away), Gliese 876 System (53.2 ly away)"
59 Vir,57.27,-53.36,-18.57,9.38,G0Vs,6027,1.38,Yellow,2.2553,1.0,Solar metallicity,Main Sequence,images/sun.jpg,FALSE,0,"Gliese 581 System (42.3 ly away), Wolf 359 System (51.1 ly away), 55 Cancri System (54.0 ly away)"
Gliese Gl 788,57.3,12.72,-18.59,52.69,G3V,5960,1.014,Yellow,1.1631,1.0,Solar metallicity,Main Sequence,images/sun.jpg,FALSE,0,"Barnard's Star System (54.4 ly away), Solar System (Earth/Sun) (57.3 ly away), Gliese 876 System (58.3 ly away)"
Gliese Gl 614,57.31,-19.03,-36.71,39.68,K0V,5059,1.019,Orange,0.6104,1.0,Solar metallicity,Main Sequence,images/orange_dwarf.jpg,FALSE,0,"Gliese 581 System (47.9 ly away), Barnard's Star System (52.7 ly away), Wolf 359 System (56.1 ly away)"
Gliese Gl 819A,57.32,40.55,-38.09,-13.79,K1V,4994,0.827,Orange,0.3816,1.0,Solar metallicity,Main Sequence,images/orange_dwarf.jpg,FALSE,0,"Gliese 876 System (44.0 ly away), Gliese 667 System (48.1 ly away), Tau Ceti System (53.7 ly away)"
Gliese GJ 3425,57.42,-6.49,21.28,52.94,M2,3795,0.222,Red,0.0092,0.5,Metal-poor,Main Sequence (Red Dwarf),images/red_dwarf.jpg,FALSE,0,"55 Cancri System (38.5 ly away), Ross 128 System (50.9 ly away), Wolf 359 System (55.4 ly away)"
Iot Pav,57.44,1.23,-26.94,-50.72,G0V,5999,1.228,Yellow,1.7523,1.0,Solar metallicity,Main Sequence,images/sun.jpg,FALSE,0,"Gliese 667 System (38.9 ly away), Gliese 581 System (51.4 ly away), Proxima Centauri System (53.6 ly away)"
27Tau6Eri,57.49,28.99,44.16,-22.69,F3/F5V,6704,1.75,Yellow-White,5.5514,1.0,Solar metallicity,Main Sequence,images/sun.jpg,FALSE,0,"Epsilon Eridani System (47.4 ly away), Tau Ceti System (47.5 ly away), Ross 128 System (53.9 ly away)"
Gliese GJ 1240,57.49,22.06,-51.89,-11.24,K2V,4938,0.703,Orange,0.2633,1.0,Solar metallicity,Main Sequence,images/orange_dwarf.jpg,FALSE,0,"Gliese 667 System (42.1 ly away), Gliese 876 System (48.9 ly away), Gliese 581 System (51.3 ly away)"
Hipparcos 30365,57.5,-5.74,56.52,8.9,G2V,5700,0.097,Yellow,0.0089,1.0,Solar metallicity,Main Sequence,images/sun.jpg,FALSE,0,"55 Cancri System (37.2 ly away), Ross 128 System (47.0 ly away), Epsilon Eridani System (50.8 ly away)"
Gliese GJ 3259,57.52,28.37,49.36,8.24,DC9,5636,0.012,White,0.0001,1.0,Solar metallicity,White Dwarf,images/sirius.jpg,FALSE,0,"Epsilon Eridani System (47.7 ly away), Tau Ceti System (49.2 ly away), Ross 128 System (50.9 ly away)"
Gliese Gl 819B,57.55,40.72,-38.24,-13.85,M0,3100,0.522,Red,0.0226,0.5,Metal-poor,Main Sequence (Red Dwarf),images/red_dwarf.jpg,FALSE,0,"Gliese 876 System (44.3 ly away), Gliese 667 System (48.3 ly away), Tau Ceti System (53.9 ly away)"
58 Oph,57.57,-3.86,-53.36,-21.27,F6/F7V,6533,1.374,Yellow-White,3.0875,1.0,Solar metallicity,Main Sequence,images/sun.jpg,FALSE,0,"Gliese 667 System (36.0 ly away), Gliese 581 System (43.3 ly away), Barnard's Star System (52.9 ly away)"
Hipparcos 36357,57.59,-18.5,45.21,30.52,K2V,4936,0.642,Orange,0.2198,1.0,Solar metallicity,Main Sequence,images/orange_dwarf.jpg,FALSE,0,"55 Cancri System (23.2 ly away), Ross 128 System (47.0 ly away), Wolf 359 System (53.4 ly away)"
Gliese GJ 1007,57.62,57.24,4.24,5.15,m,3622,0.073,Red,0.0008,0.5,Metal-poor,Main Sequence (Red Dwarf),images/red_dwarf.jpg,FALSE,0,"Gliese 876 System (44.8 ly away), Tau Ceti System (47.7 ly away), Epsilon Eridani System (51.7 ly away)"
Gliese GJ 3919,57.62,-25.48,-39.86,32.9,m,3594,0.099,Red,0.0015,0.5,Metal-poor,Main Sequence (Red Dwarf),images/red_dwarf.jpg,FALSE,0,"Gliese 581 System (45.0 ly away), Barnard's Star System (52.9 ly away), Gliese 667 System (55.4 ly away)"
Gliese Gl 580A,57.64,-38.21,-43.13,-1.36,K0V,5395,0.914,Orange,0.6345,1.0,Solar metallicity,Main Sequence,images/orange_dwarf.jpg,FALSE,0,"Gliese 581 System (37.6 ly away), Gliese 667 System (44.4 ly away), Barnard's Star System (53.4 ly away)"
Gliese Gl 812B,57.67,40.05,-41.2,-4.87,DC9+,4389,0.014,White,0.0001,1.0,Solar metallicity,White Dwarf,images/sirius.jpg,FALSE,0,"Gliese 876 System (45.1 ly away), Gliese 667 System (49.7 ly away), Barnard's Star System (53.9 ly away)"
Gliese Gl 812A,57.69,40.07,-41.21,-4.87,M4,3809,0.161,Red,0.0049,0.5,Metal-poor,Main Sequence (Red Dwarf),images/red_dwarf.jpg,FALSE,0,"Gliese 876 System (45.1 ly away), Gliese 667 System (49.7 ly away), Barnard's Star System (53.9 ly away)"
Gliese GJ 1145,57.71,-50.15,9.49,-26.93,M0V,3978,0.386,Red,0.0334,0.5,Metal-poor,Main Sequence (Red Dwarf),images/red_dwarf.jpg,FALSE,0,"Gliese 581 System (50.9 ly away), Wolf 359 System (51.5 ly away), Proxima Centauri System (55.0 ly away)"
Gliese GJ 1200,57.73,-24.22,-48.86,18.89,m,3734,0.103,Red,0.0019,0.5,Metal-poor,Main Sequence (Red Dwarf),images/red_dwarf.jpg,FALSE,0,"Gliese 581 System (41.4 ly away), Gliese 667 System (48.9 ly away), Barnard's Star System (52.4 ly away)"
Gliese Gl 150.1B,57.77,30.97,45.86,16.57,M2,3918,0.361,Red,0.0276,0.5,Metal-poor,Main Sequence (Red Dwarf),images/red_dwarf.jpg,FALSE,0,"Epsilon Eridani System (48.6 ly away), Tau Ceti System (49.9 ly away), Ross 128 System (51.4 ly away)"
Gliese Gl 776,57.82,11.61,-19.03,-53.35,G2V,5786,1.008,Yellow,1.0214,1.0,Solar metallicity,Main Sequence,images/sun.jpg,FALSE,0,"Gliese 667 System (43.0 ly away), Gliese 876 System (51.8 ly away), Proxima Centauri System (54.3 ly away)"
Gliese GJ 3671,57.85,-52.58,5.84,-23.41,G2V,3786,0.226,Yellow,0.0094,1.0,Solar metallicity,Main Sequence,images/sun.jpg,TRUE,3,"Gliese 581 System (49.5 ly away), Wolf 359 System (51.4 ly away), 55 Cancri System (54.9 ly away)"
Gliese GJ 3317,57.88,14.26,45.15,-33.29,K2V,4994,0.704,Orange,0.2769,1.0,Solar metallicity,Main Sequence,images/orange_dwarf.jpg,FALSE,0,"Epsilon Eridani System (49.2 ly away), Tau Ceti System (50.3 ly away), Ross 128 System (53.9 ly away)"
83 Leo,57.88,-57.19,8.35,3.04,K0IV,5348,0.974,Orange,0.6957,1.0,Solar metallicity,Subgiant,images/orange_dwarf.jpg,FALSE,0,"55 Cancri System (40.6 ly away), Wolf 359 System (50.2 ly away), Gliese 581 System (50.5 ly away)"
Gliese Gl 354.1B,57.88,-41.3,30.89,26.27,m,3100,0.029,Red,0.0001,0.5,Metal-poor,Main Sequence (Red Dwarf),images/red_dwarf.jpg,FALSE,0,"55 Cancri System (19.2 ly away), Ross 128 System (49.0 ly away), Wolf 359 System (51.1 ly away)"
Gliese GJ 1066,57.92,22.3,37.33,-38.26,K5V,4281,0.513,Orange,0.0792,1.0,Solar metallicity,Main Sequence,images/orange_dwarf.jpg,FALSE,0,"Tau Ceti System (49.1 ly away), Epsilon Eridani System (49.4 ly away), Gliese 876 System (54.6 ly away)"
Gliese Gl 151,57.93,30.62,45.64,18.32,DQ8,7399,0.01,White,0.0002,1.0,Solar metallicity,White Dwarf,images/sirius.jpg,FALSE,0,"Epsilon Eridani System (48.9 ly away), Tau Ceti System (50.3 ly away), Ross 128 System (51.5 ly away)"
Gliese GJ 1131,57.93,-18.13,9.64,54.17,m,3453,0.063,Red,0.0005,0.5,Metal-poor,Main Sequence (Red Dwarf),images/red_dwarf.jpg,FALSE,0,"55 Cancri System (39.1 ly away), Ross 128 System (52.8 ly away), Wolf 359 System (54.8 ly away)"
15 Sge,57.95,28.55,-47.47,17.01,G1V,5968,1.075,Yellow,1.3158,1.0,Solar metallicity,Main Sequence,images/sun.jpg,FALSE,0,"Gliese 876 System (50.1 ly away), Gliese 667 System (52.6 ly away), Barnard's Star System (52.9 ly away)"
Gliese GJ 1079,57.96,7.17,48.35,-31.15,K2/K3V,4876,0.672,Orange,0.2289,1.0,Solar metallicity,Main Sequence,images/orange_dwarf.jpg,FALSE,0,"Epsilon Eridani System (49.7 ly away), Tau Ceti System (51.6 ly away), Ross 128 System (52.8 ly away)"
Gliese Gl 542.1B,58.0,-42.9,-29.76,-25.26,G2V,5700,0.037,Yellow,0.0013,1.0,Solar metallicity,Main Sequence,images/sun.jpg,FALSE,0,"Gliese 581 System (40.2 ly away), Gliese 667 System (43.0 ly away), Wolf 359 System (54.4 ly away)"
Gliese Gl 354.1A,58.03,-41.4,30.99,26.34,K0,5345,0.755,Orange,0.4173,1.0,Solar metallicity,Main Sequence,images/orange_dwarf.jpg,FALSE,0,"55 Cancri System (19.3 ly away), Ross 128 System (49.1 ly away), Wolf 359 System (51.3 ly away)"
Gliese GJ 3998,58.03,-10.87,-55.91,11.13,M2.5,3424,0.297,Red,0.0109,0.5,Metal-poor,Main Sequence (Red Dwarf),images/red_dwarf.jpg,TRUE,3,"Gliese 581 System (42.9 ly away), Gliese 667 System (45.3 ly away), Barnard's Star System (52.2 ly away)"
Gliese Gl 649.1C,58.06,-10.56,-37.88,42.71,K0,4733,0.642,Orange,0.1857,1.0,Solar metallicity,Main Sequence,images/orange_dwarf.jpg,FALSE,0,"Gliese 581 System (50.8 ly away), Barnard's Star System (53.3 ly away), Wolf 359 System (57.9 ly away)"
Hipparcos 63618,58.08,-49.94,-13.93,-26.17,K4V,4278,0.648,Orange,0.1262,1.0,Solar metallicity,Main Sequence,images/orange_dwarf.jpg,FALSE,0,"Gliese 581 System (43.8 ly away), Gliese 667 System (48.6 ly away), Wolf 359 System (52.9 ly away)"
Gliese Gl 293.1B,58.1,-28.6,50.56,-0.83,K5V,4592,0.646,Orange,0.1666,1.0,Solar metallicity,Main Sequence,images/orange_dwarf.jpg,FALSE,0,"55 Cancri System (32.0 ly away), Ross 128 System (48.0 ly away), Wolf 359 System (52.9 ly away)"
Diadem,58.14,-52.87,-16.67,17.51,F5V,6600,1.744,Yellow-White,5.1761,1.0,Solar metallicity,Main Sequence,images/sun.jpg,FALSE,0,"Gliese 581 System (44.8 ly away), 55 Cancri System (51.3 ly away), Wolf 359 System (51.9 ly away)"
Gliese Gl 652,58.18,-12.26,-49.6,-27.83,K1V,5239,0.974,Orange,0.6409,1.0,Solar metallicity,Main Sequence,images/orange_dwarf.jpg,FALSE,0,"Gliese 667 System (35.7 ly away), Gliese 581 System (42.5 ly away), Barnard's Star System (54.1 ly away)"
Chi Eri,58.22,31.63,17.52,-45.63,G5IV,5151,3.832,Yellow,9.2726,1.0,Solar metallicity,Subgiant,images/sun.jpg,FALSE,0,"Tau Ceti System (49.1 ly away), Gliese 876 System (50.3 ly away), Epsilon Eridani System (51.6 ly away)"
Gliese Gl 171.2B,58.22,18.4,48.42,26.58,DC8,5778,0.012,White,0.0001,1.0,Solar metallicity,White Dwarf,images/sirius.jpg,FALSE,0,"55 Cancri System (48.8 ly away), Ross 128 System (49.9 ly away), Epsilon Eridani System (50.6 ly away)"
Gliese GJ 3890,58.23,-19.96,-20.73,50.62,M:,3794,0.244,Red,0.0111,0.5,Metal-poor,Main Sequence (Red Dwarf),images/red_dwarf.jpg,FALSE,0,"Gliese 581 System (54.1 ly away), Barnard's Star System (55.1 ly away), Wolf 359 System (56.1 ly away)"
Gliese GJ 3017,58.24,50.44,3.45,-28.92,dM3.4,3691,0.056,White,0.0005,1.0,Solar metallicity,White Dwarf,images/sirius.jpg,FALSE,0,"Gliese 876 System (44.8 ly away), Tau Ceti System (47.7 ly away), Epsilon Eridani System (52.2 ly away)"
Gliese GJ 3120,58.24,47.95,25.33,21.25,M4,3100,0.096,Red,0.0008,0.5,Metal-poor,Main Sequence (Red Dwarf),images/red_dwarf.jpg,FALSE,0,"Tau Ceti System (49.3 ly away), Epsilon Eridani System (50.6 ly away), Gliese 876 System (51.4 ly away)"
Gliese GJ 3141,58.24,22.04,14.22,-52.0,m,3100,0.205,Red,0.0035,0.5,Metal-poor,Main Sequence (Red Dwarf),images/red_dwarf.jpg,FALSE,0,"Tau Ceti System (51.0 ly away), Gliese 876 System (52.2 ly away), Epsilon Eridani System (53.1 ly away)"
Gliese GJ 3582,58.24,-49.05,27.55,15.06,m,3516,0.064,Red,0.0006,0.5,Metal-poor,Main Sequence (Red Dwarf),images/red_dwarf.jpg,FALSE,0,"55 Cancri System (25.2 ly away), Ross 128 System (50.3 ly away), Wolf 359 System (50.8 ly away)"
Gliese GJ 1136B,58.24,-44.05,15.63,-34.75,G2V,3764,0.182,Yellow,0.006,1.0,Solar metallicity,Main Sequence,images/sun.jpg,FALSE,0,"Wolf 359 System (52.9 ly away), Gliese 581 System (54.3 ly away), Proxima Centauri System (55.4 ly away)"
Gliese GJ 3634,58.24,-48.07,13.2,-30.12,m,3100,0.236,Red,0.0046,0.5,Metal-poor,Main Sequence (Red Dwarf),images/red_dwarf.jpg,TRUE,1,"Wolf 359 System (52.3 ly away), Gliese 581 System (52.9 ly away), Proxima Centauri System (55.5 ly away)"
Gliese GJ 3696,58.24,-42.89,0.32,39.4,m,3100,0.088,Red,0.0006,0.5,Metal-poor,Main Sequence (Red Dwarf),images/red_dwarf.jpg,FALSE,0,"55 Cancri System (37.6 ly away), Wolf 359 System (52.3 ly away), Gliese 581 System (54.0 ly away)"
Gliese GJ 1168,58.24,-51.91,-17.14,20.1,dM,3677,0.102,White,0.0017,1.0,Solar metallicity,White Dwarf,images/sirius.jpg,FALSE,0,"Gliese 581 System (45.2 ly away), 55 Cancri System (51.1 ly away), Wolf 359 System (52.1 ly away)"
Gliese GJ 3791,58.24,-47.82,-20.89,-25.87,m,3100,0.092,Red,0.0007,0.5,Metal-poor,Main Sequence (Red Dwarf),images/red_dwarf.jpg,FALSE,0,"Gliese 581 System (42.2 ly away), Gliese 667 System (46.4 ly away), Wolf 359 System (53.7 ly away)"
Gliese GJ 3918,58.24,-31.25,-49.14,0.97,m,3100,0.187,Red,0.0029,0.5,Metal-poor,Main Sequence (Red Dwarf),images/red_dwarf.jpg,FALSE,0,"Gliese 581 System (38.6 ly away), Gliese 667 System (43.9 ly away), Barnard's Star System (53.4 ly away)"
Gliese GJ 3961,58.24,-12.56,-32.2,-46.87,m,3100,0.23,Red,0.0044,0.5,Metal-poor,Main Sequence (Red Dwarf),images/red_dwarf.jpg,FALSE,0,"Gliese 667 System (37.7 ly away), Gliese 581 System (47.3 ly away), Proxima Centauri System (54.1 ly away)"
Gliese GJ 2133,58.24,-1.23,-47.89,-33.13,k,3594,0.085,Orange,0.0011,1.0,Solar metallicity,Main Sequence,images/orange_dwarf.jpg,FALSE,0,"Gliese 667 System (35.8 ly away), Gliese 581 System (46.0 ly away), Barnard's Star System (54.5 ly away)"
Gliese GJ 4296,58.24,39.45,-12.91,40.86,F8,6500,0.158,Yellow-White,0.0401,1.0,Solar metallicity,Main Sequence,images/sun.jpg,FALSE,0,"Gliese 876 System (52.0 ly away), Tau Ceti System (55.9 ly away), Barnard's Star System (56.3 ly away)"
Gliese GJ 4378A,58.24,56.75,-0.66,-13.08,M4,3100,0.15,Red,0.0019,0.5,Metal-poor,Main Sequence (Red Dwarf),images/red_dwarf.jpg,FALSE,0,"Gliese 876 System (43.7 ly away), Tau Ceti System (47.8 ly away), Epsilon Eridani System (52.6 ly away)"
Gliese GJ 4379B,58.24,56.75,-0.66,-13.08,M4,3100,0.147,Red,0.0018,0.5,Metal-poor,Main Sequence (Red Dwarf),images/red_dwarf.jpg,FALSE,0,"Gliese 876 System (43.7 ly away), Tau Ceti System (47.8 ly away), Epsilon Eridani System (52.6 ly away)"
Gliese GJ 3098,58.26,49.72,21.22,-21.74,G2V,3806,0.225,Yellow,0.0095,1.0,Solar metallicity,Main Sequence,images/sun.jpg,FALSE,0,"Tau Ceti System (46.5 ly away), Gliese 876 System (47.3 ly away), Epsilon Eridani System (49.6 ly away)"
2Eta CrB,58.26,-31.8,-38.99,29.38,G2V,6059,1.523,Yellow,2.8054,1.0,Solar metallicity,Main Sequence,images/sun.jpg,FALSE,0,"Gliese 581 System (44.1 ly away), Barnard's Star System (53.7 ly away), Gliese 667 System (55.1 ly away)"
Gliese Gl 240.1,58.29,-2.12,10.34,57.33,F8V,6278,1.154,Yellow-White,1.8552,1.0,Solar metallicity,Main Sequence,images/sun.jpg,FALSE,0,"55 Cancri System (46.8 ly away), Ross 128 System (53.9 ly away), Wolf 359 System (57.2 ly away)"
Gliese GJ 2037,58.34,14.19,49.23,-27.89,K3/K4V,4576,0.63,Orange,0.156,1.0,Solar metallicity,Main Sequence,images/orange_dwarf.jpg,FALSE,0,"Epsilon Eridani System (49.2 ly away), Tau Ceti System (50.8 ly away), Ross 128 System (53.3 ly away)"
Gliese Gl 836.7,58.34,46.84,-31.44,14.87,G0V,6019,0.989,Yellow,1.1513,1.0,Solar metallicity,Main Sequence,images/sun.jpg,FALSE,0,"Gliese 876 System (46.4 ly away), Tau Ceti System (54.7 ly away), Barnard's Star System (55.2 ly away)"
Gam CrA,58.36,13.3,-44.62,-35.17,F8 V,6500,1.319,Yellow-White,2.7874,1.0,Solar metallicity,Main Sequence,images/sun.jpg,FALSE,0,"Gliese 667 System (38.2 ly away), Gliese 581 System (51.0 ly away), Gliese 876 System (51.2 ly away)"
Gliese GJ 4205,58.39,29.27,-21.5,45.72,M:,3392,0.192,Red,0.0044,0.5,Metal-poor,Main Sequence (Red Dwarf),images/red_dwarf.jpg,FALSE,0,"Gliese 876 System (54.5 ly away), Barnard's Star System (55.4 ly away), Solar System (Earth/Sun) (58.4 ly away)"
Hipparcos 31156,58.4,-7.81,55.06,17.83,G8,6875,0.49,Yellow,0.4808,1.0,Solar metallicity,Main Sequence,images/sun.jpg,FALSE,0,"55 Cancri System (33.5 ly away), Ross 128 System (47.6 ly away), Epsilon Eridani System (52.6 ly away)"
Gliese Gl 397.1A,58.42,-29.39,11.92,49.06,M0,4015,0.411,Red,0.0393,0.5,Metal-poor,Main Sequence (Red Dwarf),images/red_dwarf.jpg,FALSE,0,"55 Cancri System (33.4 ly away), Ross 128 System (52.5 ly away), Wolf 359 System (53.8 ly away)"
Zosma,58.43,-53.63,10.88,20.49,A4V,8766,2.234,White,26.4484,1.4,Metal-rich,Main Sequence,images/sirius.jpg,FALSE,0,"55 Cancri System (33.0 ly away), Wolf 359 System (50.9 ly away), Ross 128 System (53.0 ly away)"
Gliese GJ 1144,58.43,-55.5,10.69,-14.82,K7V,3949,0.361,Orange,0.0285,1.0,Solar metallicity,Main Sequence,images/orange_dwarf.jpg,FALSE,0,"55 Cancri System (48.6 ly away), Wolf 359 System (51.3 ly away), Gliese 581 System (51.3 ly away)"
Gliese Gl 787,58.43,23.04,-33.03,-42.33,K5V,4375,0.523,Orange,0.09,1.0,Solar metallicity,Main Sequence,images/orange_dwarf.jpg,FALSE,0,"Gliese 667 System (42.1 ly away), Gliese 876 System (48.9 ly away), Proxima Centauri System (55.6 ly away)"
Hipparcos 66125,58.47,-11.55,-4.98,-57.1,G,4959,0.312,Yellow,0.0529,1.0,Solar metallicity,Main Sequence,images/sun.jpg,FALSE,0,"Gliese 667 System (46.8 ly away), Proxima Centauri System (54.5 ly away), Gliese 581 System (55.4 ly away)"
Gliese Gl 292A,58.52,-22.64,42.46,-33.32,F3/F5V,6528,1.306,Yellow-White,2.7797,1.0,Solar metallicity,Main Sequence,images/sun.jpg,FALSE,0,"Ross 128 System (52.7 ly away), Epsilon Eridani System (54.7 ly away), 55 Cancri System (55.0 ly away)"
Gliese Gl 800A,58.53,36.14,-41.96,-18.98,M1:,3870,0.258,Red,0.0134,0.5,Metal-poor,Main Sequence (Red Dwarf),images/red_dwarf.jpg,FALSE,0,"Gliese 876 System (46.2 ly away), Gliese 667 System (46.4 ly away), Barnard's Star System (55.1 ly away)"
Gliese Gl 230,58.55,-3.31,57.45,10.8,G8V,5731,0.881,Yellow,0.7516,1.0,Solar metallicity,Main Sequence,images/sun.jpg,FALSE,0,"55 Cancri System (38.8 ly away), Ross 128 System (48.1 ly away), Epsilon Eridani System (51.6 ly away)"
Gliese Gl 649.1B,58.55,-10.62,-38.21,43.07,G2V,3839,0.219,Yellow,0.0094,1.0,Solar metallicity,Main Sequence,images/sun.jpg,FALSE,0,"Gliese 581 System (51.2 ly away), Barnard's Star System (53.8 ly away), Wolf 359 System (58.4 ly away)"
Gliese Gl 429B,58.57,-57.87,8.45,3.07,K2V,4738,0.76,Orange,0.2609,1.0,Solar metallicity,Main Sequence,images/orange_dwarf.jpg,FALSE,0,"55 Cancri System (41.1 ly away), Wolf 359 System (50.9 ly away), Gliese 581 System (51.2 ly away)"
Gliese Gl 339A,58.58,-43.89,38.53,4.54,K0,4660,0.675,Orange,0.1927,1.0,Solar metallicity,Main Sequence,images/orange_dwarf.jpg,FALSE,0,"55 Cancri System (27.6 ly away), Ross 128 System (49.6 ly away), Wolf 359 System (51.6 ly away)"
Gliese Gl 171.2A,58.6,18.52,48.75,26.72,K2,4506,0.661,Orange,0.1617,1.0,Solar metallicity,Main Sequence,images/orange_dwarf.jpg,FALSE,0,"55 Cancri System (49.1 ly away), Ross 128 System (50.3 ly away), Epsilon Eridani System (51.0 ly away)"
Gliese Gl 825.4A,58.61,40.2,-33.8,-26.02,G5V,5478,0.91,Yellow,0.6687,1.0,Solar metallicity,Main Sequence,images/sun.jpg,FALSE,0,"Gliese 876 System (45.2 ly away), Gliese 667 System (48.0 ly away), Tau Ceti System (54.0 ly away)"
Gliese GJ 1009,58.64,49.82,4.78,-30.56,M2V:,3816,0.225,Red,0.0097,0.5,Metal-poor,Main Sequence (Red Dwarf),images/red_dwarf.jpg,FALSE,0,"Gliese 876 System (45.5 ly away), Tau Ceti System (48.0 ly away), Epsilon Eridani System (52.4 ly away)"
Sheratan,58.66,48.12,26.3,20.84,A5V...,8444,2.331,White,24.7742,1.4,Metal-rich,Main Sequence,images/sirius.jpg,FALSE,0,"Tau Ceti System (49.7 ly away), Epsilon Eridani System (50.9 ly away), Gliese 876 System (51.9 ly away)"
70 Vir,58.66,-52.78,-21.44,13.97,G5V,5554,1.842,Yellow,2.8973,1.0,Solar metallicity,Main Sequence,images/sun.jpg,TRUE,1,"Gliese 581 System (43.6 ly away), Wolf 359 System (52.7 ly away), 55 Cancri System (55.5 ly away)"
Gliese GJ 1241,58.66,21.37,-47.33,27.29,DAV5,8403,0.02,White,0.0018,1.0,Solar metallicity,White Dwarf,images/sirius.jpg,FALSE,0,"Barnard's Star System (53.4 ly away), Gliese 876 System (53.6 ly away), Gliese 667 System (55.5 ly away)"
Alzirr,58.7,-11.23,56.11,13.1,F5IV,6659,2.704,Yellow-White,12.8944,1.4,Metal-rich,Subgiant,images/sun.jpg,FALSE,0,"55 Cancri System (33.5 ly away), Ross 128 System (47.8 ly away), Epsilon Eridani System (53.0 ly away)"
Hipparcos 25283,58.71,7.04,45.1,-36.93,K2,4217,0.482,Orange,0.0659,1.0,Solar metallicity,Main Sequence,images/orange_dwarf.jpg,FALSE,0,"Epsilon Eridani System (50.9 ly away), Tau Ceti System (52.4 ly away), Ross 128 System (54.6 ly away)"
Iot Cen,58.78,-44.24,-16.23,-35.14,A2V,9349,1.811,White,22.4698,1.4,Metal-rich,Main Sequence,images/sirius.jpg,FALSE,0,"Gliese 581 System (45.1 ly away), Gliese 667 System (46.6 ly away), Wolf 359 System (54.7 ly away)"
Hipparcos 92059,58.78,9.64,-47.57,-33.15,Fp,6500,0.031,Yellow-White,0.0015,1.0,Solar metallicity,Main Sequence,images/sun.jpg,FALSE,0,"Gliese 667 System (37.8 ly away), Gliese 581 System (49.7 ly away), Gliese 876 System (52.5 ly away)"
Gliese Gl 292B,58.79,-22.74,42.65,-33.47,K3,4500,0.528,Orange,0.1027,1.0,Solar metallicity,Main Sequence,images/orange_dwarf.jpg,FALSE,0,"Ross 128 System (53.0 ly away), Epsilon Eridani System (55.0 ly away), 55 Cancri System (55.2 ly away)"
Menkent,58.82,-40.31,-24.87,-34.88,K0IIIb,4716,9.782,Orange,42.462,1.4,Metal-rich,Red Giant,images/orange_dwarf.jpg,FALSE,0,"Gliese 581 System (43.3 ly away), Gliese 667 System (43.5 ly away), Proxima Centauri System (55.0 ly away)"
Gliese Gl 542.1A,58.82,-43.5,-30.18,-25.61,F7Vw,6308,0.946,Yellow-White,1.2706,1.0,Solar metallicity,Main Sequence,images/sun.jpg,FALSE,0,"Gliese 581 System (40.9 ly away), Gliese 667 System (43.7 ly away), Wolf 359 System (55.2 ly away)"
Gliese Gl 271B,58.82,-18.68,51.24,22.02,K3 V,4500,0.636,Orange,0.1486,1.0,Solar metallicity,Main Sequence,images/orange_dwarf.jpg,FALSE,0,"55 Cancri System (26.2 ly away), Ross 128 System (47.8 ly away), Wolf 359 System (54.6 ly away)"
62Rho Gem,58.86,-18.97,46.3,31.0,F0V...,7337,1.538,Yellow-White,6.1489,1.0,Solar metallicity,Main Sequence,images/sun.jpg,FALSE,0,"55 Cancri System (24.2 ly away), Ross 128 System (48.2 ly away), Wolf 359 System (54.7 ly away)"
Gliese Gl 84.2A,58.98,35.36,21.87,41.85,dM0,3809,0.341,White,0.022,1.0,Solar metallicity,White Dwarf,images/sirius.jpg,FALSE,0,"Epsilon Eridani System (54.2 ly away), Tau Ceti System (54.3 ly away), Ross 128 System (55.9 ly away)"
Gliese Gl 84.2B,58.98,35.35,21.87,41.84,G2V,5700,0.025,Yellow,0.0006,1.0,Solar metallicity,Main Sequence,images/sun.jpg,FALSE,0,"Epsilon Eridani System (54.1 ly away), Tau Ceti System (54.3 ly away), Ross 128 System (55.9 ly away)"
Gliese Gl 490B,59.01,-46.69,-12.0,34.03,dM4  e,3594,0.1,White,0.0015,1.0,Solar metallicity,White Dwarf,images/sirius.jpg,TRUE,1,"55 Cancri System (46.5 ly away), Gliese 581 System (50.0 ly away), Wolf 359 System (53.2 ly away)"
Gliese Gl 315,59.16,-37.23,44.43,11.82,K1V,5186,0.632,Orange,0.2589,1.0,Solar metallicity,Main Sequence,images/orange_dwarf.jpg,FALSE,0,"55 Cancri System (23.8 ly away), Ross 128 System (49.0 ly away), Wolf 359 System (52.9 ly away)"
Gliese GJ 3398,59.19,-9.1,57.26,11.92,k-m,3581,0.063,Orange,0.0006,1.0,Solar metallicity,Main Sequence,images/orange_dwarf.jpg,FALSE,0,"55 Cancri System (35.6 ly away), Ross 128 System (48.4 ly away), Epsilon Eridani System (53.1 ly away)"
Hipparcos 117226,59.24,29.15,-1.77,51.54,G2V,3061,0.678,Yellow,0.0362,1.0,Solar metallicity,Main Sequence,images/sun.jpg,FALSE,0,"Gliese 876 System (57.3 ly away), Barnard's Star System (58.2 ly away), Tau Ceti System (58.4 ly away)"
Gliese Gl 564,59.27,-39.9,-36.65,24.02,G2V,6063,1.037,Yellow,1.3026,1.0,Solar metallicity,Main Sequence,images/sun.jpg,FALSE,0,"Gliese 581 System (43.5 ly away), Barnard's Star System (55.2 ly away), Gliese 667 System (55.2 ly away)"
Gliese Gl 708.2,59.29,4.02,-57.41,14.26,M0,3944,0.335,Red,0.0244,0.5,Metal-poor,Main Sequence (Red Dwarf),images/red_dwarf.jpg,FALSE,0,"Gliese 667 System (48.2 ly away), Gliese 581 System (48.4 ly away), Barnard's Star System (53.4 ly away)"
Gliese GJ 3051,59.3,56.79,11.12,12.95,m,3809,0.108,Red,0.0022,0.5,Metal-poor,Main Sequence (Red Dwarf),images/red_dwarf.jpg,FALSE,0,"Gliese 876 System (48.3 ly away), Tau Ceti System (49.6 ly away), Epsilon Eridani System (52.8 ly away)"
Gliese GJ 2030B,59.3,37.12,45.55,-8.04,G2V,5700,0.06,Yellow,0.0035,1.0,Solar metallicity,Main Sequence,images/sun.jpg,FALSE,0,"Epsilon Eridani System (48.8 ly away), Tau Ceti System (48.8 ly away), Gliese 876 System (55.0 ly away)"
Gliese GJ 3227,59.3,32.53,41.94,26.45,m,3100,0.123,Red,0.0013,0.5,Metal-poor,Main Sequence (Red Dwarf),images/red_dwarf.jpg,FALSE,0,"Epsilon Eridani System (51.2 ly away), Tau Ceti System (52.4 ly away), Ross 128 System (53.4 ly away)"
Gliese GJ 3293,59.3,20.84,49.46,-25.22,M2.5,3100,0.235,Red,0.0046,0.5,Metal-poor,Main Sequence (Red Dwarf),images/red_dwarf.jpg,TRUE,4,"Epsilon Eridani System (49.6 ly away), Tau Ceti System (50.7 ly away), Ross 128 System (54.5 ly away)"
Gliese GJ 3307,59.3,20.1,55.74,2.31,M0,3839,0.217,Red,0.0092,0.5,Metal-poor,Main Sequence (Red Dwarf),images/red_dwarf.jpg,FALSE,0,"Epsilon Eridani System (49.6 ly away), Ross 128 System (51.5 ly away), Tau Ceti System (52.0 ly away)"
Gliese GJ 3388,59.3,-2.25,36.71,46.52,m,3100,0.158,Red,0.0021,0.5,Metal-poor,Main Sequence (Red Dwarf),images/red_dwarf.jpg,FALSE,0,"55 Cancri System (36.8 ly away), Ross 128 System (50.8 ly away), Epsilon Eridani System (56.6 ly away)"
Gliese GJ 3444,59.3,-12.31,28.99,50.25,M6  :,3100,0.025,Red,0.0001,0.5,Metal-poor,Main Sequence (Red Dwarf),images/red_dwarf.jpg,FALSE,0,"55 Cancri System (33.5 ly away), Ross 128 System (51.3 ly away), Wolf 359 System (56.4 ly away)"
Gliese GJ 1098,59.3,-10.26,23.72,53.37,DC9,4970,0.012,White,0.0001,1.0,Solar metallicity,White Dwarf,images/sirius.jpg,FALSE,0,"55 Cancri System (37.1 ly away), Ross 128 System (52.3 ly away), Wolf 359 System (56.8 ly away)"
Gliese GJ 3485,59.3,-31.98,49.77,4.11,m,3100,0.117,Red,0.0011,0.5,Metal-poor,Main Sequence (Red Dwarf),images/red_dwarf.jpg,FALSE,0,"55 Cancri System (29.3 ly away), Ross 128 System (49.0 ly away), Wolf 359 System (53.7 ly away)"
Gliese GJ 1120B,59.3,-40.68,40.22,15.61,K5,4500,0.354,Orange,0.046,1.0,Solar metallicity,Main Sequence,images/orange_dwarf.jpg,FALSE,0,"55 Cancri System (22.1 ly away), Ross 128 System (49.6 ly away), Wolf 359 System (52.6 ly away)"
Gliese GJ 3590,59.3,-45.4,22.36,30.91,m,3100,0.112,Red,0.001,0.5,Metal-poor,Main Sequence (Red Dwarf),images/red_dwarf.jpg,FALSE,0,"55 Cancri System (24.5 ly away), Ross 128 System (51.7 ly away), Wolf 359 System (52.4 ly away)"
Gliese GJ 3605,59.3,-54.64,23.04,-0.0,DA,12000,0.01,White,0.0008,1.0,Solar metallicity,White Dwarf,images/sirius.jpg,FALSE,0,"55 Cancri System (36.0 ly away), Wolf 359 System (51.6 ly away), Ross 128 System (53.0 ly away)"
Gliese GJ 4068,59.3,1.59,-10.08,58.42,M4  e,3490,0.106,Red,0.0015,0.5,Metal-poor,Main Sequence (Red Dwarf),images/red_dwarf.jpg,FALSE,0,"Barnard's Star System (57.2 ly away), Ross 128 System (58.7 ly away), 55 Cancri System (59.2 ly away)"
Gliese GJ 4099,59.3,13.69,-43.87,37.48,M0,3749,0.218,Red,0.0085,0.5,Metal-poor,Main Sequence (Red Dwarf),images/red_dwarf.jpg,FALSE,0,"Barnard's Star System (54.2 ly away), Gliese 581 System (56.0 ly away), Gliese 876 System (57.2 ly away)"
Gliese GJ 4135,59.3,18.63,-30.47,47.34,m,3100,0.138,Red,0.0016,0.5,Metal-poor,Main Sequence (Red Dwarf),images/red_dwarf.jpg,FALSE,0,"Barnard's Star System (55.4 ly away), Gliese 876 System (57.6 ly away), Solar System (Earth/Sun) (59.3 ly away)"
Gliese GJ 4165,59.3,31.67,-34.83,36.08,DA4,8658,0.02,White,0.0019,1.0,Solar metallicity,White Dwarf,images/sirius.jpg,FALSE,0,"Gliese 876 System (53.2 ly away), Barnard's Star System (55.3 ly away), Solar System (Earth/Sun) (59.3 ly away)"
Gliese GJ 4380,59.3,55.8,-0.55,20.06,m,3100,0.147,Red,0.0018,0.5,Metal-poor,Main Sequence (Red Dwarf),images/red_dwarf.jpg,FALSE,0,"Gliese 876 System (48.1 ly away), Tau Ceti System (51.4 ly away), Epsilon Eridani System (54.9 ly away)"
Gliese Gl 503A,59.36,-28.89,-9.7,-50.93,F7IV,6439,1.432,Yellow-White,3.1623,1.0,Solar metallicity,Subgiant,images/sun.jpg,FALSE,0,"Gliese 667 System (46.5 ly away), Gliese 581 System (51.1 ly away), Proxima Centauri System (55.2 ly away)"
Hipparcos 49699,59.38,-43.41,22.91,33.41,K0,4828,0.749,Orange,0.2731,1.0,Solar metallicity,Main Sequence,images/orange_dwarf.jpg,FALSE,0,"55 Cancri System (24.1 ly away), Ross 128 System (51.6 ly away), Wolf 359 System (52.7 ly away)"
Gliese GJ 1199,59.41,-26.38,-51.45,13.74,DA6,7938,0.01,White,0.0003,1.0,Solar metallicity,White Dwarf,images/sirius.jpg,FALSE,0,"Gliese 581 System (41.9 ly away), Gliese 667 System (48.4 ly away), Barnard's Star System (54.1 ly away)"
Gliese Gl 365,59.42,-36.15,24.51,40.29,K5V,4445,0.68,Orange,0.1619,1.0,Solar metallicity,Main Sequence,images/orange_dwarf.jpg,FALSE,0,"55 Cancri System (24.3 ly away), Ross 128 System (51.4 ly away), Wolf 359 System (53.6 ly away)"
Gliese Gl 18,59.44,52.65,5.63,-27.01,K2V,4892,0.618,Orange,0.1964,1.0,Solar metallicity,Main Sequence,images/orange_dwarf.jpg,FALSE,0,"Gliese 876 System (46.0 ly away), Tau Ceti System (48.6 ly away), Epsilon Eridani System (53.0 ly away)"
Gliese GJ 3973,59.45,-17.5,-54.48,-16.13,G2V,3842,0.255,Yellow,0.0128,1.0,Solar metallicity,Main Sequence,images/sun.jpg,FALSE,0,"Gliese 667 System (39.0 ly away), Gliese 581 System (41.6 ly away), Barnard's Star System (54.6 ly away)"
Eps Ret,59.48,13.25,27.32,-51.15,K2IV,4563,3.532,Orange,4.8529,1.0,Solar metallicity,Subgiant,images/orange_dwarf.jpg,FALSE,0,"Tau Ceti System (52.9 ly away), Epsilon Eridani System (53.4 ly away), Gliese 876 System (56.9 ly away)"
Gliese GJ 3221,59.52,36.8,45.19,12.06,m,3705,0.151,Red,0.0039,0.5,Metal-poor,Main Sequence (Red Dwarf),images/red_dwarf.jpg,FALSE,0,"Epsilon Eridani System (49.9 ly away), Tau Ceti System (50.5 ly away), Ross 128 System (54.2 ly away)"
Gliese Gl 634,59.52,-14.39,-40.33,-41.33,M3,3720,0.199,Red,0.0068,0.5,Metal-poor,Main Sequence (Red Dwarf),images/red_dwarf.jpg,FALSE,0,"Gliese 667 System (37.5 ly away), Gliese 581 System (46.0 ly away), Proxima Centauri System (55.6 ly away)"
Gliese Gl 94,59.52,48.75,33.92,3.89,M3.5,3839,0.119,Red,0.0028,0.5,Metal-poor,Main Sequence (Red Dwarf),images/red_dwarf.jpg,FALSE,0,"Tau Ceti System (48.6 ly away), Epsilon Eridani System (50.0 ly away), Gliese 876 System (52.1 ly away)"
Hipparcos 82834,59.54,-13.98,-48.48,-31.61,K4/K5V,3987,0.434,Orange,0.0427,1.0,Solar metallicity,Main Sequence,images/orange_dwarf.jpg,FALSE,0,"Gliese 667 System (37.0 ly away), Gliese 581 System (44.0 ly away), Barnard's Star System (55.8 ly away)"
18Chi Cnc,59.59,-30.41,43.4,27.26,F6V,6448,1.29,Yellow-White,2.5799,1.0,Solar metallicity,Main Sequence,images/sun.jpg,FALSE,0,"55 Cancri System (20.3 ly away), Ross 128 System (49.2 ly away), Wolf 359 System (54.1 ly away)"
107Mu Vir,59.59,-44.92,-38.72,-5.88,F2III,6961,1.977,Yellow-White,8.2338,1.0,Solar metallicity,Red Giant,images/sun.jpg,FALSE,0,"Gliese 581 System (39.7 ly away), Gliese 667 System (46.9 ly away), Wolf 359 System (55.8 ly away)"
Gliese Gl 622,59.59,-22.22,-50.62,-22.26,K5,3880,0.315,Orange,0.0201,1.0,Solar metallicity,Main Sequence,images/orange_dwarf.jpg,FALSE,0,"Gliese 667 System (38.5 ly away), Gliese 581 System (41.4 ly away), Barnard's Star System (55.3 ly away)"
15Tau PsA,59.62,44.59,-23.18,-32.07,F6V,6439,1.412,Yellow-White,3.0761,1.0,Solar metallicity,Main Sequence,images/sun.jpg,FALSE,0,"Gliese 876 System (45.6 ly away), Gliese 667 System (51.8 ly away), Tau Ceti System (52.9 ly away)"
Gliese Gl 418,59.63,-58.21,12.05,4.66,K5V,4350,0.548,Orange,0.0964,1.0,Solar metallicity,Main Sequence,images/orange_dwarf.jpg,FALSE,0,"55 Cancri System (39.4 ly away), Wolf 359 System (51.9 ly away), Gliese 581 System (53.4 ly away)"
8Eta Crv,59.63,-56.7,-7.99,-16.63,F2V,6945,1.63,Yellow-White,5.5463,1.0,Solar metallicity,Main Sequence,images/sun.jpg,FALSE,0,"Gliese 581 System (46.5 ly away), Wolf 359 System (53.3 ly away), Gliese 667 System (54.5 ly away)"
Gliese Gl 476,59.64,-58.08,-8.94,10.18,M4,3904,0.196,Red,0.008,0.5,Metal-poor,Main Sequence (Red Dwarf),images/red_dwarf.jpg,FALSE,0,"Gliese 581 System (47.4 ly away), 55 Cancri System (49.4 ly away), Wolf 359 System (52.6 ly away)"
Hipparcos 110719,59.64,14.14,-6.15,-57.61,G2V,4472,0.384,Yellow,0.053,1.0,Solar metallicity,Main Sequence,images/sun.jpg,FALSE,0,"Gliese 667 System (49.4 ly away), Gliese 876 System (53.9 ly away), Tau Ceti System (55.6 ly away)"
Gliese Gl 158,59.65,23.75,42.51,34.44,K1V...,5098,0.435,Orange,0.1149,1.0,Solar metallicity,Main Sequence,images/orange_dwarf.jpg,FALSE,0,"Ross 128 System (52.5 ly away), Epsilon Eridani System (52.8 ly away), 55 Cancri System (53.1 ly away)"
Gliese Gl 649.1A,59.7,-10.83,-38.96,43.92,K0,4791,0.697,Orange,0.2297,1.0,Solar metallicity,Main Sequence,images/orange_dwarf.jpg,FALSE,0,"Gliese 581 System (52.3 ly away), Barnard's Star System (54.9 ly away), Wolf 359 System (59.5 ly away)"
Pi Men,59.74,0.98,9.84,-58.91,G3IV,5968,1.188,Yellow,1.6055,1.0,Solar metallicity,Subgiant,images/sun.jpg,FALSE,0,"Gliese 667 System (54.0 ly away), Proxima Centauri System (56.5 ly away), Tau Ceti System (56.6 ly away)"
Gliese GJ 3410,59.74,-12.25,58.41,2.63,DA8,7337,0.01,White,0.0002,1.0,Solar metallicity,White Dwarf,images/sirius.jpg,TRUE,1,"55 Cancri System (38.4 ly away), Ross 128 System (49.3 ly away), Epsilon Eridani System (53.6 ly away)"
Gliese Gl 260,59.77,-7.42,27.69,-52.44,K0IV-V,5323,0.875,Orange,0.5521,1.0,Solar metallicity,Subgiant,images/orange_dwarf.jpg,FALSE,0,"Epsilon Eridani System (56.0 ly away), Tau Ceti System (57.0 ly away), Proxima Centauri System (57.2 ly away)"
Hipparcos 84616,59.77,-6.66,-35.81,47.38,K2,4698,0.671,Orange,0.1968,1.0,Solar metallicity,Main Sequence,images/orange_dwarf.jpg,FALSE,0,"Gliese 581 System (54.5 ly away), Barnard's Star System (55.3 ly away), Solar System (Earth/Sun) (59.8 ly away)"
Gliese Gl 463,59.8,-26.05,-2.62,53.76,M4,3635,0.204,Red,0.0065,0.5,Metal-poor,Main Sequence (Red Dwarf),images/red_dwarf.jpg,FALSE,0,"55 Cancri System (44.9 ly away), Wolf 359 System (56.2 ly away), Ross 128 System (56.6 ly away)"
13The Cyg,59.8,15.63,-34.92,45.96,F4V,6907,1.514,Yellow-White,4.6817,1.0,Solar metallicity,Main Sequence,images/sun.jpg,FALSE,0,"Barnard's Star System (55.5 ly away), Gliese 876 System (58.4 ly away), Gliese 581 System (59.7 ly away)"
Gliese GJ 1114,59.81,-38.72,41.62,18.61,G2V,3822,0.192,Yellow,0.0071,1.0,Solar metallicity,Main Sequence,images/sun.jpg,FALSE,0,"55 Cancri System (21.4 ly away), Ross 128 System (49.8 ly away), Wolf 359 System (53.4 ly away)"
Gliese GJ 3768,59.85,-4.94,-1.53,59.62,DC9,5342,0.013,White,0.0001,1.0,Solar metallicity,White Dwarf,images/sirius.jpg,FALSE,0,"55 Cancri System (52.6 ly away), Ross 128 System (57.4 ly away), Barnard's Star System (58.5 ly away)"
Gliese Gl 254,59.88,-12.68,49.87,30.62,M0,4019,0.41,Red,0.0394,0.5,Metal-poor,Main Sequence (Red Dwarf),images/red_dwarf.jpg,FALSE,0,"55 Cancri System (29.0 ly away), Ross 128 System (49.2 ly away), Epsilon Eridani System (56.0 ly away)"
Gliese Gl 368,59.91,-34.95,22.57,43.11,G2V,5894,1.588,Yellow,2.729,1.0,Solar metallicity,Main Sequence,images/sun.jpg,FALSE,0,"55 Cancri System (26.5 ly away), Ross 128 System (52.2 ly away), Wolf 359 System (54.3 ly away)"
Gliese Gl 830,60.03,46.5,-35.67,-13.0,K4/K5V,4192,0.492,Orange,0.067,1.0,Solar metallicity,Main Sequence,images/orange_dwarf.jpg,FALSE,0,"Gliese 876 System (46.0 ly away), Gliese 667 System (52.8 ly away), Tau Ceti System (55.3 ly away)"
Gliese GJ 1225,60.07,1.65,-21.91,55.9,m,3299,0.044,Red,0.0002,0.5,Metal-poor,Main Sequence (Red Dwarf),images/red_dwarf.jpg,FALSE,0,"Barnard's Star System (56.8 ly away), Solar System (Earth/Sun) (60.1 ly away), Wolf 359 System (60.7 ly away)"
Hipparcos 90945,60.13,5.05,-34.76,-48.81,K4Vp...,4483,0.57,Orange,0.1178,1.0,Solar metallicity,Main Sequence,images/orange_dwarf.jpg,FALSE,0,"Gliese 667 System (40.2 ly away), Gliese 581 System (53.1 ly away), Gliese 876 System (55.2 ly away)"
Gliese GJ 1094,60.15,-16.14,57.51,-7.12,K5V,4563,0.582,Orange,0.1317,1.0,Solar metallicity,Main Sequence,images/orange_dwarf.jpg,FALSE,0,"55 Cancri System (41.9 ly away), Ross 128 System (50.4 ly away), Epsilon Eridani System (54.3 ly away)"
Gliese GJ 4225,60.18,44.62,-28.91,28.18,m,3622,0.175,Red,0.0047,0.5,Metal-poor,Main Sequence (Red Dwarf),images/red_dwarf.jpg,TRUE,1,"Gliese 876 System (50.5 ly away), Barnard's Star System (57.0 ly away), Tau Ceti System (57.6 ly away)"
Gliese Gl 822B,60.28,44.54,-39.24,10.47,F7 V,6500,1.134,Yellow-White,2.0587,1.0,Solar metallicity,Main Sequence,images/sun.jpg,FALSE,0,"Gliese 876 System (48.5 ly away), Barnard's Star System (56.5 ly away), Gliese 667 System (57.3 ly away)"
Gliese Gl 543,60.29,-49.09,-34.11,-7.66,M3,3594,0.093,Red,0.0013,0.5,Metal-poor,Main Sequence (Red Dwarf),images/red_dwarf.jpg,FALSE,0,"Gliese 581 System (41.0 ly away), Gliese 667 System (48.7 ly away), Wolf 359 System (55.9 ly away)"
7Del Equ,60.3,44.56,-39.25,10.48,F5V+...,6260,1.876,Yellow-White,4.8484,1.0,Solar metallicity,Main Sequence,images/sun.jpg,FALSE,0,"Gliese 876 System (48.5 ly away), Barnard's Star System (56.6 ly away), Gliese 667 System (57.3 ly away)"
Gliese Gl 274B,60.33,-19.44,47.46,31.78,G2V,5700,0.056,Yellow,0.003,1.0,Solar metallicity,Main Sequence,images/sun.jpg,FALSE,0,"55 Cancri System (25.5 ly away), Ross 128 System (49.7 ly away), Wolf 359 System (56.1 ly away)"
Gliese GJ 1106,60.34,-24.61,43.59,-33.7,K5V,4438,0.502,Orange,0.0876,1.0,Solar metallicity,Main Sequence,images/orange_dwarf.jpg,FALSE,0,"Ross 128 System (54.4 ly away), 55 Cancri System (55.7 ly away), Wolf 359 System (56.7 ly away)"
Gliese Gl 38,60.38,30.93,7.07,51.37,M2,4012,0.264,Red,0.0162,0.5,Metal-poor,Main Sequence (Red Dwarf),images/red_dwarf.jpg,FALSE,0,"Tau Ceti System (58.4 ly away), Epsilon Eridani System (58.6 ly away), Gliese 876 System (58.7 ly away)"
Gliese Gl 293.2,60.38,-26.82,47.37,-26.11,K3V,4642,0.554,Orange,0.1279,1.0,Solar metallicity,Main Sequence,images/orange_dwarf.jpg,FALSE,0,"55 Cancri System (50.1 ly away), Ross 128 System (53.1 ly away), Wolf 359 System (56.2 ly away)"
Gliese GJ 1018,60.4,47.59,8.88,-36.11,m,3734,0.122,Red,0.0026,0.5,Metal-poor,Main Sequence (Red Dwarf),images/red_dwarf.jpg,FALSE,0,"Gliese 876 System (48.3 ly away), Tau Ceti System (49.8 ly away), Epsilon Eridani System (53.8 ly away)"
Gliese GJ 3056,60.4,54.22,11.31,-24.09,m,3100,0.079,Red,0.0005,0.5,Metal-poor,Main Sequence (Red Dwarf),images/red_dwarf.jpg,FALSE,0,"Gliese 876 System (47.5 ly away), Tau Ceti System (49.0 ly away), Epsilon Eridani System (53.1 ly away)"
Gliese GJ 3058,60.4,42.04,9.12,42.39,m,3100,0.147,Red,0.0018,0.5,Metal-poor,Main Sequence (Red Dwarf),images/red_dwarf.jpg,FALSE,0,"Gliese 876 System (55.5 ly away), Tau Ceti System (55.8 ly away), Epsilon Eridani System (56.8 ly away)"
Gliese GJ 1039,60.4,50.55,19.76,-26.49,DC7,6880,0.012,White,0.0003,1.0,Solar metallicity,White Dwarf,images/sirius.jpg,FALSE,0,"Tau Ceti System (48.8 ly away), Gliese 876 System (49.1 ly away), Epsilon Eridani System (52.1 ly away)"
Gliese GJ 3209,60.4,26.41,30.05,45.25,M1,3809,0.206,Red,0.008,0.5,Metal-poor,Main Sequence (Red Dwarf),images/red_dwarf.jpg,FALSE,0,"Ross 128 System (55.2 ly away), Epsilon Eridani System (55.6 ly away), Tau Ceti System (56.9 ly away)"
Gliese GJ 3242,60.4,31.35,44.61,25.98,M3.5,3100,0.173,Red,0.0025,0.5,Metal-poor,Main Sequence (Red Dwarf),images/red_dwarf.jpg,FALSE,0,"Epsilon Eridani System (52.1 ly away), Tau Ceti System (53.5 ly away), Ross 128 System (54.0 ly away)"
Gliese GJ 3271,60.4,6.43,14.09,58.38,M3,3779,0.149,Red,0.0041,0.5,Metal-poor,Main Sequence (Red Dwarf),images/red_dwarf.jpg,FALSE,0,"55 Cancri System (51.2 ly away), Ross 128 System (56.0 ly away), Wolf 359 System (60.3 ly away)"
Gliese GJ 3327,60.4,13.99,57.4,-12.56,M4  e,3100,0.153,Red,0.0019,0.5,Metal-poor,Main Sequence (Red Dwarf),images/red_dwarf.jpg,FALSE,0,"Epsilon Eridani System (50.9 ly away), Ross 128 System (53.0 ly away), Tau Ceti System (53.3 ly away)"
Gliese GJ 3479,60.4,-25.43,41.17,36.15,m,3100,0.154,Red,0.002,0.5,Metal-poor,Main Sequence (Red Dwarf),images/red_dwarf.jpg,FALSE,0,"55 Cancri System (23.0 ly away), Ross 128 System (50.3 ly away), Wolf 359 System (55.6 ly away)"
Gliese GJ 3530,60.4,-43.59,41.7,2.99,m,3100,0.286,Red,0.0068,0.5,Metal-poor,Main Sequence (Red Dwarf),images/red_dwarf.jpg,FALSE,0,"55 Cancri System (29.8 ly away), Ross 128 System (51.2 ly away), Wolf 359 System (53.6 ly away)"
Gliese GJ 3558,60.4,-36.91,28.32,38.52,m,3100,0.225,Red,0.0042,0.5,Metal-poor,Main Sequence (Red Dwarf),images/red_dwarf.jpg,FALSE,0,"55 Cancri System (23.3 ly away), Ross 128 System (51.9 ly away), Wolf 359 System (54.5 ly away)"
Gliese GJ 3568,60.4,-49.31,32.15,13.53,m,3100,0.127,Red,0.0013,0.5,Metal-poor,Main Sequence (Red Dwarf),images/red_dwarf.jpg,FALSE,0,"55 Cancri System (26.5 ly away), Ross 128 System (52.0 ly away), Wolf 359 System (53.0 ly away)"
Gliese GJ 1146,60.4,-59.21,10.0,6.46,k-m,3594,0.086,Orange,0.0011,1.0,Solar metallicity,Main Sequence,images/orange_dwarf.jpg,FALSE,0,"55 Cancri System (40.4 ly away), Wolf 359 System (52.6 ly away), Gliese 581 System (53.5 ly away)"
Gliese GJ 3691,60.4,-54.94,1.69,25.03,m,3100,0.072,Red,0.0004,0.5,Metal-poor,Main Sequence (Red Dwarf),images/red_dwarf.jpg,FALSE,0,"55 Cancri System (39.5 ly away), Gliese 581 System (53.1 ly away), Wolf 359 System (53.2 ly away)"
Gliese GJ 1163,60.4,-53.71,-10.34,25.63,dM4,3608,0.113,White,0.002,1.0,Solar metallicity,White Dwarf,images/sirius.jpg,FALSE,0,"55 Cancri System (47.1 ly away), Gliese 581 System (49.9 ly away), Wolf 359 System (53.9 ly away)"
Gliese GJ 3750,60.4,-31.0,-6.63,51.41,DC8 :,12000,0.01,White,0.0002,1.0,Solar metallicity,White Dwarf,images/sirius.jpg,FALSE,0,"55 Cancri System (46.3 ly away), Wolf 359 System (56.4 ly away), Gliese 581 System (57.7 ly away)"
Gliese GJ 3891,60.4,-23.82,-25.06,49.52,m,3100,0.128,Red,0.0014,0.5,Metal-poor,Main Sequence (Red Dwarf),images/red_dwarf.jpg,FALSE,0,"Gliese 581 System (54.2 ly away), Barnard's Star System (57.0 ly away), Wolf 359 System (58.0 ly away)"
Gliese GJ 4022,60.4,-3.43,-45.43,-39.65,M3,3100,0.186,Red,0.0029,0.5,Metal-poor,Main Sequence (Red Dwarf),images/red_dwarf.jpg,FALSE,0,"Gliese 667 System (38.0 ly away), Gliese 581 System (48.6 ly away), Proxima Centauri System (56.8 ly away)"
Gliese GJ 4134,60.4,18.09,-30.08,49.15,dK0,4892,0.689,White,0.2439,1.0,Solar metallicity,White Dwarf,images/sirius.jpg,FALSE,0,"Barnard's Star System (56.5 ly away), Gliese 876 System (59.0 ly away), Solar System (Earth/Sun) (60.4 ly away)"
Gliese GJ 4358,60.4,29.46,-2.56,52.67,M2,3691,0.221,Red,0.0082,0.5,Metal-poor,Main Sequence (Red Dwarf),images/red_dwarf.jpg,FALSE,0,"Gliese 876 System (58.5 ly away), Barnard's Star System (59.2 ly away), Tau Ceti System (59.6 ly away)"
Gliese GJ 4370,60.4,59.91,-2.16,7.33,m,3100,0.171,Red,0.0024,0.5,Metal-poor,Main Sequence (Red Dwarf),images/red_dwarf.jpg,FALSE,0,"Gliese 876 System (47.1 ly away), Tau Ceti System (51.2 ly away), Epsilon Eridani System (55.5 ly away)"
Gliese GJ 4386,60.4,43.4,-0.04,-42.01,M7,3594,0.122,Red,0.0022,0.5,Metal-poor,Main Sequence (Red Dwarf),images/red_dwarf.jpg,FALSE,0,"Gliese 876 System (48.3 ly away), Tau Ceti System (51.2 ly away), Epsilon Eridani System (55.5 ly away)"
Gliese Gl 509B,60.43,-49.27,-18.8,29.52,dK6,12000,0.044,White,0.0359,1.0,Solar metallicity,White Dwarf,images/sirius.jpg,FALSE,0,"Gliese 581 System (48.7 ly away), 55 Cancri System (52.2 ly away), Wolf 359 System (54.8 ly away)"
Wasat,60.47,-19.21,52.68,22.63,F0IV...,7022,2.337,Yellow-White,11.9124,1.4,Metal-rich,Subgiant,images/sun.jpg,FALSE,0,"55 Cancri System (27.5 ly away), Ross 128 System (49.5 ly away), Wolf 359 System (56.3 ly away)"
58Eta Ser,60.48,5.61,-60.14,-3.06,K0III-IV,4889,5.462,Orange,15.2897,1.4,Metal-rich,Red Giant,images/orange_dwarf.jpg,FALSE,0,"Gliese 667 System (43.9 ly away), Gliese 581 System (48.5 ly away), Barnard's Star System (54.8 ly away)"
Gliese GJ 1186,60.51,-43.07,-40.74,12.14,m,3368,0.045,Red,0.0002,0.5,Metal-poor,Main Sequence (Red Dwarf),images/red_dwarf.jpg,FALSE,0,"Gliese 581 System (42.1 ly away), Gliese 667 System (52.1 ly away), Barnard's Star System (56.4 ly away)"
Gliese Gl 249,60.52,-9.14,39.96,44.53,K2,4247,0.52,Orange,0.0788,1.0,Solar metallicity,Main Sequence,images/orange_dwarf.jpg,FALSE,0,"55 Cancri System (32.8 ly away), Ross 128 System (51.2 ly away), Wolf 359 System (57.7 ly away)"
Hipparcos 42881,60.52,-28.39,32.55,-42.4,M2V:,3899,0.282,Red,0.0165,0.5,Metal-poor,Main Sequence (Red Dwarf),images/red_dwarf.jpg,FALSE,0,"Ross 128 System (56.9 ly away), Wolf 359 System (57.0 ly away), Proxima Centauri System (58.2 ly away)"
Gliese Gl 351B,60.52,-36.62,27.92,-39.28,F0 IV,6500,1.607,Yellow-White,4.1381,1.0,Solar metallicity,Subgiant,images/sun.jpg,FALSE,0,"Wolf 359 System (56.0 ly away), Ross 128 System (57.0 ly away), Proxima Centauri System (58.1 ly away)"
Gliese Gl 902.1,60.57,50.75,-4.47,-32.76,K1V,5275,0.762,Orange,0.4033,1.0,Solar metallicity,Main Sequence,images/orange_dwarf.jpg,FALSE,0,"Gliese 876 System (46.7 ly away), Tau Ceti System (51.0 ly away), Epsilon Eridani System (55.8 ly away)"
Gliese Gl 90,60.6,19.1,12.85,56.06,K2V,4943,0.888,Orange,0.4227,1.0,Solar metallicity,Main Sequence,images/orange_dwarf.jpg,FALSE,0,"Ross 128 System (57.3 ly away), 55 Cancri System (58.4 ly away), Epsilon Eridani System (59.4 ly away)"
Gliese Gl 795B,60.6,38.73,-46.31,5.25,K8 V,4500,0.377,Orange,0.0522,1.0,Solar metallicity,Main Sequence,images/orange_dwarf.jpg,FALSE,0,"Gliese 876 System (49.5 ly away), Gliese 667 System (53.7 ly away), Barnard's Star System (56.3 ly away)"
Gliese Gl 576,60.62,-41.74,-43.56,5.96,K5,4121,0.369,Orange,0.0352,1.0,Solar metallicity,Main Sequence,images/orange_dwarf.jpg,FALSE,0,"Gliese 581 System (41.2 ly away), Gliese 667 System (49.7 ly away), Barnard's Star System (56.4 ly away)"
Gliese Gl 651,60.62,-10.23,-39.99,44.4,G8V,5508,0.849,Yellow,0.5948,1.0,Solar metallicity,Main Sequence,images/sun.jpg,FALSE,0,"Gliese 581 System (53.2 ly away), Barnard's Star System (55.8 ly away), Solar System (Earth/Sun) (60.6 ly away)"
Gliese Gl 499B,60.65,-54.37,-16.17,21.46,G2V,5700,0.019,Yellow,0.0003,1.0,Solar metallicity,Main Sequence,images/sun.jpg,TRUE,1,"Gliese 581 System (48.0 ly away), 55 Cancri System (51.8 ly away), Wolf 359 System (54.4 ly away)"
Gliese Gl 765B,60.65,15.85,-35.42,46.61,G2V,5700,0.045,Yellow,0.0019,1.0,Solar metallicity,Main Sequence,images/sun.jpg,FALSE,0,"Barnard's Star System (56.3 ly away), Gliese 876 System (59.3 ly away), Gliese 581 System (60.5 ly away)"
Gliese Gl 912,60.66,60.3,-1.14,-6.49,G2V,3847,0.232,Yellow,0.0105,1.0,Solar metallicity,Main Sequence,images/sun.jpg,FALSE,0,"Gliese 876 System (46.3 ly away), Tau Ceti System (50.5 ly away), Epsilon Eridani System (55.1 ly away)"
Gliese Gl 715,60.71,7.89,-60.17,-1.93,K3V,4572,0.684,Orange,0.1835,1.0,Solar metallicity,Main Sequence,images/orange_dwarf.jpg,FALSE,0,"Gliese 667 System (44.7 ly away), Gliese 581 System (49.4 ly away), Barnard's Star System (55.1 ly away)"
Gliese Gl 355,60.74,-47.65,35.77,-11.78,K0,4910,0.657,Orange,0.2249,1.0,Solar metallicity,Main Sequence,images/orange_dwarf.jpg,FALSE,0,"55 Cancri System (40.0 ly away), Ross 128 System (53.4 ly away), Wolf 359 System (53.9 ly away)"
Gliese GJ 1070,60.74,19.47,42.99,38.24,k-m,3503,0.042,Orange,0.0002,1.0,Solar metallicity,Main Sequence,images/orange_dwarf.jpg,FALSE,0,"55 Cancri System (50.7 ly away), Ross 128 System (53.2 ly away), Epsilon Eridani System (54.6 ly away)"
2Eta CrB,60.74,-33.15,-40.64,30.63,G2 V,5700,1.148,Yellow,1.2474,1.0,Solar metallicity,Main Sequence,images/sun.jpg,FALSE,0,"Gliese 581 System (46.5 ly away), Barnard's Star System (56.2 ly away), Gliese 667 System (57.4 ly away)"
Gliese GJ 4294,60.74,57.25,-19.04,-7.04,m,3356,0.033,Red,0.0001,0.5,Metal-poor,Main Sequence (Red Dwarf),images/red_dwarf.jpg,FALSE,0,"Gliese 876 System (45.6 ly away), Tau Ceti System (52.9 ly away), Epsilon Eridani System (58.2 ly away)"
Gliese Gl 836.9A,60.76,27.12,-17.85,-51.36,K7V,4082,0.614,Orange,0.0938,1.0,Solar metallicity,Main Sequence,images/orange_dwarf.jpg,FALSE,0,"Gliese 667 System (48.9 ly away), Gliese 876 System (51.2 ly away), Tau Ceti System (55.8 ly away)"
Gliese GJ 4273,60.79,22.9,-10.47,-55.33,M5,3577,0.172,Red,0.0043,0.5,Metal-poor,Main Sequence (Red Dwarf),images/red_dwarf.jpg,FALSE,0,"Gliese 667 System (50.4 ly away), Gliese 876 System (52.7 ly away), Tau Ceti System (55.8 ly away)"
Gliese GJ 3420,60.85,-13.55,49.81,32.21,DC9,4841,0.012,White,0.0001,1.0,Solar metallicity,White Dwarf,images/sirius.jpg,FALSE,0,"55 Cancri System (29.3 ly away), Ross 128 System (50.2 ly away), Epsilon Eridani System (57.1 ly away)"
Gliese Gl 773A,60.92,29.13,-51.84,-13.26,K4V,4090,0.483,Orange,0.0585,1.0,Solar metallicity,Main Sequence,images/orange_dwarf.jpg,FALSE,0,"Gliese 667 System (46.6 ly away), Gliese 876 System (50.8 ly away), Barnard's Star System (56.5 ly away)"
Gliese GJ 4353,60.92,45.41,-4.31,-40.38,M3,3718,0.172,Red,0.005,0.5,Metal-poor,Main Sequence (Red Dwarf),images/red_dwarf.jpg,FALSE,0,"Gliese 876 System (48.1 ly away), Tau Ceti System (51.9 ly away), Epsilon Eridani System (56.5 ly away)"
Gliese Gl 36,60.95,54.72,11.99,-24.02,G8/K0V,5376,0.749,Yellow,0.42,1.0,Solar metallicity,Main Sequence,images/sun.jpg,FALSE,0,"Gliese 876 System (48.1 ly away), Tau Ceti System (49.5 ly away), Epsilon Eridani System (53.5 ly away)"
Hipparcos 54373,60.95,-56.02,13.07,-20.14,K5,3902,0.321,Orange,0.0214,1.0,Solar metallicity,Main Sequence,images/orange_dwarf.jpg,FALSE,0,"55 Cancri System (52.1 ly away), Wolf 359 System (54.1 ly away), Gliese 581 System (54.5 ly away)"
Gliese GJ 1003,60.96,53.17,1.73,29.78,m,3809,0.059,Red,0.0006,0.5,Metal-poor,Main Sequence (Red Dwarf),images/red_dwarf.jpg,FALSE,0,"Gliese 876 System (51.8 ly away), Tau Ceti System (54.2 ly away), Epsilon Eridani System (56.9 ly away)"
Gliese Gl 610,61.03,-27.36,-50.22,-21.32,K3/K4V,4642,0.9,Orange,0.3376,1.0,Solar metallicity,Main Sequence,images/orange_dwarf.jpg,FALSE,0,"Gliese 667 System (40.8 ly away), Gliese 581 System (42.1 ly away), Barnard's Star System (56.9 ly away)"
Gliese GJ 1212,61.07,-12.13,-59.18,-8.94,M1V:,3723,0.168,Red,0.0048,0.5,Metal-poor,Main Sequence (Red Dwarf),images/red_dwarf.jpg,FALSE,0,"Gliese 667 System (42.0 ly away), Gliese 581 System (44.3 ly away), Barnard's Star System (55.7 ly away)"
Gliese GJ 9490C,61.08,-43.7,-37.47,20.39,K5,4051,0.343,Orange,0.0284,1.0,Solar metallicity,Main Sequence,images/orange_dwarf.jpg,FALSE,0,"Gliese 581 System (44.4 ly away), Gliese 667 System (55.8 ly away), Barnard's Star System (57.1 ly away)"
Gliese Gl 825.4B,61.08,41.89,-35.22,-27.11,dG6,12000,0.049,White,0.0441,1.0,Solar metallicity,White Dwarf,images/sirius.jpg,FALSE,0,"Gliese 876 System (47.7 ly away), Gliese 667 System (50.3 ly away), Tau Ceti System (56.4 ly away)"
Gliese Gl 818.1B,61.1,13.01,-11.98,-58.49,G2V,5700,0.943,Yellow,0.8418,1.0,Solar metallicity,Main Sequence,images/sun.jpg,FALSE,0,"Gliese 667 System (48.7 ly away), Gliese 876 System (55.3 ly away), Proxima Centauri System (57.7 ly away)"
Gliese Gl 818.1C,61.1,13.01,-11.98,-58.49,G2V,5700,0.036,Yellow,0.0012,1.0,Solar metallicity,Main Sequence,images/sun.jpg,FALSE,0,"Gliese 667 System (48.7 ly away), Gliese 876 System (55.3 ly away), Proxima Centauri System (57.7 ly away)"
Gliese Gl 41,61.14,28.74,6.78,53.53,F8V,6213,1.659,Yellow-White,3.6779,1.0,Solar metallicity,Main Sequence,images/sun.jpg,TRUE,2,"Ross 128 System (59.6 ly away), Epsilon Eridani System (59.7 ly away), Tau Ceti System (59.7 ly away)"
6 Cet,61.15,58.86,2.9,-16.31,F5V,6448,1.478,Yellow-White,3.3884,1.0,Solar metallicity,Main Sequence,images/sun.jpg,FALSE,0,"Gliese 876 System (46.9 ly away), Tau Ceti System (50.3 ly away), Epsilon Eridani System (54.9 ly away)"
Gliese Gl 161,61.16,9.9,18.94,57.3,G5,4861,0.713,Yellow,0.2547,1.0,Solar metallicity,Main Sequence,images/sun.jpg,FALSE,0,"55 Cancri System (51.7 ly away), Ross 128 System (56.2 ly away), Epsilon Eridani System (60.1 ly away)"
Gliese GJ 1023B,61.19,21.27,5.14,57.15,G2V,5815,0.144,Yellow,0.0212,1.0,Solar metallicity,Main Sequence,images/sun.jpg,FALSE,0,"Ross 128 System (59.3 ly away), Barnard's Star System (60.7 ly away), Epsilon Eridani System (60.9 ly away)"
Hipparcos 25775,61.25,5.83,44.64,-41.54,M0V,4046,0.407,Red,0.0397,0.5,Metal-poor,Main Sequence (Red Dwarf),images/red_dwarf.jpg,FALSE,0,"Epsilon Eridani System (53.9 ly away), Tau Ceti System (55.3 ly away), Ross 128 System (57.6 ly away)"
Gliese GJ 1249,61.28,24.92,-41.0,38.13,G5IV,5764,1.024,Yellow,1.0375,1.0,Solar metallicity,Subgiant,images/sun.jpg,FALSE,0,"Barnard's Star System (56.7 ly away), Gliese 876 System (56.8 ly away), Solar System (Earth/Sun) (61.3 ly away)"
Hipparcos 49971,61.3,-36.67,18.66,45.44,G2V,5700,0.058,Yellow,0.0032,1.0,Solar metallicity,Main Sequence,images/sun.jpg,FALSE,0,"55 Cancri System (30.0 ly away), Ross 128 System (54.3 ly away), Wolf 359 System (55.7 ly away)"
Gliese GJ 3913,61.31,-33.42,-45.9,23.12,k-m,3779,0.119,Orange,0.0026,1.0,Solar metallicity,Main Sequence,images/orange_dwarf.jpg,FALSE,0,"Gliese 581 System (44.9 ly away), Gliese 667 System (54.5 ly away), Barnard's Star System (56.5 ly away)"
Gliese Gl 499A,61.33,-54.98,-16.35,21.71,M0,4139,0.443,Red,0.0516,0.5,Metal-poor,Main Sequence (Red Dwarf),images/red_dwarf.jpg,TRUE,1,"Gliese 581 System (48.6 ly away), 55 Cancri System (52.3 ly away), Wolf 359 System (55.1 ly away)"
Psi Vel,61.37,-37.12,28.31,-39.83,F2IV,7039,2.254,Yellow-White,11.1892,1.4,Metal-rich,Subgiant,images/sun.jpg,FALSE,0,"Wolf 359 System (56.8 ly away), Ross 128 System (57.8 ly away), Proxima Centauri System (58.9 ly away)"
Gliese Gl 509A,61.39,-50.05,-19.1,29.98,K5,4084,0.589,Orange,0.0865,1.0,Solar metallicity,Main Sequence,images/orange_dwarf.jpg,FALSE,0,"Gliese 581 System (49.6 ly away), 55 Cancri System (53.0 ly away), Wolf 359 System (55.7 ly away)"
Gliese Gl 159,61.42,30.1,53.54,-0.29,F5V,6317,1.235,Yellow-White,2.1777,1.0,Solar metallicity,Main Sequence,images/sun.jpg,FALSE,0,"Epsilon Eridani System (51.2 ly away), Tau Ceti System (52.5 ly away), Ross 128 System (55.1 ly away)"
Gliese Gl 755,61.42,17.52,-47.18,-35.22,G1/G2V,5860,0.864,Yellow,0.7907,1.0,Solar metallicity,Main Sequence,images/sun.jpg,FALSE,0,"Gliese 667 System (41.9 ly away), Gliese 876 System (53.3 ly away), Gliese 581 System (54.7 ly away)"
Gliese Gl 204.2,61.42,8.04,60.78,-3.69,M3.5,3749,0.165,Red,0.0048,0.5,Metal-poor,Main Sequence (Red Dwarf),images/red_dwarf.jpg,FALSE,0,"Epsilon Eridani System (52.6 ly away), Ross 128 System (52.6 ly away), 55 Cancri System (52.7 ly away)"
Gliese Gl 741,61.42,16.28,-57.45,-14.41,M4  :,3705,0.046,Red,0.0004,0.5,Metal-poor,Main Sequence (Red Dwarf),images/red_dwarf.jpg,FALSE,0,"Gliese 667 System (43.8 ly away), Gliese 581 System (52.6 ly away), Gliese 876 System (54.3 ly away)"
Gliese GJ 3488,61.43,-33.17,49.83,13.84,K5,4336,0.545,Orange,0.0942,1.0,Solar metallicity,Main Sequence,images/orange_dwarf.jpg,FALSE,0,"55 Cancri System (26.1 ly away), Ross 128 System (50.9 ly away), Wolf 359 System (55.7 ly away)"
Gliese GJ 4008,61.52,-7.56,-55.76,-24.86,K5V,4172,0.404,Orange,0.0444,1.0,Solar metallicity,Main Sequence,images/orange_dwarf.jpg,FALSE,0,"Gliese 667 System (39.5 ly away), Gliese 581 System (46.4 ly away), Barnard's Star System (57.0 ly away)"
Gliese GJ 3033,61.54,52.97,5.7,30.81,m,3555,0.058,Red,0.0005,0.5,Metal-poor,Main Sequence (Red Dwarf),images/red_dwarf.jpg,FALSE,0,"Gliese 876 System (52.9 ly away), Tau Ceti System (54.6 ly away), Epsilon Eridani System (57.0 ly away)"
Gliese GJ 3034,61.54,56.35,6.26,23.93,m,3100,0.084,Red,0.0006,0.5,Metal-poor,Main Sequence (Red Dwarf),images/red_dwarf.jpg,FALSE,0,"Gliese 876 System (51.5 ly away), Tau Ceti System (53.5 ly away), Epsilon Eridani System (56.4 ly away)"
Gliese GJ 3047,61.54,51.7,9.33,32.05,m,3100,0.105,Red,0.0009,0.5,Metal-poor,Main Sequence (Red Dwarf),images/red_dwarf.jpg,FALSE,0,"Gliese 876 System (53.6 ly away), Tau Ceti System (54.6 ly away), Epsilon Eridani System (56.7 ly away)"
Gliese GJ 3190,61.54,35.05,34.8,36.7,M3.5,3764,0.102,Red,0.0019,0.5,Metal-poor,Main Sequence (Red Dwarf),images/red_dwarf.jpg,FALSE,0,"Epsilon Eridani System (54.9 ly away), Tau Ceti System (55.7 ly away), Ross 128 System (56.6 ly away)"
Gliese GJ 3313,61.54,19.21,58.42,2.32,k,3824,0.217,Orange,0.009,1.0,Solar metallicity,Main Sequence,images/orange_dwarf.jpg,FALSE,0,"Epsilon Eridani System (52.0 ly away), Ross 128 System (53.5 ly away), Tau Ceti System (54.4 ly away)"
Gliese GJ 1082,61.54,4.75,45.84,40.78,DA7,7337,0.012,White,0.0004,1.0,Solar metallicity,White Dwarf,images/sirius.jpg,FALSE,0,"55 Cancri System (41.3 ly away), Ross 128 System (52.5 ly away), Epsilon Eridani System (56.7 ly away)"
Gliese GJ 3413,61.54,-13.28,56.91,19.3,m,3100,0.141,Red,0.0017,0.5,Metal-poor,Main Sequence (Red Dwarf),images/red_dwarf.jpg,TRUE,1,"55 Cancri System (32.9 ly away), Ross 128 System (50.6 ly away), Epsilon Eridani System (56.4 ly away)"
Gliese Gl 296,61.54,-23.56,40.8,-39.59,K7 V,4051,0.419,Orange,0.0424,1.0,Solar metallicity,Main Sequence,images/orange_dwarf.jpg,FALSE,0,"Ross 128 System (56.7 ly away), Epsilon Eridani System (58.1 ly away), Wolf 359 System (58.3 ly away)"
Gliese GJ 3682,61.54,-55.49,4.03,26.3,m,3100,0.105,Red,0.0009,0.5,Metal-poor,Main Sequence (Red Dwarf),images/red_dwarf.jpg,FALSE,0,"55 Cancri System (38.8 ly away), Wolf 359 System (54.4 ly away), Gliese 581 System (55.0 ly away)"
Gliese GJ 3796,61.54,-55.85,-25.72,-2.43,M3,3677,0.164,Red,0.0044,0.5,Metal-poor,Main Sequence (Red Dwarf),images/red_dwarf.jpg,FALSE,0,"Gliese 581 System (44.1 ly away), Gliese 667 System (54.1 ly away), Wolf 359 System (55.9 ly away)"
Gliese GJ 3816,61.54,-47.46,-26.4,-28.95,m,3100,0.053,Red,0.0002,0.5,Metal-poor,Main Sequence (Red Dwarf),images/red_dwarf.jpg,FALSE,0,"Gliese 581 System (44.7 ly away), Gliese 667 System (47.6 ly away), Wolf 359 System (57.5 ly away)"
Gliese GJ 1202,61.54,-22.08,-54.36,18.57,k-m,3691,0.12,Orange,0.0024,1.0,Solar metallicity,Main Sequence,images/orange_dwarf.jpg,FALSE,0,"Gliese 581 System (45.4 ly away), Gliese 667 System (51.5 ly away), Barnard's Star System (56.0 ly away)"
Gliese GJ 4002,61.54,-10.56,-57.52,19.17,m,3100,0.152,Red,0.0019,0.5,Metal-poor,Main Sequence (Red Dwarf),images/red_dwarf.jpg,FALSE,0,"Gliese 581 System (47.6 ly away), Gliese 667 System (51.2 ly away), Barnard's Star System (55.7 ly away)"
Gliese GJ 4005,61.54,-9.52,-60.62,-4.69,M2,3779,0.15,Red,0.0041,0.5,Metal-poor,Main Sequence (Red Dwarf),images/red_dwarf.jpg,FALSE,0,"Gliese 667 System (43.6 ly away), Gliese 581 System (45.4 ly away), Barnard's Star System (56.0 ly away)"
Gliese GJ 4007,61.54,-7.92,-55.13,-26.16,M3.5,3100,0.131,Red,0.0014,0.5,Metal-poor,Main Sequence (Red Dwarf),images/red_dwarf.jpg,FALSE,0,"Gliese 667 System (39.3 ly away), Gliese 581 System (46.4 ly away), Barnard's Star System (57.1 ly away)"
Gliese GJ 4036,61.54,-0.53,-45.73,-41.17,M3,3779,0.22,Red,0.0089,0.5,Metal-poor,Main Sequence (Red Dwarf),images/red_dwarf.jpg,FALSE,0,"Gliese 667 System (39.4 ly away), Gliese 581 System (50.5 ly away), Gliese 876 System (57.8 ly away)"
Gliese GJ 2139,61.54,11.25,-59.33,-11.9,DA5,8571,0.012,White,0.0007,1.0,Solar metallicity,White Dwarf,images/sirius.jpg,FALSE,0,"Gliese 667 System (43.5 ly away), Gliese 581 System (51.0 ly away), Gliese 876 System (55.8 ly away)"
Gliese GJ 4197,61.54,44.91,-34.99,-23.36,M4,3705,0.155,Red,0.0041,0.5,Metal-poor,Main Sequence (Red Dwarf),images/red_dwarf.jpg,FALSE,0,"Gliese 876 System (47.7 ly away), Gliese 667 System (52.1 ly away), Tau Ceti System (56.6 ly away)"
Gliese GJ 4222,61.54,23.44,-15.0,-54.89,m+,3100,0.193,Red,0.0031,0.5,Metal-poor,Main Sequence (Red Dwarf),images/red_dwarf.jpg,TRUE,1,"Gliese 667 System (49.8 ly away), Gliese 876 System (53.0 ly away), Tau Ceti System (56.9 ly away)"
Gliese GJ 4257,61.54,54.08,-29.13,3.67,M4,3649,0.084,Red,0.0011,0.5,Metal-poor,Main Sequence (Red Dwarf),images/red_dwarf.jpg,FALSE,0,"Gliese 876 System (47.6 ly away), Tau Ceti System (56.0 ly away), Barnard's Star System (59.1 ly away)"
Gliese GJ 4362,61.54,54.44,-2.71,-28.57,M3.5:,3100,0.203,Red,0.0034,0.5,Metal-poor,Main Sequence (Red Dwarf),images/red_dwarf.jpg,TRUE,1,"Gliese 876 System (47.3 ly away), Tau Ceti System (51.5 ly away), Epsilon Eridani System (56.3 ly away)"
Hipparcos 46637,61.55,-48.09,36.7,11.32,G5,4983,0.439,Yellow,0.1066,1.0,Solar metallicity,Main Sequence,images/sun.jpg,FALSE,0,"55 Cancri System (27.3 ly away), Ross 128 System (52.7 ly away), Wolf 359 System (54.4 ly away)"
Gliese Gl 106,61.59,43.94,37.98,20.49,K5,4572,0.636,Orange,0.1585,1.0,Solar metallicity,Main Sequence,images/orange_dwarf.jpg,FALSE,0,"Tau Ceti System (52.8 ly away), Epsilon Eridani System (52.9 ly away), Gliese 876 System (57.1 ly away)"
Hipparcos 72146,61.63,-44.92,-39.53,14.75,K0,4915,0.65,Orange,0.2212,1.0,Solar metallicity,Main Sequence,images/orange_dwarf.jpg,FALSE,0,"Gliese 581 System (43.7 ly away), Gliese 667 System (54.3 ly away), Barnard's Star System (57.6 ly away)"
Gliese Gl 583,61.63,-39.05,-47.4,-5.13,K7V,4104,0.448,Orange,0.0511,1.0,Solar metallicity,Main Sequence,images/orange_dwarf.jpg,FALSE,0,"Gliese 581 System (41.4 ly away), Gliese 667 System (46.7 ly away), Barnard's Star System (57.4 ly away)"
Gliese Gl 773B,61.63,29.48,-52.43,-13.41,m,3100,0.052,Red,0.0002,0.5,Metal-poor,Main Sequence (Red Dwarf),images/red_dwarf.jpg,FALSE,0,"Gliese 667 System (47.3 ly away), Gliese 876 System (51.5 ly away), Barnard's Star System (57.2 ly away)"
Gliese Gl 100B,61.66,46.12,35.08,-21.07,G2V,5700,0.095,Yellow,0.0086,1.0,Solar metallicity,Main Sequence,images/sun.jpg,FALSE,0,"Tau Ceti System (50.0 ly away), Epsilon Eridani System (51.8 ly away), Gliese 876 System (53.5 ly away)"
Gliese Gl 100C,61.66,46.18,34.97,-21.13,M3,3635,0.12,Red,0.0023,0.5,Metal-poor,Main Sequence (Red Dwarf),images/red_dwarf.jpg,FALSE,0,"Tau Ceti System (50.0 ly away), Epsilon Eridani System (51.8 ly away), Gliese 876 System (53.5 ly away)"
Gliese GJ 3987,61.74,-15.16,-59.49,-6.53,M2,4237,0.221,Red,0.0141,0.5,Metal-poor,Main Sequence (Red Dwarf),images/red_dwarf.jpg,FALSE,0,"Gliese 667 System (43.3 ly away), Gliese 581 System (44.3 ly away), Barnard's Star System (56.3 ly away)"
Gliese GJ 3508,61.84,-37.8,46.21,16.14,K:,3701,0.188,Orange,0.006,1.0,Solar metallicity,Main Sequence,images/orange_dwarf.jpg,FALSE,0,"55 Cancri System (24.6 ly away), Ross 128 System (51.6 ly away), Wolf 359 System (55.6 ly away)"
Gliese Gl 775.1,61.88,30.38,-51.28,16.63,G7V,5554,0.712,Yellow,0.4329,1.0,Solar metallicity,Main Sequence,images/sun.jpg,FALSE,0,"Gliese 876 System (53.8 ly away), Gliese 667 System (55.7 ly away), Barnard's Star System (56.8 ly away)"
Gliese Gl 477,61.92,-42.53,-6.73,-44.5,M1,3821,0.245,Red,0.0115,0.5,Metal-poor,Main Sequence (Red Dwarf),images/red_dwarf.jpg,FALSE,0,"Gliese 667 System (51.6 ly away), Gliese 581 System (51.9 ly away), Proxima Centauri System (58.1 ly away)"
Gliese Gl 541.2,62.01,-35.92,-24.55,44.18,M0,3965,0.345,Red,0.0264,0.5,Metal-poor,Main Sequence (Red Dwarf),images/red_dwarf.jpg,FALSE,0,"Gliese 581 System (53.0 ly away), 55 Cancri System (57.5 ly away), Wolf 359 System (58.2 ly away)"
Gliese GJ 1273,62.01,54.54,-17.43,23.84,DA5,8241,0.012,White,0.0006,1.0,Solar metallicity,White Dwarf,images/sirius.jpg,FALSE,0,"Gliese 876 System (50.6 ly away), Tau Ceti System (56.5 ly away), Barnard's Star System (60.2 ly away)"
Gliese Gl 900,62.05,61.66,-6.75,1.74,M0,4070,0.432,Red,0.046,0.5,Metal-poor,Main Sequence (Red Dwarf),images/red_dwarf.jpg,FALSE,0,"Gliese 876 System (47.8 ly away), Tau Ceti System (52.9 ly away), Epsilon Eridani System (57.6 ly away)"
Gliese Gl 836.9B,62.05,27.7,-18.23,-52.45,K7 V,4500,0.352,Orange,0.0456,1.0,Solar metallicity,Main Sequence,images/orange_dwarf.jpg,FALSE,0,"Gliese 667 System (50.2 ly away), Gliese 876 System (52.4 ly away), Tau Ceti System (57.1 ly away)"
Gliese GJ 1246,62.11,25.85,-46.33,-32.3,K3/K4V,4684,0.56,Orange,0.1354,1.0,Solar metallicity,Main Sequence,images/orange_dwarf.jpg,FALSE,0,"Gliese 667 System (44.8 ly away), Gliese 876 System (52.2 ly away), Gliese 581 System (57.8 ly away)"
Gliese Gl 59A,62.14,52.06,22.44,-25.45,K0V,5385,0.826,Orange,0.5152,1.0,Solar metallicity,Main Sequence,images/orange_dwarf.jpg,FALSE,0,"Tau Ceti System (50.4 ly away), Gliese 876 System (51.1 ly away), Epsilon Eridani System (53.5 ly away)"
Gliese GJ 2102,62.2,-56.45,-24.41,9.29,K0,4681,0.688,Orange,0.2036,1.0,Solar metallicity,Main Sequence,images/orange_dwarf.jpg,FALSE,0,"Gliese 581 System (46.0 ly away), Wolf 359 System (56.3 ly away), Gliese 667 System (58.0 ly away)"
Gliese GJ 3920,62.21,-21.07,-32.95,48.38,M:,2975,0.182,Red,0.0023,0.5,Metal-poor,Main Sequence (Red Dwarf),images/red_dwarf.jpg,FALSE,0,"Gliese 581 System (54.6 ly away), Barnard's Star System (58.1 ly away), Wolf 359 System (60.5 ly away)"
Gliese GJ 9652A,62.24,18.8,-55.65,20.59,M:,3794,0.201,Red,0.0075,0.5,Metal-poor,Main Sequence (Red Dwarf),images/red_dwarf.jpg,TRUE,1,"Gliese 667 System (54.9 ly away), Gliese 581 System (56.3 ly away), Barnard's Star System (56.7 ly away)"
Hipparcos 76315,62.31,-18.34,-25.09,54.01,K5,4596,0.592,Orange,0.1401,1.0,Solar metallicity,Main Sequence,images/orange_dwarf.jpg,FALSE,0,"Gliese 581 System (57.8 ly away), Barnard's Star System (58.9 ly away), Wolf 359 System (60.6 ly away)"
Hipparcos 21086,62.33,22.91,56.1,-14.57,G2V,5700,0.093,Yellow,0.0082,1.0,Solar metallicity,Main Sequence,images/sun.jpg,FALSE,0,"Epsilon Eridani System (52.3 ly away), Tau Ceti System (53.8 ly away), Ross 128 System (56.1 ly away)"
Gliese Gl 646A,62.34,-12.66,-46.36,-39.7,K3/K4V,4346,0.68,Orange,0.1482,1.0,Solar metallicity,Main Sequence,images/orange_dwarf.jpg,FALSE,0,"Gliese 667 System (39.8 ly away), Gliese 581 System (48.3 ly away), Proxima Centauri System (58.6 ly away)"
Gliese GJ 1080,62.36,8.61,61.68,3.23,M5 V,3649,0.123,Red,0.0024,0.5,Metal-poor,Main Sequence (Red Dwarf),images/red_dwarf.jpg,FALSE,0,"55 Cancri System (51.1 ly away), Ross 128 System (53.1 ly away), Epsilon Eridani System (53.7 ly away)"
Gliese Gl 646B,62.36,-12.67,-46.38,-39.72,G2V,5700,0.152,Yellow,0.022,1.0,Solar metallicity,Main Sequence,images/sun.jpg,FALSE,0,"Gliese 667 System (39.8 ly away), Gliese 581 System (48.3 ly away), Proxima Centauri System (58.6 ly away)"
Gliese Gl 894.5,62.37,60.48,-9.83,-11.65,K2V,5048,0.644,Orange,0.2417,1.0,Solar metallicity,Main Sequence,images/orange_dwarf.jpg,FALSE,0,"Gliese 876 System (47.3 ly away), Tau Ceti System (53.0 ly away), Epsilon Eridani System (58.1 ly away)"
Gliese Gl 262,62.4,-14.88,52.32,30.57,G4V,5987,1.084,Yellow,1.3539,1.0,Solar metallicity,Main Sequence,images/sun.jpg,FALSE,0,"55 Cancri System (30.3 ly away), Ross 128 System (51.6 ly away), Epsilon Eridani System (58.5 ly away)"
Gliese Gl 855,62.46,30.86,-13.81,-52.51,K,3839,0.278,Orange,0.015,1.0,Solar metallicity,Main Sequence,images/orange_dwarf.jpg,FALSE,0,"Gliese 876 System (52.4 ly away), Gliese 667 System (52.4 ly away), Tau Ceti System (56.6 ly away)"
Gliese Gl 220,62.48,1.68,56.94,25.67,M1.5,3824,0.281,Red,0.0152,0.5,Metal-poor,Main Sequence (Red Dwarf),images/red_dwarf.jpg,FALSE,0,"55 Cancri System (41.0 ly away), Ross 128 System (52.3 ly away), Epsilon Eridani System (56.0 ly away)"
Gliese Gl 131,62.52,36.95,42.04,-27.84,K5V,4241,0.487,Orange,0.0687,1.0,Solar metallicity,Main Sequence,images/orange_dwarf.jpg,FALSE,0,"Tau Ceti System (51.8 ly away), Epsilon Eridani System (52.6 ly away), Gliese 876 System (56.9 ly away)"
Gliese Gl 817,62.53,43.18,-41.38,-18.24,M3,3881,0.203,Red,0.0084,0.5,Metal-poor,Main Sequence (Red Dwarf),images/red_dwarf.jpg,FALSE,0,"Gliese 876 System (49.3 ly away), Gliese 667 System (52.2 ly away), Tau Ceti System (58.8 ly away)"
Gliese Gl 906,62.55,50.35,-3.12,36.99,M0,4055,0.382,Red,0.0354,0.5,Metal-poor,Main Sequence (Red Dwarf),images/red_dwarf.jpg,FALSE,0,"Gliese 876 System (54.5 ly away), Tau Ceti System (57.4 ly away), Epsilon Eridani System (59.8 ly away)"
Gliese Gl 334.2,62.59,-38.13,35.3,34.89,F9V,6027,1.063,Yellow-White,1.3366,1.0,Solar metallicity,Main Sequence,images/sun.jpg,FALSE,0,"55 Cancri System (23.1 ly away), Ross 128 System (53.3 ly away), Wolf 359 System (56.5 ly away)"
54Omi Aql,62.59,28.67,-54.48,11.32,F8V,6116,1.512,Yellow-White,2.8708,1.0,Solar metallicity,Main Sequence,images/sun.jpg,FALSE,0,"Gliese 667 System (54.1 ly away), Gliese 876 System (54.4 ly away), Barnard's Star System (57.4 ly away)"
Gliese GJ 3406A,62.6,-7.47,38.56,48.75,M3.5   J,3663,0.145,Red,0.0034,0.5,Metal-poor,Main Sequence (Red Dwarf),images/red_dwarf.jpg,FALSE,0,"55 Cancri System (36.4 ly away), Ross 128 System (53.8 ly away), Wolf 359 System (60.1 ly away)"
Gliese GJ 3407B,62.6,-7.47,38.56,48.75,G2V,5700,0.019,Yellow,0.0004,1.0,Solar metallicity,Main Sequence,images/sun.jpg,FALSE,0,"55 Cancri System (36.4 ly away), Ross 128 System (53.8 ly away), Wolf 359 System (60.1 ly away)"
Gliese GJ 1054A,62.63,37.65,40.35,-29.61,Se,5500,0.18,Yellow,0.0265,1.0,Solar metallicity,Main Sequence,images/sun.jpg,FALSE,0,"Tau Ceti System (51.9 ly away), Epsilon Eridani System (52.9 ly away), Gliese 876 System (56.6 ly away)"
Gliese Gl 204.1,62.63,4.35,30.61,-54.46,G5V,5420,0.815,Yellow,0.5138,1.0,Solar metallicity,Main Sequence,images/sun.jpg,FALSE,0,"Epsilon Eridani System (57.3 ly away), Tau Ceti System (57.5 ly away), Proxima Centauri System (60.4 ly away)"
Hipparcos 115147,62.64,11.76,-2.1,61.49,G9V,5015,0.742,Yellow,0.3125,1.0,Solar metallicity,Main Sequence,images/sun.jpg,FALSE,0,"Ross 128 System (61.2 ly away), Barnard's Star System (61.3 ly away), 55 Cancri System (62.2 ly away)"
110 Her,62.65,11.61,-57.5,21.99,F6V,6467,2.078,Yellow-White,6.7733,1.0,Solar metallicity,Main Sequence,images/sun.jpg,FALSE,0,"Gliese 667 System (54.6 ly away), Gliese 581 System (54.7 ly away), Barnard's Star System (56.9 ly away)"
Gliese GJ 3968,62.69,-17.11,-47.52,37.13,G2V,5700,0.095,Yellow,0.0085,1.0,Solar metallicity,Main Sequence,images/sun.jpg,FALSE,0,"Gliese 581 System (51.4 ly away), Barnard's Star System (57.5 ly away), Gliese 667 System (59.7 ly away)"
Gliese GJ 1010A,62.71,13.83,1.42,61.15,K,3852,0.221,Orange,0.0096,1.0,Solar metallicity,Main Sequence,images/orange_dwarf.jpg,FALSE,0,"Ross 128 System (60.8 ly away), Barnard's Star System (61.7 ly away), 55 Cancri System (61.8 ly away)"
Gliese GJ 3027,62.72,55.29,4.57,29.27,m,3100,0.105,Red,0.0009,0.5,Metal-poor,Main Sequence (Red Dwarf),images/red_dwarf.jpg,FALSE,0,"Gliese 876 System (53.5 ly away), Tau Ceti System (55.5 ly away), Epsilon Eridani System (58.2 ly away)"
Gliese GJ 3157,62.72,40.03,29.52,38.22,m,3100,0.097,Red,0.0008,0.5,Metal-poor,Main Sequence (Red Dwarf),images/red_dwarf.jpg,FALSE,0,"Epsilon Eridani System (56.5 ly away), Tau Ceti System (56.6 ly away), Ross 128 System (59.0 ly away)"
Gliese GJ 3284,62.72,24.14,55.4,16.78,dM0,3950,0.144,White,0.0045,1.0,Solar metallicity,White Dwarf,images/sirius.jpg,TRUE,2,"Epsilon Eridani System (53.7 ly away), Ross 128 System (54.8 ly away), Tau Ceti System (56.0 ly away)"
Gliese GJ 3344,62.72,3.66,18.79,-59.73,m,3950,0.176,Red,0.0067,0.5,Metal-poor,Main Sequence (Red Dwarf),images/red_dwarf.jpg,FALSE,0,"Tau Ceti System (58.5 ly away), Epsilon Eridani System (59.0 ly away), Proxima Centauri System (59.9 ly away)"
Gliese GJ 3395,62.72,-5.45,39.91,48.08,M0,3794,0.252,Red,0.0118,0.5,Metal-poor,Main Sequence (Red Dwarf),images/red_dwarf.jpg,FALSE,0,"55 Cancri System (37.3 ly away), Ross 128 System (53.8 ly away), Epsilon Eridani System (60.1 ly away)"
Gliese GJ 3546,62.72,-42.42,36.13,28.79,K5,4051,0.449,Orange,0.0488,1.0,Solar metallicity,Main Sequence,images/orange_dwarf.jpg,FALSE,0,"55 Cancri System (23.0 ly away), Ross 128 System (53.4 ly away), Wolf 359 System (56.2 ly away)"
Gliese GJ 3604,62.72,-48.9,20.58,33.46,m,3100,0.157,Red,0.002,0.5,Metal-poor,Main Sequence (Red Dwarf),images/red_dwarf.jpg,FALSE,0,"55 Cancri System (29.0 ly away), Ross 128 System (55.5 ly away), Wolf 359 System (55.8 ly away)"
Gliese GJ 3747,62.72,-61.28,-12.79,-3.91,M3,3734,0.128,Red,0.0029,0.5,Metal-poor,Main Sequence (Red Dwarf),images/red_dwarf.jpg,FALSE,0,"Gliese 581 System (48.4 ly away), Wolf 359 System (56.1 ly away), 55 Cancri System (58.3 ly away)"
Gliese GJ 3757,62.72,-60.08,-15.93,8.44,m+,3100,0.039,Red,0.0001,0.5,Metal-poor,Main Sequence (Red Dwarf),images/red_dwarf.jpg,FALSE,0,"Gliese 581 System (48.4 ly away), Wolf 359 System (56.1 ly away), 55 Cancri System (56.1 ly away)"
Gliese GJ 3990,62.72,-13.32,-59.91,12.96,m,3100,0.099,Red,0.0008,0.5,Metal-poor,Main Sequence (Red Dwarf),images/red_dwarf.jpg,FALSE,0,"Gliese 581 System (47.2 ly away), Gliese 667 System (50.0 ly away), Barnard's Star System (56.9 ly away)"
Gliese GJ 4059,62.72,7.07,-61.09,12.34,m,3100,0.168,Red,0.0023,0.5,Metal-poor,Main Sequence (Red Dwarf),images/red_dwarf.jpg,FALSE,0,"Gliese 667 System (50.8 ly away), Gliese 581 System (52.1 ly away), Barnard's Star System (56.8 ly away)"
Gliese GJ 4104,62.72,15.26,-46.27,-39.51,M3,3100,0.18,Red,0.0027,0.5,Metal-poor,Main Sequence (Red Dwarf),images/red_dwarf.jpg,FALSE,0,"Gliese 667 System (42.7 ly away), Gliese 876 System (55.2 ly away), Gliese 581 System (55.7 ly away)"
Gliese GJ 4160A,62.72,40.76,-46.67,9.7,k-m,4500,0.165,Orange,0.01,1.0,Solar metallicity,Main Sequence,images/orange_dwarf.jpg,FALSE,0,"Gliese 876 System (51.8 ly away), Gliese 667 System (57.1 ly away), Barnard's Star System (58.4 ly away)"
Gliese GJ 4161B,62.72,40.76,-46.68,9.71,m,3100,0.194,Red,0.0031,0.5,Metal-poor,Main Sequence (Red Dwarf),images/red_dwarf.jpg,FALSE,0,"Gliese 876 System (51.8 ly away), Gliese 667 System (57.1 ly away), Barnard's Star System (58.4 ly away)"
Gliese GJ 4211,62.72,51.57,-35.69,-0.85,m,3705,0.134,Red,0.003,0.5,Metal-poor,Main Sequence (Red Dwarf),images/red_dwarf.jpg,FALSE,0,"Gliese 876 System (48.9 ly away), Tau Ceti System (58.0 ly away), Gliese 667 System (58.8 ly away)"
Gliese GJ 4240,62.72,50.68,-30.26,21.22,M3.5,3677,0.117,Red,0.0022,0.5,Metal-poor,Main Sequence (Red Dwarf),images/red_dwarf.jpg,FALSE,0,"Gliese 876 System (51.3 ly away), Tau Ceti System (59.0 ly away), Barnard's Star System (59.8 ly away)"
Gliese GJ 4300,62.72,52.57,-16.39,30.03,m,3100,0.193,Red,0.0031,0.5,Metal-poor,Main Sequence (Red Dwarf),images/red_dwarf.jpg,FALSE,0,"Gliese 876 System (52.6 ly away), Tau Ceti System (57.9 ly away), Barnard's Star System (60.9 ly away)"
Gliese GJ 4371,62.72,60.64,-2.01,-15.91,m,3100,0.05,Red,0.0002,0.5,Metal-poor,Main Sequence (Red Dwarf),images/red_dwarf.jpg,FALSE,0,"Gliese 876 System (48.1 ly away), Tau Ceti System (52.4 ly away), Epsilon Eridani System (57.2 ly away)"
Gliese Gl 140.1A,62.78,25.5,31.29,-48.09,K3V,4585,0.549,Orange,0.1193,1.0,Solar metallicity,Main Sequence,images/orange_dwarf.jpg,FALSE,0,"Tau Ceti System (54.1 ly away), Epsilon Eridani System (55.2 ly away), Gliese 876 System (57.9 ly away)"
74 Ori,62.78,-4.4,61.19,13.34,F5IV-V,6719,1.304,Yellow-White,3.1103,1.0,Solar metallicity,Subgiant,images/sun.jpg,FALSE,0,"55 Cancri System (40.9 ly away), Ross 128 System (52.2 ly away), Epsilon Eridani System (56.0 ly away)"
Gliese Gl 231.1A,62.78,-4.71,62.36,5.58,G0.5Vb,5929,1.236,Yellow,1.6936,1.0,Solar metallicity,Main Sequence,images/sun.jpg,FALSE,0,"55 Cancri System (43.6 ly away), Ross 128 System (52.5 ly away), Epsilon Eridani System (55.6 ly away)"
Gliese Gl 490A,62.81,-49.69,-12.77,36.23,M0Vvar,3913,0.301,Red,0.0191,0.5,Metal-poor,Main Sequence (Red Dwarf),images/red_dwarf.jpg,TRUE,1,"55 Cancri System (49.3 ly away), Gliese 581 System (53.6 ly away), Wolf 359 System (57.0 ly away)"
Hipparcos 57361,62.82,-58.78,3.7,-21.85,G2V,3821,0.18,Yellow,0.0062,1.0,Solar metallicity,Main Sequence,images/sun.jpg,FALSE,0,"Gliese 581 System (53.2 ly away), Wolf 359 System (56.2 ly away), 55 Cancri System (58.0 ly away)"
Gliese GJ 1019,62.84,54.26,10.45,29.93,m,3663,0.056,Red,0.0005,0.5,Metal-poor,Main Sequence (Red Dwarf),images/red_dwarf.jpg,FALSE,0,"Gliese 876 System (54.4 ly away), Tau Ceti System (55.4 ly away), Epsilon Eridani System (57.6 ly away)"
Gliese Gl 852.1,62.84,54.62,-26.25,16.64,m,3734,0.084,Red,0.0012,0.5,Metal-poor,Main Sequence (Red Dwarf),images/red_dwarf.jpg,FALSE,0,"Gliese 876 System (50.3 ly away), Tau Ceti System (57.8 ly away), Barnard's Star System (60.4 ly away)"
Gliese GJ 4001,62.89,-11.36,-61.83,-1.96,K7,3886,0.303,Orange,0.0188,1.0,Solar metallicity,Main Sequence,images/orange_dwarf.jpg,FALSE,0,"Gliese 667 System (45.6 ly away), Gliese 581 System (46.5 ly away), Barnard's Star System (57.3 ly away)"
Gliese GJ 3029,62.96,43.47,4.11,-45.36,M6,3739,0.155,Red,0.0042,0.5,Metal-poor,Main Sequence (Red Dwarf),images/red_dwarf.jpg,FALSE,0,"Gliese 876 System (51.5 ly away), Tau Ceti System (53.6 ly away), Epsilon Eridani System (57.5 ly away)"
Gliese GJ 1074,62.96,10.47,38.27,48.89,M0V:,3899,0.253,Red,0.0133,0.5,Metal-poor,Main Sequence (Red Dwarf),images/red_dwarf.jpg,FALSE,0,"55 Cancri System (47.4 ly away), Ross 128 System (55.3 ly away), Epsilon Eridani System (59.0 ly away)"
Gliese GJ 3311,62.96,13.12,39.39,47.34,m,3100,0.025,Red,0.0001,0.5,Metal-poor,Main Sequence (Red Dwarf),images/red_dwarf.jpg,FALSE,0,"55 Cancri System (48.7 ly away), Ross 128 System (55.4 ly away), Epsilon Eridani System (58.5 ly away)"
Gliese Gl 513,62.96,-57.09,-23.46,12.49,M5,3855,0.152,Red,0.0046,0.5,Metal-poor,Main Sequence (Red Dwarf),images/red_dwarf.jpg,FALSE,0,"Gliese 581 System (47.4 ly away), Wolf 359 System (57.0 ly away), 55 Cancri System (59.6 ly away)"
Gliese GJ 1126A,62.98,-42.39,32.39,-33.47,K3/K4V,4779,0.574,Orange,0.154,1.0,Solar metallicity,Main Sequence,images/orange_dwarf.jpg,FALSE,0,"55 Cancri System (56.0 ly away), Wolf 359 System (57.6 ly away), Ross 128 System (58.2 ly away)"
Hipparcos 99711,63.0,34.77,-52.53,-0.95,K0,4897,0.695,Orange,0.2489,1.0,Solar metallicity,Main Sequence,images/orange_dwarf.jpg,FALSE,0,"Gliese 876 System (52.6 ly away), Gliese 667 System (52.6 ly away), Barnard's Star System (58.4 ly away)"
Gliese Gl 231.1B,63.01,-4.7,62.59,5.62,m+,3934,0.081,Red,0.0014,0.5,Metal-poor,Main Sequence (Red Dwarf),images/red_dwarf.jpg,FALSE,0,"55 Cancri System (43.7 ly away), Ross 128 System (52.7 ly away), Epsilon Eridani System (55.9 ly away)"
Gliese Gl 571.1,63.09,-43.63,-43.91,-12.18,K7V,3997,0.477,Orange,0.0521,1.0,Solar metallicity,Main Sequence,images/orange_dwarf.jpg,FALSE,0,"Gliese 581 System (43.0 ly away), Gliese 667 System (47.7 ly away), Barnard's Star System (59.4 ly away)"
Gliese Gl 167.2,63.09,24.59,51.07,-27.71,M0,3983,0.166,Red,0.0062,0.5,Metal-poor,Main Sequence (Red Dwarf),images/red_dwarf.jpg,FALSE,0,"Epsilon Eridani System (53.3 ly away), Tau Ceti System (54.1 ly away), Ross 128 System (58.7 ly away)"
Gliese GJ 3441,63.11,-21.79,54.29,23.69,M2,3801,0.235,Red,0.0103,0.5,Metal-poor,Main Sequence (Red Dwarf),images/red_dwarf.jpg,FALSE,0,"55 Cancri System (28.9 ly away), Ross 128 System (52.1 ly away), Wolf 359 System (58.7 ly away)"
Gliese Gl 816.1B,63.15,31.44,-30.72,45.34,G2V,5700,0.047,Yellow,0.0021,1.0,Solar metallicity,Main Sequence,images/sun.jpg,FALSE,0,"Gliese 876 System (58.4 ly away), Barnard's Star System (59.5 ly away), Solar System (Earth/Sun) (63.1 ly away)"
Gliese GJ 9472,63.16,-52.35,-34.49,-7.65,M0,3921,0.366,Red,0.0284,0.5,Metal-poor,Main Sequence (Red Dwarf),images/red_dwarf.jpg,FALSE,0,"Gliese 581 System (44.1 ly away), Gliese 667 System (51.9 ly away), Wolf 359 System (58.6 ly away)"
Gliese GJ 3867,63.18,-47.04,-42.08,2.98,G8V,5015,0.673,Yellow,0.2573,1.0,Solar metallicity,Main Sequence,images/sun.jpg,FALSE,0,"Gliese 581 System (43.7 ly away), Gliese 667 System (52.3 ly away), Barnard's Star System (59.3 ly away)"
Gliese Gl 629.3,63.21,-14.72,-38.5,-47.92,M1 :,3824,0.138,Red,0.0037,0.5,Metal-poor,Main Sequence (Red Dwarf),images/red_dwarf.jpg,FALSE,0,"Gliese 667 System (41.9 ly away), Gliese 581 System (50.8 ly away), Proxima Centauri System (59.2 ly away)"
Gliese Gl 689,63.23,-2.04,-19.56,60.1,K5,4539,0.572,Orange,0.1245,1.0,Solar metallicity,Main Sequence,images/orange_dwarf.jpg,FALSE,0,"Barnard's Star System (60.3 ly away), Solar System (Earth/Sun) (63.2 ly away), Wolf 359 System (63.2 ly away)"
Gliese Gl 788.1,63.23,19.38,-27.0,-53.79,M,3862,0.307,Red,0.0188,0.5,Metal-poor,Main Sequence (Red Dwarf),images/red_dwarf.jpg,FALSE,0,"Gliese 667 System (47.4 ly away), Gliese 876 System (55.2 ly away), Proxima Centauri System (60.0 ly away)"
Gliese Gl 768.1B,63.25,28.97,-55.05,11.43,M3,3100,0.151,Red,0.0019,0.5,Metal-poor,Main Sequence (Red Dwarf),images/red_dwarf.jpg,FALSE,0,"Gliese 667 System (54.7 ly away), Gliese 876 System (55.0 ly away), Barnard's Star System (58.1 ly away)"
Gliese Gl 270,63.26,-18.07,49.98,34.29,M2:,3918,0.383,Red,0.031,0.5,Metal-poor,Main Sequence (Red Dwarf),images/red_dwarf.jpg,FALSE,0,"55 Cancri System (29.2 ly away), Ross 128 System (52.7 ly away), Wolf 359 System (59.3 ly away)"
Gliese Gl 314A,63.27,-37.36,44.87,-24.38,G3/G5V,5534,1.929,Yellow,3.1304,1.0,Solar metallicity,Main Sequence,images/sun.jpg,FALSE,0,"55 Cancri System (49.2 ly away), Ross 128 System (56.1 ly away), Wolf 359 System (58.0 ly away)"
Gliese GJ 1283,63.27,30.64,-5.53,-55.08,K7V,4401,0.511,Orange,0.0878,1.0,Solar metallicity,Main Sequence,images/orange_dwarf.jpg,FALSE,0,"Gliese 876 System (53.9 ly away), Gliese 667 System (55.5 ly away), Tau Ceti System (56.7 ly away)"
1 Cen,63.28,-47.5,-23.6,-34.51,F3V,6934,1.792,Yellow-White,6.6619,1.0,Solar metallicity,Main Sequence,images/sun.jpg,FALSE,0,"Gliese 581 System (47.7 ly away), Gliese 667 System (49.4 ly away), Wolf 359 System (59.4 ly away)"
Hipparcos 38594,63.31,-27.35,50.28,-27.06,M,3975,0.429,Red,0.0413,0.5,Metal-poor,Main Sequence (Red Dwarf),images/red_dwarf.jpg,FALSE,0,"55 Cancri System (52.3 ly away), Ross 128 System (56.0 ly away), Wolf 359 System (59.2 ly away)"
Mothallah,63.33,48.51,26.09,31.26,F6IV,6444,3.016,Yellow-White,14.0734,1.4,Metal-rich,Subgiant,images/sun.jpg,FALSE,0,"Tau Ceti System (55.7 ly away), Epsilon Eridani System (56.5 ly away), Gliese 876 System (57.7 ly away)"
Gliese GJ 9126,63.33,32.06,47.68,26.64,K2,3503,0.837,Orange,0.0947,1.0,Solar metallicity,Main Sequence,images/orange_dwarf.jpg,FALSE,0,"Epsilon Eridani System (55.0 ly away), Tau Ceti System (56.5 ly away), Ross 128 System (56.8 ly away)"
Bet Pic,63.41,2.21,39.78,-49.32,A3V,8394,1.46,White,9.4886,1.0,Solar metallicity,Main Sequence,images/sirius.jpg,TRUE,3,"Epsilon Eridani System (57.2 ly away), Tau Ceti System (58.3 ly away), Ross 128 System (60.9 ly away)"
Gliese GJ 4130,63.44,29.42,-50.59,24.49,G5,4912,0.735,Yellow,0.2818,1.0,Solar metallicity,Main Sequence,images/sun.jpg,FALSE,0,"Gliese 876 System (56.4 ly away), Barnard's Star System (58.4 ly away), Gliese 667 System (59.3 ly away)"
Gliese Gl 816.1A,63.5,31.62,-30.89,45.59,K2,4816,0.758,Orange,0.2772,1.0,Solar metallicity,Main Sequence,images/orange_dwarf.jpg,FALSE,0,"Gliese 876 System (58.7 ly away), Barnard's Star System (59.9 ly away), Solar System (Earth/Sun) (63.5 ly away)"
Gliese Gl 530,63.52,-51.15,-27.01,-26.23,G5V,5591,1.005,Yellow,0.8847,1.0,Solar metallicity,Main Sequence,images/sun.jpg,FALSE,0,"Gliese 581 System (46.3 ly away), Gliese 667 System (50.4 ly away), Wolf 359 System (59.1 ly away)"
Gliese Gl 642,63.52,-17.6,-59.6,13.11,M1,3942,0.276,Red,0.0166,0.5,Metal-poor,Main Sequence (Red Dwarf),images/red_dwarf.jpg,FALSE,0,"Gliese 581 System (47.2 ly away), Gliese 667 System (50.9 ly away), Barnard's Star System (57.8 ly away)"
Gliese Gl 140.1B,63.54,25.81,31.66,-48.67,K0,3973,0.344,Orange,0.0265,1.0,Solar metallicity,Main Sequence,images/orange_dwarf.jpg,FALSE,0,"Tau Ceti System (54.9 ly away), Epsilon Eridani System (56.0 ly away), Gliese 876 System (58.7 ly away)"
Gliese Gl 268.2,63.54,-8.94,27.07,-56.79,K5V,4204,0.525,Orange,0.0771,1.0,Solar metallicity,Main Sequence,images/orange_dwarf.jpg,FALSE,0,"Epsilon Eridani System (60.1 ly away), Proxima Centauri System (60.8 ly away), Tau Ceti System (61.0 ly away)"
Tureis,63.54,-30.59,49.17,-26.15,F2mF5IIp,6586,3.801,Yellow-White,24.3893,1.4,Metal-rich,Main Sequence,images/sun.jpg,FALSE,0,"55 Cancri System (51.3 ly away), Ross 128 System (56.2 ly away), Wolf 359 System (59.0 ly away)"
Gliese Gl 140A,63.57,36.58,45.22,25.64,M0...,3779,0.357,Red,0.0233,0.5,Metal-poor,Main Sequence (Red Dwarf),images/red_dwarf.jpg,FALSE,0,"Epsilon Eridani System (55.1 ly away), Tau Ceti System (56.1 ly away), Ross 128 System (57.8 ly away)"
Gliese Gl 690.1,63.58,-4.64,-60.74,-18.21,M2.5,3720,0.108,Red,0.002,0.5,Metal-poor,Main Sequence (Red Dwarf),images/red_dwarf.jpg,FALSE,0,"Gliese 667 System (42.7 ly away), Gliese 581 System (48.7 ly away), Barnard's Star System (58.5 ly away)"
Gliese Gl 874,63.58,48.44,-15.67,-38.08,M3,3824,0.172,Red,0.0056,0.5,Metal-poor,Main Sequence (Red Dwarf),images/red_dwarf.jpg,FALSE,0,"Gliese 876 System (49.8 ly away), Tau Ceti System (55.6 ly away), Gliese 667 System (57.6 ly away)"
Gliese Gl 59B,63.62,53.3,22.89,-26.12,m,4121,0.1,Red,0.0026,0.5,Metal-poor,Main Sequence (Red Dwarf),images/red_dwarf.jpg,FALSE,0,"Tau Ceti System (51.9 ly away), Gliese 876 System (52.6 ly away), Epsilon Eridani System (55.0 ly away)"
Gliese GJ 3528,63.64,-44.96,44.05,9.37,K:,3907,0.179,Orange,0.0067,1.0,Solar metallicity,Main Sequence,images/orange_dwarf.jpg,FALSE,0,"55 Cancri System (29.3 ly away), Ross 128 System (54.1 ly away), Wolf 359 System (56.9 ly away)"
Hipparcos 85042,63.68,-10.27,-62.79,-2.65,G5IV,5671,1.049,Yellow,1.0214,1.0,Solar metallicity,Subgiant,images/sun.jpg,FALSE,0,"Gliese 667 System (46.2 ly away), Gliese 581 System (47.5 ly away), Barnard's Star System (58.1 ly away)"
Gliese Gl 790,63.68,32.84,-43.69,-32.67,G6/G8V,5521,0.951,Yellow,0.7537,1.0,Solar metallicity,Main Sequence,images/sun.jpg,FALSE,0,"Gliese 667 System (48.3 ly away), Gliese 876 System (52.3 ly away), Barnard's Star System (60.7 ly away)"
Gliese GJ 1016,63.69,52.17,9.55,-35.27,G2V,3899,0.306,Yellow,0.0195,1.0,Solar metallicity,Main Sequence,images/sun.jpg,FALSE,0,"Gliese 876 System (51.2 ly away), Tau Ceti System (52.9 ly away), Epsilon Eridani System (56.9 ly away)"
Gliese Gl 627B,63.7,-23.4,-55.73,20.12,K3 V,4500,0.809,Orange,0.2408,1.0,Solar metallicity,Main Sequence,images/orange_dwarf.jpg,FALSE,0,"Gliese 581 System (47.5 ly away), Gliese 667 System (53.9 ly away), Barnard's Star System (58.2 ly away)"
Larawag,63.71,-15.79,-50.21,-35.9,K2IIIb,4422,10.842,Orange,40.3274,1.4,Metal-rich,Red Giant,images/orange_dwarf.jpg,FALSE,0,"Gliese 667 System (41.2 ly away), Gliese 581 System (48.2 ly away), Proxima Centauri System (60.1 ly away)"
Gliese GJ 4287,63.74,46.11,-17.35,40.44,M2,4005,0.498,Red,0.0573,0.5,Metal-poor,Main Sequence (Red Dwarf),images/red_dwarf.jpg,FALSE,0,"Gliese 876 System (56.1 ly away), Tau Ceti System (60.8 ly away), Barnard's Star System (61.6 ly away)"
Gliese Gl 100A,63.75,47.69,36.27,-21.78,K4V,4472,0.534,Orange,0.1023,1.0,Solar metallicity,Main Sequence,images/orange_dwarf.jpg,FALSE,0,"Tau Ceti System (52.1 ly away), Epsilon Eridani System (53.9 ly away), Gliese 876 System (55.6 ly away)"
Hipparcos 31555,63.76,-7.7,48.23,-40.99,G2V,3856,0.311,Yellow,0.0192,1.0,Solar metallicity,Main Sequence,images/sun.jpg,FALSE,0,"Epsilon Eridani System (57.7 ly away), Ross 128 System (58.8 ly away), Tau Ceti System (60.1 ly away)"
45 Boo,63.78,-39.59,-42.2,26.82,F5V,6729,1.389,Yellow-White,3.5514,1.0,Solar metallicity,Main Sequence,images/sun.jpg,FALSE,0,"Gliese 581 System (48.0 ly away), Gliese 667 System (58.9 ly away), Barnard's Star System (59.4 ly away)"
Gliese Gl 308B,63.79,-31.51,41.67,36.6,G2V,5700,0.091,Yellow,0.0079,1.0,Solar metallicity,Main Sequence,images/sun.jpg,FALSE,0,"55 Cancri System (24.7 ly away), Ross 128 System (53.8 ly away), Wolf 359 System (58.4 ly away)"
Alp Cha,63.8,-8.21,11.88,-62.15,F5III,6812,2.034,Yellow-White,7.9947,1.0,Solar metallicity,Red Giant,images/sun.jpg,FALSE,0,"Gliese 667 System (57.9 ly away), Proxima Centauri System (60.4 ly away), Tau Ceti System (62.1 ly away)"
Gliese Gl 710,63.8,5.52,-63.53,-2.16,K7V,4034,0.438,Orange,0.0456,1.0,Solar metallicity,Main Sequence,images/orange_dwarf.jpg,FALSE,0,"Gliese 667 System (47.3 ly away), Gliese 581 System (51.6 ly away), Barnard's Star System (58.1 ly away)"
16 UMa,63.83,-22.9,20.2,56.05,F9V,5948,1.586,Yellow-White,2.8262,1.0,Solar metallicity,Main Sequence,images/sun.jpg,FALSE,0,"55 Cancri System (37.4 ly away), Ross 128 System (57.0 ly away), Wolf 359 System (60.0 ly away)"
Gliese Gl 452A,63.83,-63.27,1.86,-8.19,M4,3734,0.183,Red,0.0059,0.5,Metal-poor,Main Sequence (Red Dwarf),images/red_dwarf.jpg,FALSE,0,"55 Cancri System (53.3 ly away), Gliese 581 System (53.5 ly away), Wolf 359 System (56.6 ly away)"
Gliese GJ 3907,63.83,-28.52,-37.07,43.43,m,3477,0.074,Red,0.0007,0.5,Metal-poor,Main Sequence (Red Dwarf),images/red_dwarf.jpg,FALSE,0,"Gliese 581 System (53.3 ly away), Barnard's Star System (59.6 ly away), Wolf 359 System (61.5 ly away)"
Gliese Gl 121.1,63.85,42.4,43.39,-19.91,G2V,3792,0.188,Yellow,0.0065,1.0,Solar metallicity,Main Sequence,images/sun.jpg,FALSE,0,"Tau Ceti System (52.7 ly away), Epsilon Eridani System (53.6 ly away), Gliese 876 System (57.7 ly away)"
Gliese GJ 3014A,63.89,10.34,0.62,63.04,M0,3711,0.262,Red,0.0117,0.5,Metal-poor,Main Sequence (Red Dwarf),images/red_dwarf.jpg,FALSE,0,"55 Cancri System (61.3 ly away), Ross 128 System (61.9 ly away), Barnard's Star System (62.8 ly away)"
Hipparcos 75277,63.94,-38.31,-46.8,20.73,K0,5269,0.814,Orange,0.4579,1.0,Solar metallicity,Main Sequence,images/orange_dwarf.jpg,FALSE,0,"Gliese 581 System (46.7 ly away), Gliese 667 System (56.3 ly away), Barnard's Star System (59.3 ly away)"
Hipparcos 80381,63.95,-18.74,-42.31,-44.15,K5,4234,0.342,Orange,0.0338,1.0,Solar metallicity,Main Sequence,images/orange_dwarf.jpg,FALSE,0,"Gliese 667 System (42.2 ly away), Gliese 581 System (49.8 ly away), Proxima Centauri System (60.0 ly away)"
Hipparcos 90368,63.95,5.03,-43.49,46.62,F8,5739,0.207,Yellow-White,0.0418,1.0,Solar metallicity,Main Sequence,images/sun.jpg,FALSE,0,"Barnard's Star System (59.1 ly away), Gliese 581 System (59.6 ly away), Solar System (Earth/Sun) (64.0 ly away)"
Gliese GJ 3101,63.95,52.15,23.23,-28.81,m,3100,0.137,Red,0.0016,0.5,Metal-poor,Main Sequence (Red Dwarf),images/red_dwarf.jpg,FALSE,0,"Tau Ceti System (52.3 ly away), Gliese 876 System (53.1 ly away), Epsilon Eridani System (55.4 ly away)"
Gliese GJ 3321,63.95,16.02,61.77,4.19,M1,3764,0.239,Red,0.0103,0.5,Metal-poor,Main Sequence (Red Dwarf),images/red_dwarf.jpg,FALSE,0,"Epsilon Eridani System (54.7 ly away), Ross 128 System (55.4 ly away), 55 Cancri System (56.0 ly away)"
Gliese GJ 3353A,63.95,7.05,62.52,11.46,M3,3100,0.218,Red,0.004,0.5,Metal-poor,Main Sequence (Red Dwarf),images/red_dwarf.jpg,FALSE,0,"55 Cancri System (48.8 ly away), Ross 128 System (54.2 ly away), Epsilon Eridani System (55.8 ly away)"
Gliese GJ 3354B,63.95,7.05,62.52,11.46,M3.5,3100,0.12,Red,0.0012,0.5,Metal-poor,Main Sequence (Red Dwarf),images/red_dwarf.jpg,FALSE,0,"55 Cancri System (48.8 ly away), Ross 128 System (54.2 ly away), Epsilon Eridani System (55.8 ly away)"
Gliese GJ 3383,63.95,-1.15,60.57,20.5,G5,5700,0.477,Yellow,0.2152,1.0,Solar metallicity,Main Sequence,images/sun.jpg,FALSE,0,"55 Cancri System (41.7 ly away), Ross 128 System (53.5 ly away), Epsilon Eridani System (57.3 ly away)"
Gliese GJ 3419,63.95,-16.09,60.84,-11.4,m,3100,0.127,Red,0.0013,0.5,Metal-poor,Main Sequence (Red Dwarf),images/red_dwarf.jpg,TRUE,1,"55 Cancri System (47.1 ly away), Ross 128 System (54.5 ly away), Epsilon Eridani System (57.9 ly away)"
Gliese GJ 3560,63.95,-24.83,18.17,56.07,M3,3734,0.178,Red,0.0056,0.5,Metal-poor,Main Sequence (Red Dwarf),images/red_dwarf.jpg,FALSE,0,"55 Cancri System (37.8 ly away), Ross 128 System (57.4 ly away), Wolf 359 System (60.0 ly away)"
Gliese GJ 3600A,63.95,-37.35,16.23,49.31,k-m,4500,0.06,Orange,0.0013,1.0,Solar metallicity,Main Sequence,images/orange_dwarf.jpg,FALSE,0,"55 Cancri System (34.3 ly away), Ross 128 System (57.4 ly away), Wolf 359 System (58.6 ly away)"
Gliese GJ 3601B,63.95,-37.35,16.23,49.31,m,3100,0.117,Red,0.0011,0.5,Metal-poor,Main Sequence (Red Dwarf),images/red_dwarf.jpg,FALSE,0,"55 Cancri System (34.3 ly away), Ross 128 System (57.4 ly away), Wolf 359 System (58.6 ly away)"
Gliese GJ 3639,63.95,-49.74,12.59,38.18,m,3100,0.117,Red,0.0011,0.5,Metal-poor,Main Sequence (Red Dwarf),images/red_dwarf.jpg,FALSE,0,"55 Cancri System (34.5 ly away), Wolf 359 System (57.3 ly away), Ross 128 System (58.0 ly away)"
Gliese GJ 1143B,63.95,-57.68,11.53,-25.1,G2V,5700,0.038,Yellow,0.0013,1.0,Solar metallicity,Main Sequence,images/sun.jpg,FALSE,0,"Gliese 581 System (56.8 ly away), 55 Cancri System (57.3 ly away), Wolf 359 System (57.4 ly away)"
Gliese GJ 3719,63.95,-54.57,-4.05,33.08,dM4-5e,3622,0.069,White,0.0007,1.0,Solar metallicity,White Dwarf,images/sirius.jpg,FALSE,0,"55 Cancri System (44.8 ly away), Gliese 581 System (56.1 ly away), Wolf 359 System (57.4 ly away)"
Gliese GJ 3744,63.95,-13.19,-2.47,62.53,m,3322,0.038,Red,0.0002,0.5,Metal-poor,Main Sequence (Red Dwarf),images/red_dwarf.jpg,FALSE,0,"55 Cancri System (53.0 ly away), Ross 128 System (61.2 ly away), Wolf 359 System (62.0 ly away)"
Gliese GJ 3802,63.95,-56.88,-27.44,10.08,m,3100,0.153,Red,0.0019,0.5,Metal-poor,Main Sequence (Red Dwarf),images/red_dwarf.jpg,FALSE,0,"Gliese 581 System (47.3 ly away), Wolf 359 System (58.3 ly away), Gliese 667 System (59.0 ly away)"
Gliese GJ 3821,63.95,-51.37,-30.41,-22.93,M3.5,3635,0.106,Red,0.0018,0.5,Metal-poor,Main Sequence (Red Dwarf),images/red_dwarf.jpg,FALSE,0,"Gliese 581 System (45.9 ly away), Gliese 667 System (50.5 ly away), Wolf 359 System (59.6 ly away)"
Gliese GJ 3858,63.95,-32.6,-25.53,48.74,m,3100,0.142,Red,0.0017,0.5,Metal-poor,Main Sequence (Red Dwarf),images/red_dwarf.jpg,FALSE,0,"Gliese 581 System (56.0 ly away), 55 Cancri System (59.9 ly away), Barnard's Star System (60.7 ly away)"
Gliese GJ 3899,63.95,-41.63,-48.41,3.53,DA wk,12000,0.01,White,0.0008,1.0,Solar metallicity,White Dwarf,images/sirius.jpg,FALSE,0,"Gliese 581 System (44.2 ly away), Gliese 667 System (51.4 ly away), Barnard's Star System (59.5 ly away)"
Gliese GJ 3911,63.95,-26.36,-35.51,46.2,m,3100,0.122,Red,0.0012,0.5,Metal-poor,Main Sequence (Red Dwarf),images/red_dwarf.jpg,FALSE,0,"Gliese 581 System (54.6 ly away), Barnard's Star System (59.8 ly away), Wolf 359 System (61.8 ly away)"
Gliese GJ 4151,63.95,20.43,-25.48,54.98,m,3100,0.131,Red,0.0014,0.5,Metal-poor,Main Sequence (Red Dwarf),images/red_dwarf.jpg,FALSE,0,"Barnard's Star System (60.6 ly away), Gliese 876 System (62.8 ly away), Solar System (Earth/Sun) (63.9 ly away)"
Gliese GJ 4236,63.95,54.55,-33.39,-1.44,DA6,7726,0.013,White,0.0006,1.0,Solar metallicity,White Dwarf,images/sirius.jpg,FALSE,0,"Gliese 876 System (49.8 ly away), Tau Ceti System (58.6 ly away), Gliese 667 System (60.9 ly away)"
Gliese GJ 4348,63.95,42.08,-4.36,-47.96,G2V,3886,0.136,Yellow,0.0038,1.0,Solar metallicity,Main Sequence,images/sun.jpg,FALSE,0,"Gliese 876 System (52.3 ly away), Tau Ceti System (55.6 ly away), Gliese 667 System (59.0 ly away)"
Hipparcos 112978,63.96,53.66,-16.2,-30.81,M:,3745,0.188,Red,0.0063,0.5,Metal-poor,Main Sequence (Red Dwarf),images/red_dwarf.jpg,FALSE,0,"Gliese 876 System (49.3 ly away), Tau Ceti System (55.6 ly away), Gliese 667 System (59.7 ly away)"
Gliese GJ 3643,64.08,-61.3,14.8,11.39,K:,3688,0.151,Orange,0.0038,1.0,Solar metallicity,Main Sequence,images/orange_dwarf.jpg,FALSE,0,"55 Cancri System (39.4 ly away), Wolf 359 System (56.3 ly away), Ross 128 System (58.6 ly away)"
Gliese Gl 91.3,64.08,38.76,26.38,43.67,DC9,5534,0.011,White,0.0001,1.0,Solar metallicity,White Dwarf,images/sirius.jpg,FALSE,0,"Epsilon Eridani System (58.7 ly away), Tau Ceti System (58.9 ly away), Ross 128 System (60.6 ly away)"
Gliese Gl 755.1,64.08,21.63,-58.1,16.23,DA5,9434,0.017,White,0.0021,1.0,Solar metallicity,White Dwarf,images/sirius.jpg,FALSE,0,"Gliese 667 System (55.3 ly away), Gliese 876 System (57.9 ly away), Gliese 581 System (58.2 ly away)"
Gliese GJ 1261,64.08,28.59,-24.22,51.98,DA,9328,0.024,White,0.0039,1.0,Solar metallicity,White Dwarf,images/sirius.jpg,FALSE,0,"Gliese 876 System (60.9 ly away), Barnard's Star System (61.0 ly away), Solar System (Earth/Sun) (64.1 ly away)"
Gliese Gl 45,64.12,28.93,7.39,-56.74,K7V,4123,0.454,Orange,0.0534,1.0,Solar metallicity,Main Sequence,images/orange_dwarf.jpg,FALSE,0,"Gliese 876 System (56.2 ly away), Tau Ceti System (56.7 ly away), Epsilon Eridani System (59.5 ly away)"
Gliese Gl 627A,64.12,-23.55,-56.09,20.25,K2V,5140,0.932,Orange,0.5435,1.0,Solar metallicity,Main Sequence,images/orange_dwarf.jpg,FALSE,0,"Gliese 581 System (47.9 ly away), Gliese 667 System (54.3 ly away), Barnard's Star System (58.6 ly away)"
Hipparcos 112527,64.17,6.7,-2.19,63.78,K2,5087,0.739,Orange,0.3278,1.0,Solar metallicity,Main Sequence,images/orange_dwarf.jpg,FALSE,0,"55 Cancri System (61.1 ly away), Ross 128 System (62.4 ly away), Barnard's Star System (62.8 ly away)"
Gliese GJ 3032,64.18,40.27,4.11,-49.8,M:,3770,0.182,Red,0.006,0.5,Metal-poor,Main Sequence (Red Dwarf),images/red_dwarf.jpg,FALSE,0,"Gliese 876 System (53.6 ly away), Tau Ceti System (55.4 ly away), Epsilon Eridani System (59.1 ly away)"
Gliese Gl 308A,64.18,-31.7,41.93,36.83,M0V,3694,0.317,Red,0.0167,0.5,Metal-poor,Main Sequence (Red Dwarf),images/red_dwarf.jpg,FALSE,0,"55 Cancri System (25.1 ly away), Ross 128 System (54.2 ly away), Wolf 359 System (58.8 ly away)"
Gliese GJ 9163,64.2,21.55,59.6,-10.26,M0V...,3809,0.373,Red,0.0263,0.5,Metal-poor,Main Sequence (Red Dwarf),images/red_dwarf.jpg,FALSE,0,"Epsilon Eridani System (54.2 ly away), Tau Ceti System (56.2 ly away), Ross 128 System (57.3 ly away)"
Gliese GJ 3016,64.2,62.39,3.87,-14.64,DC8,6047,0.011,White,0.0001,1.0,Solar metallicity,White Dwarf,images/sirius.jpg,FALSE,0,"Gliese 876 System (50.1 ly away), Tau Ceti System (53.3 ly away), Epsilon Eridani System (57.8 ly away)"
Gliese GJ 3504,64.2,-39.63,50.49,-1.77,m,3100,0.025,Red,0.0001,0.5,Metal-poor,Main Sequence (Red Dwarf),images/red_dwarf.jpg,FALSE,0,"55 Cancri System (35.8 ly away), Ross 128 System (54.6 ly away), Wolf 359 System (58.2 ly away)"
Gliese GJ 1219,64.2,-8.74,-61.55,16.06,m,3440,0.095,Red,0.0011,0.5,Metal-poor,Main Sequence (Red Dwarf),images/red_dwarf.jpg,FALSE,0,"Gliese 581 System (50.0 ly away), Gliese 667 System (52.4 ly away), Barnard's Star System (58.3 ly away)"
Gliese Gl 705.2,64.2,1.33,-38.8,51.14,K5,3794,0.134,Orange,0.0033,1.0,Solar metallicity,Main Sequence,images/orange_dwarf.jpg,FALSE,0,"Barnard's Star System (59.7 ly away), Gliese 581 System (60.5 ly away), Solar System (Earth/Sun) (64.2 ly away)"
Gliese GJ 3524,64.33,-30.3,30.07,48.12,k-m,3516,0.074,Orange,0.0008,1.0,Solar metallicity,Main Sequence,images/orange_dwarf.jpg,FALSE,0,"55 Cancri System (29.9 ly away), Ross 128 System (55.9 ly away), Wolf 359 System (59.4 ly away)"
Gliese GJ 3139,64.36,52.64,33.41,-15.96,G2V,3768,0.191,Yellow,0.0066,1.0,Solar metallicity,Main Sequence,images/sun.jpg,FALSE,0,"Tau Ceti System (52.5 ly away), Epsilon Eridani System (54.7 ly away), Gliese 876 System (55.2 ly away)"
Gliese Gl 308.1,64.37,-18.56,24.19,56.69,M0,4043,0.329,Red,0.026,0.5,Metal-poor,Main Sequence (Red Dwarf),images/red_dwarf.jpg,FALSE,0,"55 Cancri System (38.1 ly away), Ross 128 System (57.2 ly away), Wolf 359 System (61.0 ly away)"
Gliese Gl 836.8,64.38,39.97,-26.84,42.74,K0,4062,0.438,Orange,0.0469,1.0,Solar metallicity,Main Sequence,images/orange_dwarf.jpg,FALSE,0,"Gliese 876 System (57.8 ly away), Barnard's Star System (61.3 ly away), Tau Ceti System (63.3 ly away)"
Hipparcos 63480,64.39,-51.17,-13.81,-36.57,Mp,3100,0.486,Red,0.0195,0.5,Metal-poor,Main Sequence (Red Dwarf),images/red_dwarf.jpg,FALSE,0,"Gliese 581 System (51.1 ly away), Gliese 667 System (53.5 ly away), Wolf 359 System (59.8 ly away)"
7Nu 2CMa,64.42,-9.69,60.04,-21.24,K1III+...,4656,4.604,Orange,8.9372,1.0,Solar metallicity,Red Giant,images/orange_dwarf.jpg,FALSE,0,"55 Cancri System (54.8 ly away), Ross 128 System (56.2 ly away), Epsilon Eridani System (57.5 ly away)"
Eta Cru,64.43,-27.61,-0.83,-58.21,F2III,7141,1.793,Yellow-White,7.5024,1.0,Solar metallicity,Red Giant,images/sun.jpg,FALSE,0,"Gliese 667 System (54.2 ly away), Gliese 581 System (59.2 ly away), Proxima Centauri System (60.5 ly away)"
Hipparcos 36704,64.46,-20.31,47.28,38.82,G5,5098,0.69,Yellow,0.2881,1.0,Solar metallicity,Main Sequence,images/sun.jpg,FALSE,0,"55 Cancri System (29.4 ly away), Ross 128 System (54.2 ly away), Wolf 359 System (60.3 ly away)"
Gliese Gl 456.1A,64.47,-44.57,-1.93,-46.54,K5V,4436,0.636,Orange,0.1406,1.0,Solar metallicity,Main Sequence,images/orange_dwarf.jpg,FALSE,0,"Gliese 667 System (55.6 ly away), Gliese 581 System (55.7 ly away), Wolf 359 System (60.4 ly away)"
Gliese Gl 818.1A,64.47,13.73,-12.65,-61.71,G3IV,6007,1.254,Yellow,1.8365,1.0,Solar metallicity,Subgiant,images/sun.jpg,FALSE,0,"Gliese 667 System (51.9 ly away), Gliese 876 System (58.5 ly away), Proxima Centauri System (61.1 ly away)"
Gliese Gl 140B,64.53,37.14,45.91,26.03,G2V,5700,0.076,Yellow,0.0054,1.0,Solar metallicity,Main Sequence,images/sun.jpg,FALSE,0,"Epsilon Eridani System (56.1 ly away), Tau Ceti System (57.0 ly away), Ross 128 System (58.7 ly away)"
Gliese Gl 140C,64.53,37.12,45.93,26.02,m,3794,0.179,Red,0.006,0.5,Metal-poor,Main Sequence (Red Dwarf),images/red_dwarf.jpg,FALSE,0,"Epsilon Eridani System (56.1 ly away), Tau Ceti System (57.0 ly away), Ross 128 System (58.7 ly away)"
Gliese Gl 328,64.56,-44.65,46.59,1.74,M1,3997,0.388,Red,0.0345,0.5,Metal-poor,Main Sequence (Red Dwarf),images/red_dwarf.jpg,FALSE,0,"55 Cancri System (33.9 ly away), Ross 128 System (55.2 ly away), Wolf 359 System (58.0 ly away)"
Gliese GJ 3040,64.59,20.58,3.13,61.14,k-m,3581,0.095,Orange,0.0013,1.0,Solar metallicity,Main Sequence,images/orange_dwarf.jpg,FALSE,0,"Ross 128 System (62.9 ly away), Barnard's Star System (63.8 ly away), Solar System (Earth/Sun) (64.6 ly away)"
Gliese GJ 1162,64.59,-63.48,-10.85,-4.87,m,3649,0.092,Red,0.0013,0.5,Metal-poor,Main Sequence (Red Dwarf),images/red_dwarf.jpg,FALSE,0,"Gliese 581 System (50.8 ly away), Wolf 359 System (57.8 ly away), 55 Cancri System (58.8 ly away)"
Gliese GJ 1185,64.59,-47.94,-43.13,-3.56,m,3608,0.105,Red,0.0017,0.5,Metal-poor,Main Sequence (Red Dwarf),images/red_dwarf.jpg,FALSE,0,"Gliese 581 System (44.7 ly away), Gliese 667 System (51.9 ly away), Barnard's Star System (60.9 ly away)"
Gliese Gl 825.3,64.64,49.16,-41.97,0.18,K2,4767,0.637,Orange,0.1879,1.0,Solar metallicity,Main Sequence,images/orange_dwarf.jpg,FALSE,0,"Gliese 876 System (51.6 ly away), Gliese 667 System (59.1 ly away), Tau Ceti System (61.1 ly away)"
Gliese GJ 2154A,64.69,59.71,-12.07,-21.75,K7V,3872,0.333,Orange,0.0224,1.0,Solar metallicity,Main Sequence,images/orange_dwarf.jpg,FALSE,0,"Gliese 876 System (49.6 ly away), Tau Ceti System (55.5 ly away), Epsilon Eridani System (60.7 ly away)"
Gliese GJ 3822,64.76,-54.17,-32.01,15.33,M0,3707,0.329,Red,0.0184,0.5,Metal-poor,Main Sequence (Red Dwarf),images/red_dwarf.jpg,FALSE,0,"Gliese 581 System (48.0 ly away), Wolf 359 System (59.6 ly away), Gliese 667 System (59.8 ly away)"
Hipparcos 113421,64.76,62.37,-17.22,-2.71,G8IV,5455,1.213,Yellow,1.1695,1.0,Solar metallicity,Subgiant,images/sun.jpg,FALSE,0,"Gliese 876 System (49.9 ly away), Tau Ceti System (56.6 ly away), Epsilon Eridani System (61.7 ly away)"
Gliese Gl 659A,64.78,-8.11,-36.74,52.73,K0,4405,0.542,Orange,0.0991,1.0,Solar metallicity,Main Sequence,images/orange_dwarf.jpg,FALSE,0,"Gliese 581 System (59.6 ly away), Barnard's Star System (60.4 ly away), Wolf 359 System (64.7 ly away)"
Gliese Gl 586C,64.79,-39.45,-50.38,-10.17,k-m,3345,0.046,Orange,0.0002,1.0,Solar metallicity,Main Sequence,images/orange_dwarf.jpg,FALSE,0,"Gliese 581 System (44.5 ly away), Gliese 667 System (48.4 ly away), Barnard's Star System (60.6 ly away)"
Gliese GJ 1178,64.84,-56.91,-28.81,11.66,DA7,6989,0.012,White,0.0003,1.0,Solar metallicity,White Dwarf,images/sirius.jpg,FALSE,0,"Gliese 581 System (48.2 ly away), Wolf 359 System (59.3 ly away), Gliese 667 System (59.9 ly away)"
Gliese Gl 199A,64.87,10.8,59.42,-23.66,K4V,4125,0.491,Orange,0.0627,1.0,Solar metallicity,Main Sequence,images/orange_dwarf.jpg,FALSE,0,"Epsilon Eridani System (55.8 ly away), Tau Ceti System (58.1 ly away), Ross 128 System (58.2 ly away)"
Gliese GJ 3859,64.88,-8.24,-6.29,64.05,G5,5360,0.907,Yellow,0.6098,1.0,Solar metallicity,Main Sequence,images/sun.jpg,FALSE,0,"55 Cancri System (57.5 ly away), Ross 128 System (62.9 ly away), Barnard's Star System (63.1 ly away)"
Gliese Gl 389A,64.91,-29.4,13.33,-56.31,M,3886,0.323,Red,0.0214,0.5,Metal-poor,Main Sequence (Red Dwarf),images/red_dwarf.jpg,FALSE,0,"Gliese 667 System (59.6 ly away), Proxima Centauri System (61.4 ly away), Wolf 359 System (62.3 ly away)"
Gliese Gl 314B,64.97,-38.37,46.07,-25.03,K0 V,4500,1.338,Orange,0.6583,1.0,Solar metallicity,Main Sequence,images/orange_dwarf.jpg,FALSE,0,"55 Cancri System (50.6 ly away), Ross 128 System (57.8 ly away), Wolf 359 System (59.7 ly away)"
Gliese GJ 3678,64.98,-47.84,4.4,43.76,K5V,4791,0.614,Orange,0.1782,1.0,Solar metallicity,Main Sequence,images/orange_dwarf.jpg,TRUE,3,"55 Cancri System (40.3 ly away), Wolf 359 System (58.9 ly away), Ross 128 System (60.3 ly away)"
Gliese Gl 800B,65.01,40.14,-46.6,-21.08,G2V,5700,0.03,Yellow,0.0009,1.0,Solar metallicity,Main Sequence,images/sun.jpg,FALSE,0,"Gliese 667 System (52.5 ly away), Gliese 876 System (52.6 ly away), Barnard's Star System (61.6 ly away)"
Gliese Gl 81.2,65.02,28.2,15.72,-56.44,K5V,4424,0.602,Orange,0.1245,1.0,Solar metallicity,Main Sequence,images/orange_dwarf.jpg,FALSE,0,"Tau Ceti System (57.1 ly away), Gliese 876 System (58.0 ly away), Epsilon Eridani System (59.4 ly away)"
Gliese Gl 840,65.09,46.99,-28.58,34.81,K0,4967,0.717,Orange,0.2805,1.0,Solar metallicity,Main Sequence,images/orange_dwarf.jpg,FALSE,0,"Gliese 876 System (56.2 ly away), Barnard's Star System (62.1 ly away), Tau Ceti System (62.7 ly away)"
Gliese Gl 660.1,65.1,-13.24,-63.47,-5.82,K,3809,0.204,Orange,0.0079,1.0,Solar metallicity,Main Sequence,images/orange_dwarf.jpg,FALSE,0,"Gliese 667 System (46.8 ly away), Gliese 581 System (48.2 ly away), Barnard's Star System (59.6 ly away)"
Gliese GJ 4076,65.1,7.88,-38.87,51.62,M1,3333,0.053,Red,0.0003,0.5,Metal-poor,Main Sequence (Red Dwarf),images/red_dwarf.jpg,FALSE,0,"Barnard's Star System (60.6 ly away), Gliese 581 System (62.8 ly away), Solar System (Earth/Sun) (65.1 ly away)"
Gliese GJ 4024,65.11,-4.8,-64.6,6.57,M2,3783,0.318,Red,0.0186,0.5,Metal-poor,Main Sequence (Red Dwarf),images/red_dwarf.jpg,FALSE,0,"Gliese 667 System (50.3 ly away), Gliese 581 System (50.8 ly away), Barnard's Star System (59.2 ly away)"
Gliese Gl 171.1B,65.11,22.39,58.27,18.5,dM2,12000,0.01,White,0.0014,1.0,Solar metallicity,White Dwarf,images/sirius.jpg,FALSE,0,"Epsilon Eridani System (56.3 ly away), Ross 128 System (56.8 ly away), 55 Cancri System (56.8 ly away)"
Gliese Gl 297.1,65.17,-16.7,26.46,-57.16,F5V,6689,1.568,Yellow-White,4.4177,1.0,Solar metallicity,Main Sequence,images/sun.jpg,FALSE,0,"Proxima Centauri System (62.3 ly away), Epsilon Eridani System (62.7 ly away), Wolf 359 System (63.7 ly away)"
Gliese Gl 443,65.21,-63.15,3.66,-15.79,M,3827,0.196,Red,0.0074,0.5,Metal-poor,Main Sequence (Red Dwarf),images/red_dwarf.jpg,FALSE,0,"Gliese 581 System (55.3 ly away), 55 Cancri System (56.8 ly away), Wolf 359 System (58.2 ly away)"
Gliese GJ 3863,65.22,-12.72,-10.86,-63.04,G5V,5578,0.903,Yellow,0.7079,1.0,Solar metallicity,Main Sequence,images/sun.jpg,FALSE,0,"Gliese 667 System (51.4 ly away), Gliese 581 System (60.5 ly away), Proxima Centauri System (61.2 ly away)"
Gliese GJ 3018A,65.23,24.38,1.7,-60.48,m,3100,0.419,Red,0.0145,0.5,Metal-poor,Main Sequence (Red Dwarf),images/red_dwarf.jpg,FALSE,0,"Gliese 876 System (57.9 ly away), Gliese 667 System (58.5 ly away), Tau Ceti System (59.0 ly away)"
Gliese GJ 3019B,65.23,24.39,1.68,-60.48,m,3100,0.205,Red,0.0035,0.5,Metal-poor,Main Sequence (Red Dwarf),images/red_dwarf.jpg,FALSE,0,"Gliese 876 System (57.9 ly away), Gliese 667 System (58.5 ly away), Tau Ceti System (59.0 ly away)"
Gliese GJ 3350,65.23,7.1,55.93,-32.81,m,3100,0.163,Red,0.0022,0.5,Metal-poor,Main Sequence (Red Dwarf),images/red_dwarf.jpg,FALSE,0,"Epsilon Eridani System (56.9 ly away), Tau Ceti System (58.9 ly away), Ross 128 System (59.5 ly away)"
Gliese GJ 3480,65.23,-18.08,28.88,55.63,m,3100,0.188,Red,0.0029,0.5,Metal-poor,Main Sequence (Red Dwarf),images/red_dwarf.jpg,FALSE,0,"55 Cancri System (37.2 ly away), Ross 128 System (57.4 ly away), Wolf 359 System (61.8 ly away)"
Gliese GJ 3531,65.23,-46.18,43.73,14.52,m,3100,0.141,Red,0.0017,0.5,Metal-poor,Main Sequence (Red Dwarf),images/red_dwarf.jpg,FALSE,0,"55 Cancri System (28.7 ly away), Ross 128 System (55.6 ly away), Wolf 359 System (58.4 ly away)"
Gliese GJ 3548A,65.23,-44.42,37.68,29.36,k-m,3794,0.192,Orange,0.0068,1.0,Solar metallicity,Main Sequence,images/orange_dwarf.jpg,FALSE,0,"55 Cancri System (25.6 ly away), Ross 128 System (55.9 ly away), Wolf 359 System (58.6 ly away)"
Gliese GJ 3549B,65.23,-44.4,37.69,29.38,m,3100,0.041,Red,0.0001,0.5,Metal-poor,Main Sequence (Red Dwarf),images/red_dwarf.jpg,FALSE,0,"55 Cancri System (25.5 ly away), Ross 128 System (55.9 ly away), Wolf 359 System (58.6 ly away)"
Gliese GJ 1130B,65.23,-47.23,29.09,-34.33,G2V,3516,0.066,Yellow,0.0006,1.0,Solar metallicity,Main Sequence,images/sun.jpg,FALSE,0,"55 Cancri System (58.3 ly away), Wolf 359 System (59.6 ly away), Ross 128 System (60.9 ly away)"
Gliese GJ 3632,65.23,-61.84,17.85,-10.61,M4,3608,0.094,Red,0.0013,0.5,Metal-poor,Main Sequence (Red Dwarf),images/red_dwarf.jpg,FALSE,0,"55 Cancri System (48.6 ly away), Wolf 359 System (57.8 ly away), Gliese 581 System (59.6 ly away)"
Gliese GJ 1142A,65.23,-63.3,14.58,-5.95,dM6,3764,0.135,White,0.0033,1.0,Solar metallicity,White Dwarf,images/sirius.jpg,FALSE,0,"55 Cancri System (47.8 ly away), Wolf 359 System (57.6 ly away), Gliese 581 System (58.7 ly away)"
Gliese GJ 1142B,65.23,-63.3,14.61,-5.86,DA3,9542,0.018,White,0.0024,1.0,Solar metallicity,White Dwarf,images/sirius.jpg,FALSE,0,"55 Cancri System (47.7 ly away), Wolf 359 System (57.6 ly away), Gliese 581 System (58.7 ly away)"
Gliese GJ 3675,65.23,-9.25,0.88,64.57,m,3794,0.192,Red,0.0068,0.5,Metal-poor,Main Sequence (Red Dwarf),images/red_dwarf.jpg,TRUE,3,"55 Cancri System (54.0 ly away), Ross 128 System (62.1 ly away), Wolf 359 System (63.7 ly away)"
Gliese GJ 1147,65.23,-48.74,4.6,-43.11,k,3490,0.089,Orange,0.0011,1.0,Solar metallicity,Main Sequence,images/orange_dwarf.jpg,FALSE,0,"Gliese 581 System (57.5 ly away), Gliese 667 System (59.1 ly away), Wolf 359 System (60.4 ly away)"
Gliese GJ 3700,65.23,-63.75,-0.47,-13.82,M5-6,3855,0.143,Red,0.004,0.5,Metal-poor,Main Sequence (Red Dwarf),images/red_dwarf.jpg,FALSE,0,"Gliese 581 System (54.1 ly away), 55 Cancri System (57.8 ly away), Wolf 359 System (58.3 ly away)"
Gliese GJ 3766,65.23,-54.54,-17.55,31.19,m,3322,0.037,Red,0.0002,0.5,Metal-poor,Main Sequence (Red Dwarf),images/red_dwarf.jpg,FALSE,0,"Gliese 581 System (53.7 ly away), 55 Cancri System (54.3 ly away), Wolf 359 System (59.3 ly away)"
Gliese GJ 3790,65.23,-55.13,-23.36,25.89,m,3100,0.229,Red,0.0043,0.5,Metal-poor,Main Sequence (Red Dwarf),images/red_dwarf.jpg,FALSE,0,"Gliese 581 System (51.6 ly away), 55 Cancri System (58.5 ly away), Wolf 359 System (59.5 ly away)"
Gliese GJ 3795,65.23,-53.36,-24.49,28.42,M3,3764,0.135,Red,0.0033,0.5,Metal-poor,Main Sequence (Red Dwarf),images/red_dwarf.jpg,FALSE,0,"Gliese 581 System (51.8 ly away), 55 Cancri System (58.9 ly away), Wolf 359 System (59.8 ly away)"
Gliese GJ 3811,65.23,-34.28,-18.1,-52.46,m,3100,0.171,Red,0.0024,0.5,Metal-poor,Main Sequence (Red Dwarf),images/red_dwarf.jpg,FALSE,0,"Gliese 667 System (50.1 ly away), Gliese 581 System (54.2 ly away), Proxima Centauri System (61.1 ly away)"
Gliese GJ 3853,65.23,-45.01,-34.54,32.19,m,3100,0.076,Red,0.0005,0.5,Metal-poor,Main Sequence (Red Dwarf),images/red_dwarf.jpg,FALSE,0,"Gliese 581 System (51.1 ly away), Wolf 359 System (61.1 ly away), Barnard's Star System (61.5 ly away)"
Gliese GJ 2135,65.23,6.66,-63.17,-14.84,DA7,6776,0.01,White,0.0002,1.0,Solar metallicity,White Dwarf,images/sirius.jpg,FALSE,0,"Gliese 667 System (46.0 ly away), Gliese 581 System (53.1 ly away), Barnard's Star System (60.0 ly away)"
Gliese GJ 4131,65.23,28.61,-47.56,-34.28,m,3100,0.082,Red,0.0006,0.5,Metal-poor,Main Sequence (Red Dwarf),images/red_dwarf.jpg,FALSE,0,"Gliese 667 System (48.2 ly away), Gliese 876 System (54.9 ly away), Gliese 581 System (61.3 ly away)"
Gliese GJ 4163,65.23,41.26,-45.48,22.01,m,3734,0.094,Red,0.0015,0.5,Metal-poor,Main Sequence (Red Dwarf),images/red_dwarf.jpg,FALSE,0,"Gliese 876 System (55.6 ly away), Barnard's Star System (60.9 ly away), Gliese 667 System (62.9 ly away)"
Gliese GJ 4166,65.23,39.5,-42.98,29.11,DC9,4866,0.02,White,0.0002,1.0,Solar metallicity,White Dwarf,images/sirius.jpg,FALSE,0,"Gliese 876 System (56.8 ly away), Barnard's Star System (61.0 ly away), Tau Ceti System (64.9 ly away)"
Gliese GJ 4290,65.23,43.69,-15.76,45.8,m,3100,0.149,Red,0.0018,0.5,Metal-poor,Main Sequence (Red Dwarf),images/red_dwarf.jpg,FALSE,0,"Gliese 876 System (58.8 ly away), Tau Ceti System (62.9 ly away), Barnard's Star System (63.1 ly away)"
Gliese GJ 4302,65.23,62.32,-18.23,-6.22,m,3100,0.108,Red,0.001,0.5,Metal-poor,Main Sequence (Red Dwarf),images/red_dwarf.jpg,FALSE,0,"Gliese 876 System (50.2 ly away), Tau Ceti System (57.1 ly away), Epsilon Eridani System (62.2 ly away)"
Gliese GJ 4311,65.23,19.9,-4.72,61.94,M2,3824,0.188,Red,0.0068,0.5,Metal-poor,Main Sequence (Red Dwarf),images/red_dwarf.jpg,FALSE,0,"Barnard's Star System (63.7 ly away), Ross 128 System (64.7 ly away), Solar System (Earth/Sun) (65.2 ly away)"
Gliese GJ 4316,65.23,61.89,-13.1,-15.89,m,3100,0.163,Red,0.0022,0.5,Metal-poor,Main Sequence (Red Dwarf),images/red_dwarf.jpg,FALSE,0,"Gliese 876 System (50.0 ly away), Tau Ceti System (56.1 ly away), Epsilon Eridani System (61.3 ly away)"
Gliese GJ 4361,65.23,41.23,-2.43,-50.49,m,3100,0.078,Red,0.0005,0.5,Metal-poor,Main Sequence (Red Dwarf),images/red_dwarf.jpg,TRUE,1,"Gliese 876 System (54.0 ly away), Tau Ceti System (56.9 ly away), Gliese 667 System (60.3 ly away)"
Gliese GJ 1233,65.28,10.82,-33.19,55.16,G8V,5269,0.878,Yellow,0.5331,1.0,Solar metallicity,Main Sequence,images/sun.jpg,FALSE,0,"Barnard's Star System (61.3 ly away), Gliese 581 System (65.1 ly away), Solar System (Earth/Sun) (65.3 ly away)"
Gliese Gl 401A,65.3,-58.48,19.67,-21.38,M,3905,0.255,Red,0.0135,0.5,Metal-poor,Main Sequence (Red Dwarf),images/red_dwarf.jpg,FALSE,0,"55 Cancri System (53.4 ly away), Wolf 359 System (58.4 ly away), Gliese 581 System (60.4 ly away)"
Gliese Gl 11A,65.35,23.03,1.33,61.14,M6,3950,0.127,Red,0.0035,0.5,Metal-poor,Main Sequence (Red Dwarf),images/red_dwarf.jpg,FALSE,0,"Ross 128 System (64.1 ly away), Barnard's Star System (64.4 ly away), Solar System (Earth/Sun) (65.3 ly away)"
Gliese Gl 389B,65.39,-29.62,13.43,-56.73,m,3809,0.128,Red,0.0031,0.5,Metal-poor,Main Sequence (Red Dwarf),images/red_dwarf.jpg,FALSE,0,"Gliese 667 System (60.1 ly away), Proxima Centauri System (61.9 ly away), Wolf 359 System (62.8 ly away)"
53 Aqr,65.49,57.58,-24.86,-18.87,G3 V,5890,1.033,Yellow,1.1524,1.0,Solar metallicity,Main Sequence,images/sun.jpg,FALSE,0,"Gliese 876 System (50.3 ly away), Tau Ceti System (58.1 ly away), Gliese 667 System (61.5 ly away)"
Gliese Gl 257.1,65.51,-11.56,41.94,48.97,K3V,4777,0.695,Orange,0.2257,1.0,Solar metallicity,Main Sequence,images/orange_dwarf.jpg,FALSE,0,"55 Cancri System (36.2 ly away), Ross 128 System (56.3 ly away), Wolf 359 System (62.5 ly away)"
Gliese Gl 292.2,65.52,-31.4,57.49,-1.61,G8V,5472,0.683,Yellow,0.375,1.0,Solar metallicity,Main Sequence,images/sun.jpg,FALSE,0,"55 Cancri System (38.5 ly away), Ross 128 System (55.4 ly away), Wolf 359 System (60.4 ly away)"
Hipparcos 6290,65.53,33.21,12.2,55.16,K6V:,4051,0.323,Orange,0.0252,1.0,Solar metallicity,Main Sequence,images/orange_dwarf.jpg,FALSE,0,"Epsilon Eridani System (63.1 ly away), Tau Ceti System (63.2 ly away), Ross 128 System (63.4 ly away)"
Gliese Gl 851.5,65.57,51.94,-25.75,30.64,M0,3908,0.352,Red,0.026,0.5,Metal-poor,Main Sequence (Red Dwarf),images/red_dwarf.jpg,FALSE,0,"Gliese 876 System (55.4 ly away), Tau Ceti System (61.9 ly away), Barnard's Star System (62.9 ly away)"
Gliese Gl 456.1B,65.6,-45.37,-1.97,-47.34,m,3705,0.102,Red,0.0018,0.5,Metal-poor,Main Sequence (Red Dwarf),images/red_dwarf.jpg,FALSE,0,"Gliese 667 System (56.7 ly away), Gliese 581 System (56.8 ly away), Wolf 359 System (61.5 ly away)"
Gliese Gl 174.1B,65.66,16.61,45.99,-43.82,G2V,5700,0.061,Yellow,0.0035,1.0,Solar metallicity,Main Sequence,images/sun.jpg,FALSE,0,"Epsilon Eridani System (57.5 ly away), Tau Ceti System (58.0 ly away), Ross 128 System (62.7 ly away)"
Gliese GJ 4309B,65.73,58.06,-15.39,-26.7,M2,3779,0.21,Red,0.0081,0.5,Metal-poor,Main Sequence (Red Dwarf),images/red_dwarf.jpg,FALSE,0,"Gliese 876 System (50.7 ly away), Tau Ceti System (57.0 ly away), Epsilon Eridani System (62.3 ly away)"
Gliese GJ 3358,65.76,3.89,40.8,51.42,K2V,5180,0.663,Orange,0.2839,1.0,Solar metallicity,Main Sequence,images/orange_dwarf.jpg,FALSE,0,"55 Cancri System (45.4 ly away), Ross 128 System (57.5 ly away), Epsilon Eridani System (62.3 ly away)"
Gliese GJ 1122A,65.76,-39.31,33.18,40.96,m,3541,0.063,Red,0.0006,0.5,Metal-poor,Main Sequence (Red Dwarf),images/red_dwarf.jpg,FALSE,0,"55 Cancri System (27.5 ly away), Ross 128 System (56.9 ly away), Wolf 359 System (59.8 ly away)"
Gliese GJ 1122B,65.76,-39.31,33.18,40.96,m,3541,0.058,Red,0.0005,0.5,Metal-poor,Main Sequence (Red Dwarf),images/red_dwarf.jpg,FALSE,0,"55 Cancri System (27.5 ly away), Ross 128 System (56.9 ly away), Wolf 359 System (59.8 ly away)"
Gliese GJ 4237A,65.76,47.21,-28.47,35.85,G2V,5700,0.193,Yellow,0.0354,1.0,Solar metallicity,Main Sequence,images/sun.jpg,FALSE,0,"Gliese 876 System (57.0 ly away), Barnard's Star System (62.8 ly away), Tau Ceti System (63.4 ly away)"
Gliese GJ 4238B,65.76,47.21,-28.47,35.85,G2V,5700,0.176,Yellow,0.0295,1.0,Solar metallicity,Main Sequence,images/sun.jpg,FALSE,0,"Gliese 876 System (57.0 ly away), Barnard's Star System (62.8 ly away), Tau Ceti System (63.4 ly away)"
Hipparcos 15439,65.77,34.21,40.4,-39.02,G2V,3734,0.193,Yellow,0.0065,1.0,Solar metallicity,Main Sequence,images/sun.jpg,FALSE,0,"Tau Ceti System (55.7 ly away), Epsilon Eridani System (56.6 ly away), Gliese 876 System (60.3 ly away)"
Alp Cae,65.77,16.64,46.07,-43.89,F2V,7205,1.566,Yellow-White,5.932,1.0,Solar metallicity,Main Sequence,images/sun.jpg,FALSE,0,"Epsilon Eridani System (57.6 ly away), Tau Ceti System (58.1 ly away), Ross 128 System (62.8 ly away)"
Hamal,65.81,51.31,31.81,26.2,K2III,4407,12.825,Orange,55.6673,1.4,Metal-rich,Red Giant,images/orange_dwarf.jpg,FALSE,0,"Tau Ceti System (57.2 ly away), Epsilon Eridani System (58.0 ly away), Gliese 876 System (59.8 ly away)"
Hipparcos 1031,65.85,34.93,1.96,-55.79,K0V,5357,0.789,Orange,0.4596,1.0,Solar metallicity,Main Sequence,images/orange_dwarf.jpg,FALSE,0,"Gliese 876 System (56.3 ly away), Tau Ceti System (58.1 ly away), Gliese 667 System (60.8 ly away)"
Gliese GJ 1278,65.86,25.23,-6.23,60.52,M1V:,3964,0.427,Red,0.0404,0.5,Metal-poor,Main Sequence (Red Dwarf),images/red_dwarf.jpg,FALSE,0,"Barnard's Star System (64.3 ly away), Gliese 876 System (65.3 ly away), Solar System (Earth/Sun) (65.9 ly away)"
53 Aqr,65.89,57.93,-25.02,-18.98,G3V,5898,1.405,Yellow,2.1419,1.0,Solar metallicity,Main Sequence,images/sun.jpg,FALSE,0,"Gliese 876 System (50.7 ly away), Tau Ceti System (58.5 ly away), Gliese 667 System (61.9 ly away)"
Gliese GJ 3373A,65.89,-0.09,24.52,61.16,k-m,3705,0.121,Orange,0.0025,1.0,Solar metallicity,Main Sequence,images/orange_dwarf.jpg,FALSE,0,"55 Cancri System (48.5 ly away), Ross 128 System (59.6 ly away), Wolf 359 System (64.7 ly away)"
Gliese GJ 3374B,65.89,-0.08,24.54,61.15,m,3663,0.102,Red,0.0017,0.5,Metal-poor,Main Sequence (Red Dwarf),images/red_dwarf.jpg,FALSE,0,"55 Cancri System (48.5 ly away), Ross 128 System (59.6 ly away), Wolf 359 System (64.7 ly away)"
Hipparcos 47890,65.92,-42.65,28.32,-41.52,G2V,3691,0.18,Yellow,0.0054,1.0,Solar metallicity,Main Sequence,images/sun.jpg,FALSE,0,"Wolf 359 System (61.1 ly away), Ross 128 System (62.4 ly away), Proxima Centauri System (63.4 ly away)"
Gliese Gl 517,65.92,-59.73,-26.19,-9.56,K7V,4289,0.486,Orange,0.0716,1.0,Solar metallicity,Main Sequence,images/orange_dwarf.jpg,FALSE,0,"Gliese 581 System (48.5 ly away), Gliese 667 System (57.1 ly away), Wolf 359 System (60.4 ly away)"
Gliese Gl 659B,65.94,-8.26,-37.4,53.68,K8,4200,0.484,Orange,0.0654,1.0,Solar metallicity,Main Sequence,images/orange_dwarf.jpg,FALSE,0,"Gliese 581 System (60.7 ly away), Barnard's Star System (61.6 ly away), Solar System (Earth/Sun) (65.9 ly away)"
Gliese GJ 3103,65.97,59.97,27.49,0.75,K:,3800,0.209,Orange,0.0082,1.0,Solar metallicity,Main Sequence,images/orange_dwarf.jpg,FALSE,0,"Tau Ceti System (54.7 ly away), Gliese 876 System (55.9 ly away), Epsilon Eridani System (57.2 ly away)"
Hipparcos 25119,65.97,10.7,65.03,3.0,K3V,4791,0.77,Orange,0.2805,1.0,Solar metallicity,Main Sequence,images/orange_dwarf.jpg,FALSE,0,"55 Cancri System (54.9 ly away), Ross 128 System (56.9 ly away), Epsilon Eridani System (57.1 ly away)"
Gliese Gl 558,65.98,-42.79,-34.33,36.65,K8,4152,0.452,Orange,0.0545,1.0,Solar metallicity,Main Sequence,images/orange_dwarf.jpg,FALSE,0,"Gliese 581 System (52.9 ly away), Wolf 359 System (62.1 ly away), Barnard's Star System (62.2 ly away)"
22 Lyn,66.01,-16.34,39.47,50.32,F6V,6528,1.259,Yellow-White,2.5846,1.0,Solar metallicity,Main Sequence,images/sun.jpg,FALSE,0,"55 Cancri System (35.0 ly away), Ross 128 System (56.9 ly away), Wolf 359 System (62.5 ly away)"
Gliese GJ 3593,66.01,-42.9,20.26,45.89,G5,5767,0.883,Yellow,0.7734,1.0,Solar metallicity,Main Sequence,images/sun.jpg,FALSE,0,"55 Cancri System (33.1 ly away), Ross 128 System (58.9 ly away), Wolf 359 System (60.0 ly away)"
Gliese GJ 3710,66.02,-35.52,-1.78,55.62,DA9,6047,0.012,White,0.0002,1.0,Solar metallicity,White Dwarf,images/sirius.jpg,FALSE,0,"55 Cancri System (47.2 ly away), Wolf 359 System (61.6 ly away), Ross 128 System (62.4 ly away)"
Gliese GJ 3756,66.02,-40.38,-10.06,51.25,m,3465,0.069,Red,0.0006,0.5,Metal-poor,Main Sequence (Red Dwarf),images/red_dwarf.jpg,FALSE,0,"55 Cancri System (50.8 ly away), Gliese 581 System (60.8 ly away), Wolf 359 System (61.3 ly away)"
Gliese Gl 415,66.05,-63.38,13.71,-12.55,K5V,4552,0.434,Orange,0.0726,1.0,Solar metallicity,Main Sequence,images/orange_dwarf.jpg,FALSE,0,"55 Cancri System (51.8 ly away), Wolf 359 System (58.7 ly away), Gliese 581 System (59.0 ly away)"
Gliese Gl 199B,66.1,11.01,60.56,-24.11,G2V,5700,0.039,Yellow,0.0014,1.0,Solar metallicity,Main Sequence,images/sun.jpg,FALSE,0,"Epsilon Eridani System (57.1 ly away), Tau Ceti System (59.3 ly away), Ross 128 System (59.4 ly away)"
Gliese GJ 4140,66.12,36.31,-54.62,-8.38,K7V,4032,0.356,Orange,0.03,1.0,Solar metallicity,Main Sequence,images/orange_dwarf.jpg,FALSE,0,"Gliese 667 System (53.9 ly away), Gliese 876 System (55.2 ly away), Barnard's Star System (61.7 ly away)"
Gliese Gl 4.1B,66.16,34.61,0.94,56.37,dG8,5342,0.804,White,0.4725,1.0,Solar metallicity,White Dwarf,images/sirius.jpg,FALSE,0,"Gliese 876 System (63.7 ly away), Tau Ceti System (64.5 ly away), Epsilon Eridani System (65.1 ly away)"
Gliese Gl 351.1,66.16,-49.49,37.44,22.93,M3,3824,0.157,Red,0.0047,0.5,Metal-poor,Main Sequence (Red Dwarf),images/red_dwarf.jpg,FALSE,0,"55 Cancri System (28.1 ly away), Ross 128 System (57.1 ly away), Wolf 359 System (59.1 ly away)"
Gliese Gl 455,66.16,-58.09,-0.59,31.66,M3,3453,0.143,Red,0.0026,0.5,Metal-poor,Main Sequence (Red Dwarf),images/red_dwarf.jpg,FALSE,0,"55 Cancri System (44.8 ly away), Gliese 581 System (58.6 ly away), Wolf 359 System (59.3 ly away)"
Gliese Gl 221,66.25,2.01,65.86,-6.92,M0V,4084,0.436,Red,0.0474,0.5,Metal-poor,Main Sequence (Red Dwarf),images/red_dwarf.jpg,FALSE,0,"55 Cancri System (54.5 ly away), Ross 128 System (57.1 ly away), Epsilon Eridani System (58.0 ly away)"
Gliese GJ 9714,66.25,39.78,-39.21,-35.62,K5V,4234,0.472,Orange,0.0642,1.0,Solar metallicity,Main Sequence,images/orange_dwarf.jpg,TRUE,1,"Gliese 667 System (52.9 ly away), Gliese 876 System (53.8 ly away), Tau Ceti System (62.2 ly away)"
Hipparcos 97223,66.26,25.51,-51.4,33.14,K5V,4358,0.493,Orange,0.0786,1.0,Solar metallicity,Main Sequence,images/orange_dwarf.jpg,FALSE,0,"Gliese 876 System (60.9 ly away), Barnard's Star System (61.2 ly away), Gliese 581 System (63.7 ly away)"
Gliese GJ 4310,66.26,41.53,-10.48,-50.56,M3,3590,0.364,Red,0.0198,0.5,Metal-poor,Main Sequence (Red Dwarf),images/red_dwarf.jpg,FALSE,0,"Gliese 876 System (54.5 ly away), Tau Ceti System (58.8 ly away), Gliese 667 System (59.0 ly away)"
Gliese GJ 1117,66.29,-39.2,39.46,36.06,DQ6,10002,0.01,White,0.0003,1.0,Solar metallicity,White Dwarf,images/sirius.jpg,FALSE,0,"55 Cancri System (26.4 ly away), Ross 128 System (56.7 ly away), Wolf 359 System (60.3 ly away)"
Hipparcos 81375,66.32,-23.46,-62.03,0.29,K0,5198,0.896,Orange,0.5253,1.0,Solar metallicity,Main Sequence,images/orange_dwarf.jpg,FALSE,0,"Gliese 581 System (47.9 ly away), Gliese 667 System (49.9 ly away), Barnard's Star System (60.9 ly away)"
65Tau Cyg,66.35,39.25,-34.49,40.89,F1IV,6918,2.366,Yellow-White,11.5027,1.4,Metal-rich,Subgiant,images/sun.jpg,FALSE,0,"Gliese 876 System (59.5 ly away), Barnard's Star System (62.7 ly away), Tau Ceti System (66.0 ly away)"
81Pi 1Cnc,66.41,-47.73,42.87,17.19,G9V,5498,1.057,Yellow,0.9154,1.0,Solar metallicity,Main Sequence,images/sun.jpg,FALSE,0,"55 Cancri System (29.1 ly away), Ross 128 System (56.9 ly away), Wolf 359 System (59.6 ly away)"
Gliese Gl 765.4B,66.44,24.59,-49.57,36.77,K3 V,4500,0.614,Orange,0.1387,1.0,Solar metallicity,Main Sequence,images/orange_dwarf.jpg,FALSE,0,"Barnard's Star System (61.4 ly away), Gliese 876 System (61.7 ly away), Gliese 581 System (64.3 ly away)"
13Sig2UMa,66.47,-19.07,17.42,61.24,F7IV-V,6439,1.679,Yellow-White,4.3491,1.0,Solar metallicity,Subgiant,images/sun.jpg,FALSE,0,"55 Cancri System (43.3 ly away), Ross 128 System (60.4 ly away), Wolf 359 System (63.3 ly away)"
Gliese GJ 3072,66.48,62.98,17.57,-12.03,K7V,4009,0.384,Orange,0.0342,1.0,Solar metallicity,Main Sequence,images/orange_dwarf.jpg,FALSE,0,"Gliese 876 System (54.1 ly away), Tau Ceti System (54.9 ly away), Epsilon Eridani System (58.5 ly away)"
Gliese GJ 3114,66.48,55.22,28.15,24.05,M2,3522,0.182,Red,0.0046,0.5,Metal-poor,Main Sequence (Red Dwarf),images/red_dwarf.jpg,FALSE,0,"Tau Ceti System (57.4 ly away), Epsilon Eridani System (58.8 ly away), Gliese 876 System (59.2 ly away)"
Hipparcos 19255,66.48,24.66,46.16,41.0,G5,5092,0.918,Yellow,0.5086,1.0,Solar metallicity,Main Sequence,images/sun.jpg,FALSE,0,"55 Cancri System (57.3 ly away), Ross 128 System (59.3 ly away), Epsilon Eridani System (60.0 ly away)"
Gliese GJ 1164A,66.48,-59.02,-12.59,-27.89,K4/K5V,4411,0.542,Orange,0.0996,1.0,Solar metallicity,Main Sequence,images/orange_dwarf.jpg,FALSE,0,"Gliese 581 System (52.6 ly away), Gliese 667 System (57.9 ly away), Wolf 359 System (60.9 ly away)"
Gliese Gl 783.2A,66.51,34.58,-53.7,18.54,K1V,5192,0.802,Orange,0.4196,1.0,Solar metallicity,Main Sequence,images/orange_dwarf.jpg,FALSE,0,"Gliese 876 System (58.0 ly away), Gliese 667 System (60.7 ly away), Barnard's Star System (61.6 ly away)"
Hipparcos 110922,66.56,55.16,-23.3,-29.08,G2V,5700,0.079,Yellow,0.0059,1.0,Solar metallicity,Main Sequence,images/sun.jpg,FALSE,0,"Gliese 876 System (51.8 ly away), Tau Ceti System (59.0 ly away), Gliese 667 System (60.8 ly away)"
Gliese GJ 3045,66.56,40.88,6.94,52.07,m,3100,0.2,Red,0.0033,0.5,Metal-poor,Main Sequence (Red Dwarf),images/red_dwarf.jpg,FALSE,0,"Gliese 876 System (62.9 ly away), Tau Ceti System (63.3 ly away), Epsilon Eridani System (64.0 ly away)"
Gliese GJ 3137,66.56,1.48,1.1,66.54,m,3100,0.175,Red,0.0025,0.5,Metal-poor,Main Sequence (Red Dwarf),images/red_dwarf.jpg,FALSE,0,"55 Cancri System (59.4 ly away), Ross 128 System (63.9 ly away), Barnard's Star System (65.5 ly away)"
Gliese Gl 85,66.56,22.48,13.96,-61.07,m,3749,0.225,Red,0.0089,0.5,Metal-poor,Main Sequence (Red Dwarf),images/red_dwarf.jpg,FALSE,0,"Tau Ceti System (59.7 ly away), Gliese 876 System (60.7 ly away), Epsilon Eridani System (61.8 ly away)"
Gliese GJ 3382,66.56,-0.65,62.41,-23.12,m,3100,0.148,Red,0.0018,0.5,Metal-poor,Main Sequence (Red Dwarf),images/red_dwarf.jpg,FALSE,0,"Epsilon Eridani System (58.6 ly away), Ross 128 System (58.9 ly away), 55 Cancri System (60.6 ly away)"
Gliese GJ 3502B,66.56,-40.63,52.26,-7.0,M3,3839,0.146,Red,0.0041,0.5,Metal-poor,Main Sequence (Red Dwarf),images/red_dwarf.jpg,FALSE,0,"55 Cancri System (40.6 ly away), Ross 128 System (57.3 ly away), Wolf 359 System (60.6 ly away)"
Gliese GJ 3527,66.56,-47.28,46.8,2.26,k,3794,0.191,Orange,0.0068,1.0,Solar metallicity,Main Sequence,images/orange_dwarf.jpg,FALSE,0,"55 Cancri System (35.4 ly away), Ross 128 System (57.3 ly away), Wolf 359 System (59.9 ly away)"
Gliese Gl 346,66.56,-51.92,40.25,-10.72,dM0,3902,0.329,White,0.0225,1.0,Solar metallicity,White Dwarf,images/sirius.jpg,FALSE,0,"55 Cancri System (43.2 ly away), Ross 128 System (58.9 ly away), Wolf 359 System (59.7 ly away)"
Gliese GJ 3610A,66.56,-42.82,16.76,48.13,m,3100,0.157,Red,0.002,0.5,Metal-poor,Main Sequence (Red Dwarf),images/red_dwarf.jpg,FALSE,0,"55 Cancri System (35.7 ly away), Ross 128 System (60.0 ly away), Wolf 359 System (60.8 ly away)"
Gliese GJ 3611B,66.56,-42.81,16.77,48.13,m+,3100,0.053,Red,0.0002,0.5,Metal-poor,Main Sequence (Red Dwarf),images/red_dwarf.jpg,FALSE,0,"55 Cancri System (35.6 ly away), Ross 128 System (60.0 ly away), Wolf 359 System (60.8 ly away)"
Gliese GJ 3636,66.56,-62.93,16.63,13.91,M5  e,3100,0.043,Red,0.0001,0.5,Metal-poor,Main Sequence (Red Dwarf),images/red_dwarf.jpg,FALSE,0,"55 Cancri System (40.1 ly away), Wolf 359 System (58.8 ly away), Ross 128 System (60.8 ly away)"
Gliese GJ 3842,66.56,-42.35,-29.66,41.92,M0:e:,3779,0.154,Red,0.0043,0.5,Metal-poor,Main Sequence (Red Dwarf),images/red_dwarf.jpg,FALSE,0,"Gliese 581 System (55.3 ly away), Wolf 359 System (62.5 ly away), 55 Cancri System (62.7 ly away)"
Gliese GJ 3888,66.56,-42.95,-44.85,-23.98,m,3100,0.076,Red,0.0005,0.5,Metal-poor,Main Sequence (Red Dwarf),images/red_dwarf.jpg,FALSE,0,"Gliese 581 System (47.1 ly away), Gliese 667 System (48.9 ly away), Proxima Centauri System (63.3 ly away)"
Gliese GJ 3934,66.56,-29.59,-52.51,-28.24,m,3100,0.152,Red,0.0019,0.5,Metal-poor,Main Sequence (Red Dwarf),images/red_dwarf.jpg,TRUE,1,"Gliese 667 System (45.7 ly away), Gliese 581 System (48.0 ly away), Barnard's Star System (62.7 ly away)"
Gliese GJ 4045,66.56,1.26,-14.86,-64.87,m,3100,0.1,Red,0.0008,0.5,Metal-poor,Main Sequence (Red Dwarf),images/red_dwarf.jpg,FALSE,0,"Gliese 667 System (52.1 ly away), Proxima Centauri System (62.7 ly away), Gliese 876 System (63.4 ly away)"
Gliese GJ 4067,66.56,9.65,-54.72,36.65,m,3100,0.157,Red,0.002,0.5,Metal-poor,Main Sequence (Red Dwarf),images/red_dwarf.jpg,FALSE,0,"Gliese 581 System (60.1 ly away), Barnard's Star System (61.1 ly away), Gliese 667 System (62.9 ly away)"
Gliese GJ 4081,66.56,7.32,-31.67,-58.08,m,3100,0.138,Red,0.0016,0.5,Metal-poor,Main Sequence (Red Dwarf),images/red_dwarf.jpg,FALSE,0,"Gliese 667 System (48.2 ly away), Gliese 876 System (61.2 ly away), Gliese 581 System (61.2 ly away)"
Gliese GJ 4136,66.56,35.25,-56.43,-1.8,k-m,3622,0.095,Orange,0.0014,1.0,Solar metallicity,Main Sequence,images/orange_dwarf.jpg,FALSE,0,"Gliese 667 System (55.4 ly away), Gliese 876 System (56.3 ly away), Barnard's Star System (61.9 ly away)"
Gliese GJ 4152,66.56,32.76,-40.18,41.74,m,3100,0.141,Red,0.0017,0.5,Metal-poor,Main Sequence (Red Dwarf),images/red_dwarf.jpg,FALSE,0,"Gliese 876 System (60.9 ly away), Barnard's Star System (62.4 ly away), Solar System (Earth/Sun) (66.6 ly away)"
Gliese GJ 4189A,66.56,47.18,-40.51,23.74,M3,3100,0.212,Red,0.0037,0.5,Metal-poor,Main Sequence (Red Dwarf),images/red_dwarf.jpg,FALSE,0,"Gliese 876 System (56.2 ly away), Barnard's Star System (62.8 ly away), Tau Ceti System (64.5 ly away)"
Gliese GJ 4190B,66.56,47.18,-40.51,23.74,M4,3100,0.105,Red,0.0009,0.5,Metal-poor,Main Sequence (Red Dwarf),images/red_dwarf.jpg,FALSE,0,"Gliese 876 System (56.2 ly away), Barnard's Star System (62.8 ly away), Tau Ceti System (64.5 ly away)"
Gliese GJ 4193,66.56,38.48,-30.55,-44.91,M7,3749,0.132,Red,0.0031,0.5,Metal-poor,Main Sequence (Red Dwarf),images/red_dwarf.jpg,FALSE,0,"Gliese 667 System (54.0 ly away), Gliese 876 System (54.5 ly away), Tau Ceti System (61.6 ly away)"
Gliese GJ 4217,66.56,55.12,-36.68,-6.85,M3.5,3581,0.097,Red,0.0014,0.5,Metal-poor,Main Sequence (Red Dwarf),images/red_dwarf.jpg,FALSE,0,"Gliese 876 System (52.3 ly away), Tau Ceti System (61.3 ly away), Gliese 667 System (61.6 ly away)"
Gliese GJ 4230B,66.56,12.47,-7.57,-64.94,G2V,5700,0.155,Yellow,0.0229,1.0,Solar metallicity,Main Sequence,images/sun.jpg,FALSE,0,"Gliese 667 System (55.3 ly away), Gliese 876 System (61.3 ly away), Tau Ceti System (63.0 ly away)"
Gliese GJ 4253,66.56,45.92,-24.95,-41.23,M3.5,3100,0.214,Red,0.0038,0.5,Metal-poor,Main Sequence (Red Dwarf),images/red_dwarf.jpg,FALSE,0,"Gliese 876 System (53.3 ly away), Gliese 667 System (57.1 ly away), Tau Ceti System (60.1 ly away)"
Gliese GJ 4329,66.56,65.02,-12.18,7.41,dM4,3720,0.143,White,0.0035,1.0,Solar metallicity,White Dwarf,images/sirius.jpg,FALSE,0,"Gliese 876 System (52.6 ly away), Tau Ceti System (58.4 ly away), Epsilon Eridani System (63.0 ly away)"
Gliese GJ 1262,66.6,19.24,-15.49,-61.85,G5V,5524,0.838,Yellow,0.5861,1.0,Solar metallicity,Main Sequence,images/sun.jpg,FALSE,0,"Gliese 667 System (53.8 ly away), Gliese 876 System (59.4 ly away), Tau Ceti System (62.7 ly away)"
Gliese GJ 3255,66.63,33.25,54.51,19.05,G0,5538,0.902,Yellow,0.6861,1.0,Solar metallicity,Main Sequence,images/sun.jpg,FALSE,0,"Epsilon Eridani System (57.4 ly away), Tau Ceti System (58.9 ly away), Ross 128 System (59.8 ly away)"
Aldebaran,66.64,22.92,59.65,18.94,K5III,3737,30.543,Orange,163.23,1.4,Metal-rich,Red Giant,images/orange_dwarf.jpg,FALSE,0,"Epsilon Eridani System (57.8 ly away), 55 Cancri System (58.0 ly away), Ross 128 System (58.4 ly away)"
Gliese Gl 336,66.64,-41.21,37.93,36.12,M2,3983,0.409,Red,0.0377,0.5,Metal-poor,Main Sequence (Red Dwarf),images/red_dwarf.jpg,FALSE,0,"55 Cancri System (26.9 ly away), Ross 128 System (57.3 ly away), Wolf 359 System (60.5 ly away)"
Gliese Gl 55.3B,66.64,22.72,7.8,-62.17,G5,5700,0.712,Yellow,0.4795,1.0,Solar metallicity,Main Sequence,images/sun.jpg,FALSE,0,"Gliese 876 System (60.2 ly away), Tau Ceti System (60.3 ly away), Gliese 667 System (61.4 ly away)"
Gliese GJ 4224A,66.7,42.0,-26.96,-44.25,M6,3691,0.232,Red,0.009,0.5,Metal-poor,Main Sequence (Red Dwarf),images/red_dwarf.jpg,TRUE,1,"Gliese 876 System (54.1 ly away), Gliese 667 System (55.7 ly away), Tau Ceti System (60.9 ly away)"
Gliese GJ 1064B,66.7,27.42,41.83,44.14,K2 V,4996,0.454,Orange,0.1151,1.0,Solar metallicity,Main Sequence,images/orange_dwarf.jpg,FALSE,0,"55 Cancri System (59.6 ly away), Ross 128 System (60.2 ly away), Epsilon Eridani System (60.7 ly away)"
Gam Dor,66.74,18.21,37.36,-52.22,F4III,7386,1.643,Yellow-White,7.2111,1.0,Solar metallicity,Red Giant,images/sun.jpg,FALSE,0,"Tau Ceti System (59.2 ly away), Epsilon Eridani System (59.5 ly away), Gliese 876 System (64.0 ly away)"
Gliese Gl 335B,66.74,-19.15,17.48,61.5,K2 V,4500,0.646,Orange,0.1535,1.0,Solar metallicity,Main Sequence,images/orange_dwarf.jpg,FALSE,0,"55 Cancri System (43.5 ly away), Ross 128 System (60.6 ly away), Wolf 359 System (63.6 ly away)"
Gliese Gl 371,66.77,-56.56,35.28,3.75,K5,4251,0.597,Orange,0.1043,1.0,Solar metallicity,Main Sequence,images/orange_dwarf.jpg,FALSE,0,"55 Cancri System (37.0 ly away), Ross 128 System (58.9 ly away), Wolf 359 System (59.3 ly away)"
Hipparcos 105533,66.77,50.67,-41.61,12.6,M0,3801,0.46,Red,0.0397,0.5,Metal-poor,Main Sequence (Red Dwarf),images/red_dwarf.jpg,FALSE,0,"Gliese 876 System (54.7 ly away), Barnard's Star System (63.1 ly away), Tau Ceti System (63.7 ly away)"
Gliese GJ 3084,66.79,62.69,22.16,6.37,M2V:,3827,0.272,Red,0.0143,0.5,Metal-poor,Main Sequence (Red Dwarf),images/red_dwarf.jpg,FALSE,0,"Tau Ceti System (56.0 ly away), Gliese 876 System (56.1 ly away), Epsilon Eridani System (58.7 ly away)"
Gliese Gl 337B,66.79,-48.0,43.11,17.28,G2V,5700,0.681,Yellow,0.4393,1.0,Solar metallicity,Main Sequence,images/sun.jpg,FALSE,0,"55 Cancri System (29.4 ly away), Ross 128 System (57.3 ly away), Wolf 359 System (59.9 ly away)"
Gliese Gl 783.2B,66.79,34.75,-53.92,18.62,dM,3622,0.079,White,0.001,1.0,Solar metallicity,White Dwarf,images/sirius.jpg,FALSE,0,"Gliese 876 System (58.2 ly away), Gliese 667 System (61.0 ly away), Barnard's Star System (61.9 ly away)"
Gliese GJ 9732,66.81,19.47,-16.31,-61.79,G2V,3870,0.282,Yellow,0.016,1.0,Solar metallicity,Main Sequence,images/sun.jpg,FALSE,0,"Gliese 667 System (53.9 ly away), Gliese 876 System (59.5 ly away), Tau Ceti System (63.0 ly away)"
Hipparcos 115341,66.81,46.44,-7.83,47.39,K2,4612,0.713,Orange,0.2064,1.0,Solar metallicity,Main Sequence,images/orange_dwarf.jpg,FALSE,0,"Gliese 876 System (60.6 ly away), Tau Ceti System (63.5 ly away), Barnard's Star System (65.4 ly away)"
Gliese Gl 586B,66.84,-40.55,-52.0,-10.87,K2V,5084,0.756,Orange,0.3429,1.0,Solar metallicity,Main Sequence,images/orange_dwarf.jpg,FALSE,0,"Gliese 581 System (46.6 ly away), Gliese 667 System (50.2 ly away), Barnard's Star System (62.6 ly away)"
Gliese GJ 4241,66.84,56.92,-33.72,9.46,M1V:,3888,0.264,Red,0.0143,0.5,Metal-poor,Main Sequence (Red Dwarf),images/red_dwarf.jpg,FALSE,0,"Gliese 876 System (53.6 ly away), Tau Ceti System (61.9 ly away), Barnard's Star System (64.0 ly away)"
Gliese Gl 828.5,66.84,14.78,-11.65,64.13,DA4,9882,0.018,White,0.0028,1.0,Solar metallicity,White Dwarf,images/sirius.jpg,FALSE,0,"Barnard's Star System (64.7 ly away), Solar System (Earth/Sun) (66.8 ly away), Ross 128 System (66.9 ly away)"
Hipparcos 62229,66.85,-35.36,-7.07,-56.29,K3V,4899,0.726,Orange,0.2724,1.0,Solar metallicity,Main Sequence,images/orange_dwarf.jpg,FALSE,0,"Gliese 667 System (55.0 ly away), Gliese 581 System (58.7 ly away), Proxima Centauri System (62.8 ly away)"
Gliese GJ 3769,66.86,-63.47,-20.85,-2.64,K0,4917,0.813,Orange,0.3464,1.0,Solar metallicity,Main Sequence,images/orange_dwarf.jpg,FALSE,0,"Gliese 581 System (50.8 ly away), Wolf 359 System (60.7 ly away), Gliese 667 System (61.1 ly away)"
Gliese GJ 4324,66.88,39.34,-7.52,53.56,F7V,6145,1.295,Yellow-White,2.1459,1.0,Solar metallicity,Main Sequence,images/sun.jpg,FALSE,0,"Gliese 876 System (62.7 ly away), Tau Ceti System (65.0 ly away), Barnard's Star System (65.4 ly away)"
Gliese Gl 616.2,66.97,-16.56,-34.37,55.04,M1.5Ve,4211,0.383,Red,0.0414,0.5,Metal-poor,Main Sequence (Red Dwarf),images/red_dwarf.jpg,FALSE,0,"Gliese 581 System (60.9 ly away), Barnard's Star System (62.9 ly away), Wolf 359 System (65.9 ly away)"
Gliese GJ 3925A,66.97,-28.93,-46.8,38.18,M3,3779,0.2,Red,0.0073,0.5,Metal-poor,Main Sequence (Red Dwarf),images/red_dwarf.jpg,FALSE,0,"Gliese 581 System (54.0 ly away), Barnard's Star System (62.1 ly away), Gliese 667 System (64.0 ly away)"
Gliese GJ 3926B,66.97,-28.94,-46.81,38.17,m,3749,0.105,Red,0.002,0.5,Metal-poor,Main Sequence (Red Dwarf),images/red_dwarf.jpg,FALSE,0,"Gliese 581 System (54.0 ly away), Barnard's Star System (62.1 ly away), Gliese 667 System (64.0 ly away)"
Gliese GJ 1282,66.99,30.89,-5.87,-59.15,F7V,6295,1.203,Yellow-White,2.038,1.0,Solar metallicity,Main Sequence,images/sun.jpg,FALSE,0,"Gliese 876 System (57.9 ly away), Gliese 667 System (58.8 ly away), Tau Ceti System (60.5 ly away)"
Gliese Gl 342,67.01,-12.79,10.09,65.0,K2,4303,0.543,Orange,0.0907,1.0,Solar metallicity,Main Sequence,images/orange_dwarf.jpg,FALSE,0,"55 Cancri System (49.9 ly away), Ross 128 System (62.3 ly away), Wolf 359 System (64.8 ly away)"
Hipparcos 96183,67.06,24.68,-57.14,24.95,G5V,5452,0.902,Yellow,0.6457,1.0,Solar metallicity,Main Sequence,images/sun.jpg,FALSE,0,"Gliese 876 System (61.1 ly away), Gliese 667 System (61.1 ly away), Barnard's Star System (61.7 ly away)"
Gliese Gl 857,67.07,32.71,-14.4,-56.75,F9V,5724,1.695,Yellow-White,2.7669,1.0,Solar metallicity,Main Sequence,images/sun.jpg,FALSE,0,"Gliese 667 System (56.8 ly away), Gliese 876 System (57.0 ly away), Tau Ceti System (61.2 ly away)"
Gliese Gl 452B,67.07,-66.49,1.95,-8.61,f,6500,0.01,Yellow-White,0.0001,1.0,Solar metallicity,Main Sequence,images/sun.jpg,FALSE,0,"55 Cancri System (55.9 ly away), Gliese 581 System (56.6 ly away), Wolf 359 System (59.8 ly away)"
Gliese Gl 30,67.1,54.72,10.53,37.37,K8,4451,0.581,Orange,0.1187,1.0,Solar metallicity,Main Sequence,images/orange_dwarf.jpg,FALSE,0,"Gliese 876 System (59.6 ly away), Tau Ceti System (60.5 ly away), Epsilon Eridani System (62.4 ly away)"
Gliese GJ 9131,67.11,33.6,51.28,27.29,F0 V,7526,0.239,Yellow-White,0.164,1.0,Solar metallicity,Main Sequence,images/sun.jpg,FALSE,0,"Epsilon Eridani System (58.7 ly away), Tau Ceti System (60.1 ly away), Ross 128 System (60.4 ly away)"
Gliese GJ 3602,67.11,-41.18,17.38,50.06,m,3555,0.114,Red,0.0018,0.5,Metal-poor,Main Sequence (Red Dwarf),images/red_dwarf.jpg,FALSE,0,"55 Cancri System (36.3 ly away), Ross 128 System (60.5 ly away), Wolf 359 System (61.5 ly away)"
Gliese GJ 9615B,67.11,2.12,-66.14,11.15,G2V,5700,0.031,Yellow,0.0009,1.0,Solar metallicity,Main Sequence,images/sun.jpg,TRUE,1,"Gliese 667 System (53.9 ly away), Gliese 581 System (54.8 ly away), Barnard's Star System (61.2 ly away)"
Gliese Gl 747.3,67.12,13.89,-43.48,-49.22,K7V,4090,0.515,Orange,0.0665,1.0,Solar metallicity,Main Sequence,images/orange_dwarf.jpg,FALSE,0,"Gliese 667 System (47.3 ly away), Gliese 876 System (60.0 ly away), Gliese 581 System (60.6 ly away)"
Gliese Gl 586A,67.14,-40.75,-52.23,-10.91,K2V,5317,0.95,Orange,0.6474,1.0,Solar metallicity,Main Sequence,images/orange_dwarf.jpg,FALSE,0,"Gliese 581 System (46.9 ly away), Gliese 667 System (50.5 ly away), Barnard's Star System (62.9 ly away)"
Hipparcos 11439,67.25,46.15,34.62,-34.54,G2V,3872,0.284,Yellow,0.0163,1.0,Solar metallicity,Main Sequence,images/sun.jpg,FALSE,0,"Tau Ceti System (56.0 ly away), Epsilon Eridani System (58.0 ly away), Gliese 876 System (59.0 ly away)"
Gliese GJ 1034,67.25,57.9,20.07,27.7,m,3345,0.056,Red,0.0004,0.5,Metal-poor,Main Sequence (Red Dwarf),images/red_dwarf.jpg,FALSE,0,"Tau Ceti System (58.8 ly away), Gliese 876 System (59.1 ly away), Epsilon Eridani System (60.6 ly away)"
Gliese GJ 9125,67.25,34.08,50.66,28.19,G0,5602,0.141,Yellow,0.0176,1.0,Solar metallicity,Main Sequence,images/sun.jpg,FALSE,0,"Epsilon Eridani System (58.9 ly away), Tau Ceti System (60.3 ly away), Ross 128 System (60.6 ly away)"
Gliese GJ 1078,67.25,9.77,61.34,25.79,m,3356,0.045,Red,0.0002,0.5,Metal-poor,Main Sequence (Red Dwarf),images/red_dwarf.jpg,FALSE,0,"55 Cancri System (49.6 ly away), Ross 128 System (57.6 ly away), Epsilon Eridani System (59.9 ly away)"
Gliese Gl 120.2,67.32,42.11,43.01,30.15,G8V,5615,0.968,Yellow,0.8348,1.0,Solar metallicity,Main Sequence,images/sun.jpg,FALSE,0,"Epsilon Eridani System (59.3 ly away), Tau Ceti System (59.8 ly away), Ross 128 System (62.3 ly away)"
Gliese Gl 301A,67.32,-35.86,54.62,-16.19,M0V,3962,0.545,Red,0.0657,0.5,Metal-poor,Main Sequence (Red Dwarf),images/red_dwarf.jpg,FALSE,0,"55 Cancri System (47.0 ly away), Ross 128 System (58.6 ly away), Wolf 359 System (62.1 ly away)"
Gliese GJ 4308A,67.32,59.46,-15.78,-27.33,M1,3755,0.222,Red,0.0088,0.5,Metal-poor,Main Sequence (Red Dwarf),images/red_dwarf.jpg,FALSE,0,"Gliese 876 System (52.3 ly away), Tau Ceti System (58.6 ly away), Epsilon Eridani System (63.8 ly away)"
Gliese GJ 4249,67.36,37.31,-20.8,-52.08,M4,3691,0.18,Red,0.0054,0.5,Metal-poor,Main Sequence (Red Dwarf),images/red_dwarf.jpg,FALSE,0,"Gliese 876 System (56.1 ly away), Gliese 667 System (56.4 ly away), Tau Ceti System (61.5 ly away)"
Gliese Gl 59.1,67.37,22.17,9.7,62.88,G6V,5650,1.001,Yellow,0.9162,1.0,Solar metallicity,Main Sequence,images/sun.jpg,FALSE,0,"Ross 128 System (64.7 ly away), 55 Cancri System (65.8 ly away), Epsilon Eridani System (66.6 ly away)"
Gliese GJ 1193,67.39,-38.73,-52.59,16.61,M3.5,3691,0.081,Red,0.0011,0.5,Metal-poor,Main Sequence (Red Dwarf),images/red_dwarf.jpg,FALSE,0,"Gliese 581 System (49.2 ly away), Gliese 667 System (57.5 ly away), Barnard's Star System (62.5 ly away)"
Gliese GJ 3585,67.4,-44.29,23.87,44.85,M:,3806,0.242,Red,0.011,0.5,Metal-poor,Main Sequence (Red Dwarf),images/red_dwarf.jpg,FALSE,0,"55 Cancri System (32.7 ly away), Ross 128 System (59.8 ly away), Wolf 359 System (61.3 ly away)"
Gliese Gl 654.1,67.4,-15.94,-65.48,0.83,F9V,6055,1.108,Yellow-White,1.4805,1.0,Solar metallicity,Main Sequence,images/sun.jpg,FALSE,0,"Gliese 581 System (50.3 ly away), Gliese 667 System (50.7 ly away), Barnard's Star System (61.8 ly away)"
Gliese Gl 501.2,67.42,-50.66,-16.47,-41.32,G3V,5626,2.18,Yellow,4.2737,1.0,Solar metallicity,Main Sequence,images/sun.jpg,FALSE,0,"Gliese 581 System (54.0 ly away), Gliese 667 System (55.2 ly away), Wolf 359 System (63.2 ly away)"
Gliese Gl 292.1,67.49,-30.62,55.88,22.23,K2,4866,0.764,Orange,0.2935,1.0,Solar metallicity,Main Sequence,images/orange_dwarf.jpg,FALSE,0,"55 Cancri System (30.9 ly away), Ross 128 System (56.6 ly away), Wolf 359 System (62.3 ly away)"
Gliese GJ 3552,67.53,-46.26,38.7,30.37,m,3255,0.047,Red,0.0002,0.5,Metal-poor,Main Sequence (Red Dwarf),images/red_dwarf.jpg,FALSE,0,"55 Cancri System (27.9 ly away), Ross 128 System (58.2 ly away), Wolf 359 System (60.9 ly away)"
Gliese GJ 9448B,67.53,-53.21,-22.58,34.91,G2V,5700,0.109,Yellow,0.0113,1.0,Solar metallicity,Main Sequence,images/sun.jpg,FALSE,0,"Gliese 581 System (55.6 ly away), 55 Cancri System (58.6 ly away), Wolf 359 System (62.1 ly away)"
Gliese GJ 3826,67.53,-13.98,-8.77,65.48,M1,3100,0.321,Red,0.0086,0.5,Metal-poor,Main Sequence (Red Dwarf),images/red_dwarf.jpg,FALSE,0,"55 Cancri System (58.8 ly away), Barnard's Star System (65.6 ly away), Ross 128 System (65.7 ly away)"
Gliese GJ 1275,67.53,56.07,-17.31,33.42,DA9,5853,0.015,White,0.0002,1.0,Solar metallicity,White Dwarf,images/sirius.jpg,FALSE,0,"Gliese 876 System (57.5 ly away), Tau Ceti System (62.8 ly away), Barnard's Star System (65.7 ly away)"
Gliese Gl 893.3A,67.53,50.22,-9.59,-44.12,g-k,4996,0.125,Yellow,0.0088,1.0,Solar metallicity,Main Sequence,images/sun.jpg,FALSE,0,"Gliese 876 System (54.4 ly away), Tau Ceti System (59.0 ly away), Gliese 667 System (62.5 ly away)"
Gliese Gl 893.3B,67.53,50.21,-9.59,-44.12,G2V,5700,0.01,Yellow,0.0001,1.0,Solar metallicity,Main Sequence,images/sun.jpg,FALSE,0,"Gliese 876 System (54.3 ly away), Tau Ceti System (59.0 ly away), Gliese 667 System (62.5 ly away)"
Hipparcos 14589,67.54,41.94,45.14,-27.66,G2V,5700,0.134,Yellow,0.0169,1.0,Solar metallicity,Main Sequence,images/sun.jpg,FALSE,0,"Tau Ceti System (56.6 ly away), Epsilon Eridani System (57.5 ly away), Gliese 876 System (61.5 ly away)"
Gliese Gl 396,67.61,-6.15,2.39,67.29,K0,5224,0.824,Orange,0.4542,1.0,Solar metallicity,Main Sequence,images/orange_dwarf.jpg,FALSE,0,"55 Cancri System (56.6 ly away), Ross 128 System (64.4 ly away), Wolf 359 System (66.4 ly away)"
Gliese Gl 799.1,67.64,41.38,-48.2,-23.22,DAw,13561,0.012,White,0.0042,1.0,Solar metallicity,White Dwarf,images/sirius.jpg,FALSE,0,"Gliese 667 System (54.7 ly away), Gliese 876 System (55.2 ly away), Barnard's Star System (64.3 ly away)"
Gliese Gl 894.2B,67.64,64.74,-11.67,-15.74,K2 V,4970,0.786,Orange,0.3385,1.0,Solar metallicity,Main Sequence,images/orange_dwarf.jpg,FALSE,0,"Gliese 876 System (52.5 ly away), Tau Ceti System (58.3 ly away), Epsilon Eridani System (63.4 ly away)"
Hipparcos 10191,67.65,46.22,29.74,-39.45,K0,3902,0.396,Orange,0.0326,1.0,Solar metallicity,Main Sequence,images/orange_dwarf.jpg,FALSE,0,"Tau Ceti System (56.7 ly away), Gliese 876 System (58.8 ly away), Epsilon Eridani System (59.0 ly away)"
Gliese Gl 53.1B,67.67,59.62,18.12,26.39,M3,3100,0.128,Red,0.0014,0.5,Metal-poor,Main Sequence (Red Dwarf),images/red_dwarf.jpg,FALSE,0,"Gliese 876 System (58.9 ly away), Tau Ceti System (59.0 ly away), Epsilon Eridani System (61.2 ly away)"
Gliese GJ 1084,67.7,2.48,44.77,-50.72,M0V,3988,0.458,Red,0.0477,0.5,Metal-poor,Main Sequence (Red Dwarf),images/red_dwarf.jpg,FALSE,0,"Epsilon Eridani System (61.2 ly away), Tau Ceti System (62.4 ly away), Ross 128 System (64.7 ly away)"
Gliese Gl 842.2,67.74,14.54,-8.53,65.61,M0,5462,0.168,Red,0.0224,0.5,Metal-poor,Main Sequence (Red Dwarf),images/red_dwarf.jpg,FALSE,0,"Barnard's Star System (65.9 ly away), Ross 128 System (67.3 ly away), Solar System (Earth/Sun) (67.7 ly away)"
Gliese Gl 544B,67.78,-55.37,-38.62,-6.09,M4,3100,0.064,Red,0.0003,0.5,Metal-poor,Main Sequence (Red Dwarf),images/red_dwarf.jpg,FALSE,0,"Gliese 581 System (48.5 ly away), Gliese 667 System (56.3 ly away), Wolf 359 System (63.3 ly away)"
Gliese GJ 1205,67.81,-13.58,-37.79,54.64,DC7,7276,0.012,White,0.0004,1.0,Solar metallicity,White Dwarf,images/sirius.jpg,FALSE,0,"Gliese 581 System (61.6 ly away), Barnard's Star System (63.5 ly away), Wolf 359 System (67.2 ly away)"
Gliese GJ 1069,67.82,29.87,60.67,-5.22,K5V,4291,0.468,Orange,0.0667,1.0,Solar metallicity,Main Sequence,images/orange_dwarf.jpg,FALSE,0,"Epsilon Eridani System (57.6 ly away), Tau Ceti System (59.0 ly away), Ross 128 System (61.3 ly away)"
Gliese Gl 276,67.86,-25.43,60.55,17.12,K5,4500,0.522,Orange,0.1001,1.0,Solar metallicity,Main Sequence,images/orange_dwarf.jpg,FALSE,0,"55 Cancri System (34.8 ly away), Ross 128 System (56.9 ly away), Wolf 359 System (63.2 ly away)"
71 Ori,67.89,-4.15,64.0,22.28,F6V,6724,1.308,Yellow-White,3.1391,1.0,Solar metallicity,Main Sequence,images/sun.jpg,FALSE,0,"55 Cancri System (43.2 ly away), Ross 128 System (57.3 ly away), Epsilon Eridani System (61.5 ly away)"
Gliese GJ 4213,67.92,55.97,-37.67,7.86,M3V:,3761,0.178,Red,0.0057,0.5,Metal-poor,Main Sequence (Red Dwarf),images/red_dwarf.jpg,FALSE,0,"Gliese 876 System (54.7 ly away), Tau Ceti System (63.5 ly away), Barnard's Star System (64.8 ly away)"
Gliese GJ 3134,67.95,25.06,15.53,61.22,m,3100,0.093,Red,0.0007,0.5,Metal-poor,Main Sequence (Red Dwarf),images/red_dwarf.jpg,FALSE,0,"Ross 128 System (64.7 ly away), 55 Cancri System (65.7 ly away), Epsilon Eridani System (66.1 ly away)"
Gliese GJ 3166,67.95,48.51,39.06,27.16,M3  e,3677,0.087,Red,0.0012,0.5,Metal-poor,Main Sequence (Red Dwarf),images/red_dwarf.jpg,FALSE,0,"Tau Ceti System (59.5 ly away), Epsilon Eridani System (59.8 ly away), Gliese 876 System (63.3 ly away)"
Gliese GJ 3171,67.95,52.23,42.69,8.17,M5  e,3100,0.043,Red,0.0002,0.5,Metal-poor,Main Sequence (Red Dwarf),images/red_dwarf.jpg,TRUE,2,"Tau Ceti System (57.5 ly away), Epsilon Eridani System (58.3 ly away), Gliese 876 System (61.6 ly away)"
Gliese GJ 3196A,67.95,46.09,47.59,-15.1,k-m,4500,0.068,Orange,0.0017,1.0,Solar metallicity,Main Sequence,images/orange_dwarf.jpg,FALSE,0,"Tau Ceti System (56.9 ly away), Epsilon Eridani System (57.6 ly away), Gliese 876 System (61.9 ly away)"
Gliese GJ 3197B,67.95,46.06,47.61,-15.12,k-m,4500,0.064,Orange,0.0015,1.0,Solar metallicity,Main Sequence,images/orange_dwarf.jpg,FALSE,0,"Tau Ceti System (56.9 ly away), Epsilon Eridani System (57.6 ly away), Gliese 876 System (61.9 ly away)"
Gliese GJ 3204,67.95,23.98,26.27,57.9,M3,3794,0.204,Red,0.0078,0.5,Metal-poor,Main Sequence (Red Dwarf),images/red_dwarf.jpg,FALSE,0,"55 Cancri System (61.9 ly away), Ross 128 System (63.1 ly away), Epsilon Eridani System (64.8 ly away)"
Gliese GJ 9120,67.95,35.26,50.2,29.23,M3.5,3100,0.162,Red,0.0022,0.5,Metal-poor,Main Sequence (Red Dwarf),images/red_dwarf.jpg,FALSE,0,"Epsilon Eridani System (59.7 ly away), Tau Ceti System (61.0 ly away), Ross 128 System (61.5 ly away)"
Gliese GJ 3335,67.95,14.41,63.89,18.11,M3,3794,0.144,Red,0.0039,0.5,Metal-poor,Main Sequence (Red Dwarf),images/red_dwarf.jpg,FALSE,0,"55 Cancri System (54.2 ly away), Ross 128 System (58.7 ly away), Epsilon Eridani System (59.6 ly away)"
Gliese GJ 3341,67.95,11.13,56.99,-35.29,m,3100,0.251,Red,0.0052,0.5,Metal-poor,Main Sequence (Red Dwarf),images/red_dwarf.jpg,TRUE,1,"Epsilon Eridani System (59.4 ly away), Tau Ceti System (61.0 ly away), Ross 128 System (62.7 ly away)"
Gliese GJ 3363,67.95,3.79,57.24,36.4,G5,5700,0.468,Yellow,0.2078,1.0,Solar metallicity,Main Sequence,images/sun.jpg,FALSE,0,"55 Cancri System (45.5 ly away), Ross 128 System (58.1 ly away), Epsilon Eridani System (62.1 ly away)"
Gliese GJ 3418,67.95,-16.55,63.75,16.69,G5,5700,0.441,Yellow,0.1843,1.0,Solar metallicity,Main Sequence,images/sun.jpg,TRUE,1,"55 Cancri System (38.7 ly away), Ross 128 System (57.0 ly away), Epsilon Eridani System (62.7 ly away)"
Gliese GJ 3456,67.95,-2.74,5.28,67.69,m,3100,0.186,Red,0.0029,0.5,Metal-poor,Main Sequence (Red Dwarf),images/red_dwarf.jpg,FALSE,0,"55 Cancri System (57.0 ly away), Ross 128 System (64.4 ly away), Wolf 359 System (67.0 ly away)"
Gliese GJ 3461,67.95,-29.11,61.11,5.97,m,3100,0.194,Red,0.0031,0.5,Metal-poor,Main Sequence (Red Dwarf),images/red_dwarf.jpg,FALSE,0,"55 Cancri System (37.9 ly away), Ross 128 System (57.3 ly away), Wolf 359 System (63.0 ly away)"
Gliese GJ 3468A,67.95,-32.37,56.92,18.17,m,3100,0.096,Red,0.0008,0.5,Metal-poor,Main Sequence (Red Dwarf),images/red_dwarf.jpg,FALSE,0,"55 Cancri System (32.1 ly away), Ross 128 System (57.1 ly away), Wolf 359 System (62.6 ly away)"
Gliese GJ 3469B,67.95,-32.37,56.92,18.16,m,3100,0.065,Red,0.0003,0.5,Metal-poor,Main Sequence (Red Dwarf),images/red_dwarf.jpg,FALSE,0,"55 Cancri System (32.1 ly away), Ross 128 System (57.1 ly away), Wolf 359 System (62.6 ly away)"
Gliese GJ 3505,67.95,-39.98,50.52,21.59,m,3100,0.076,Red,0.0005,0.5,Metal-poor,Main Sequence (Red Dwarf),images/red_dwarf.jpg,FALSE,0,"55 Cancri System (29.4 ly away), Ross 128 System (57.6 ly away), Wolf 359 System (61.9 ly away)"
Gliese GJ 3607,67.95,-52.78,21.76,36.85,M6  e:,3870,0.124,Red,0.0031,0.5,Metal-poor,Main Sequence (Red Dwarf),images/red_dwarf.jpg,FALSE,0,"55 Cancri System (33.9 ly away), Ross 128 System (60.8 ly away), Wolf 359 System (61.1 ly away)"
Gliese GJ 1173,67.95,-62.14,-27.48,-0.46,K7 V,3886,0.378,Orange,0.0292,1.0,Solar metallicity,Main Sequence,images/orange_dwarf.jpg,FALSE,0,"Gliese 581 System (50.7 ly away), Gliese 667 System (60.8 ly away), Wolf 359 System (62.2 ly away)"
Gliese GJ 3810,67.95,-55.91,-29.33,-25.11,M2.5,3705,0.135,Red,0.0031,0.5,Metal-poor,Main Sequence (Red Dwarf),images/red_dwarf.jpg,FALSE,0,"Gliese 581 System (50.4 ly away), Gliese 667 System (55.1 ly away), Wolf 359 System (63.4 ly away)"
Gliese GJ 3814,67.95,-59.04,-31.81,-10.95,DA6,8086,0.012,White,0.0005,1.0,Solar metallicity,White Dwarf,images/sirius.jpg,FALSE,0,"Gliese 581 System (49.6 ly away), Gliese 667 System (57.4 ly away), Wolf 359 System (62.9 ly away)"
Gliese GJ 3819,67.95,-54.06,-30.94,-27.16,f-g,7337,0.012,Yellow-White,0.0004,1.0,Solar metallicity,Main Sequence,images/sun.jpg,FALSE,0,"Gliese 581 System (50.3 ly away), Gliese 667 System (54.2 ly away), Wolf 359 System (63.7 ly away)"
Gliese GJ 3975,67.95,-20.11,-64.65,-5.74,k,4500,0.067,Orange,0.0017,1.0,Solar metallicity,Main Sequence,images/orange_dwarf.jpg,FALSE,0,"Gliese 667 System (49.8 ly away), Gliese 581 System (49.9 ly away), Barnard's Star System (62.6 ly away)"
Gliese GJ 3999A,67.95,-12.19,-65.38,-13.94,M3,3809,0.122,Red,0.0028,0.5,Metal-poor,Main Sequence (Red Dwarf),images/red_dwarf.jpg,FALSE,0,"Gliese 667 System (47.9 ly away), Gliese 581 System (51.3 ly away), Barnard's Star System (62.7 ly away)"
Gliese GJ 4000B,67.95,-12.2,-65.38,-13.93,M3,3809,0.117,Red,0.0026,0.5,Metal-poor,Main Sequence (Red Dwarf),images/red_dwarf.jpg,FALSE,0,"Gliese 667 System (47.9 ly away), Gliese 581 System (51.3 ly away), Barnard's Star System (62.7 ly away)"
Gliese GJ 4012,67.95,-3.91,-39.32,-55.28,DA8,6576,0.01,White,0.0002,1.0,Solar metallicity,White Dwarf,images/sirius.jpg,FALSE,0,"Gliese 667 System (47.2 ly away), Gliese 581 System (58.5 ly away), Proxima Centauri System (64.0 ly away)"
Gliese GJ 4016,67.95,-6.2,-67.0,9.48,M4,3691,0.167,Red,0.0046,0.5,Metal-poor,Main Sequence (Red Dwarf),images/red_dwarf.jpg,FALSE,0,"Gliese 581 System (53.5 ly away), Gliese 667 System (53.7 ly away), Barnard's Star System (62.0 ly away)"
Gliese GJ 4046,67.95,4.41,-64.12,22.05,M0,3794,0.306,Red,0.0174,0.5,Metal-poor,Main Sequence (Red Dwarf),images/red_dwarf.jpg,FALSE,0,"Gliese 581 System (57.4 ly away), Gliese 667 System (58.2 ly away), Barnard's Star System (62.0 ly away)"
Gliese GJ 4088,67.95,16.63,-65.27,8.95,m,3100,0.389,Red,0.0125,0.5,Metal-poor,Main Sequence (Red Dwarf),images/red_dwarf.jpg,FALSE,0,"Gliese 667 System (55.5 ly away), Gliese 581 System (59.2 ly away), Barnard's Star System (62.3 ly away)"
Gliese GJ 4115B,67.95,27.09,-61.51,10.0,G2V,3764,0.144,Yellow,0.0037,1.0,Solar metallicity,Main Sequence,images/sun.jpg,TRUE,2,"Gliese 667 System (57.6 ly away), Gliese 876 System (60.3 ly away), Gliese 581 System (62.4 ly away)"
Gliese GJ 4162,67.95,39.16,-44.35,-33.42,m,3100,0.141,Red,0.0017,0.5,Metal-poor,Main Sequence (Red Dwarf),images/red_dwarf.jpg,FALSE,0,"Gliese 667 System (53.8 ly away), Gliese 876 System (55.8 ly away), Tau Ceti System (64.7 ly away)"
Gliese GJ 4164,67.95,45.83,-50.17,-0.42,M3.5,3749,0.113,Red,0.0023,0.5,Metal-poor,Main Sequence (Red Dwarf),images/red_dwarf.jpg,FALSE,0,"Gliese 876 System (55.9 ly away), Gliese 667 System (59.9 ly away), Barnard's Star System (63.9 ly away)"
Gliese GJ 4258A,67.95,24.61,-13.4,61.9,M1.5,3720,0.222,Red,0.0085,0.5,Metal-poor,Main Sequence (Red Dwarf),images/red_dwarf.jpg,FALSE,0,"Barnard's Star System (65.8 ly away), Gliese 876 System (67.1 ly away), Solar System (Earth/Sun) (67.9 ly away)"
Gliese GJ 4264,67.95,54.62,-27.35,29.75,m,3100,0.128,Red,0.0013,0.5,Metal-poor,Main Sequence (Red Dwarf),images/red_dwarf.jpg,FALSE,0,"Gliese 876 System (57.4 ly away), Tau Ceti System (64.1 ly away), Barnard's Star System (65.3 ly away)"
Gliese Gl 264.1B,67.96,-13.56,47.3,-46.88,K0V,5345,0.978,Orange,0.7008,1.0,Solar metallicity,Main Sequence,images/orange_dwarf.jpg,FALSE,0,"Epsilon Eridani System (62.9 ly away), Ross 128 System (63.5 ly away), Tau Ceti System (65.3 ly away)"
Gliese Gl 767.1B,68.03,25.35,-50.59,37.78,dK6,4649,0.584,White,0.1428,1.0,Solar metallicity,White Dwarf,images/sirius.jpg,FALSE,0,"Barnard's Star System (63.1 ly away), Gliese 876 System (63.2 ly away), Gliese 581 System (65.9 ly away)"
9 Cet,68.05,66.18,6.62,-14.39,G3V,5746,1.038,Yellow,1.0539,1.0,Solar metallicity,Main Sequence,images/sun.jpg,FALSE,0,"Gliese 876 System (54.2 ly away), Tau Ceti System (57.0 ly away), Epsilon Eridani System (61.3 ly away)"
Gliese Gl 176.3,68.05,13.92,41.39,-52.19,K0V,5064,0.773,Orange,0.3522,1.0,Solar metallicity,Main Sequence,images/orange_dwarf.jpg,FALSE,0,"Epsilon Eridani System (60.8 ly away), Tau Ceti System (61.1 ly away), Ross 128 System (66.2 ly away)"
Gliese Gl 226.1,68.09,-1.04,61.11,30.01,M3.5,3581,0.094,Red,0.0013,0.5,Metal-poor,Main Sequence (Red Dwarf),images/red_dwarf.jpg,FALSE,0,"55 Cancri System (43.6 ly away), Ross 128 System (57.7 ly away), Epsilon Eridani System (62.0 ly away)"
Gliese GJ 9652B,68.09,20.57,-60.88,22.51,M3.5,3100,0.15,Red,0.0019,0.5,Metal-poor,Main Sequence (Red Dwarf),images/red_dwarf.jpg,TRUE,1,"Gliese 667 System (60.4 ly away), Gliese 581 System (61.9 ly away), Barnard's Star System (62.5 ly away)"
Gliese Gl 544A,68.11,-55.63,-38.8,-6.11,K1V,5087,0.766,Orange,0.3529,1.0,Solar metallicity,Main Sequence,images/orange_dwarf.jpg,FALSE,0,"Gliese 581 System (48.8 ly away), Gliese 667 System (56.6 ly away), Wolf 359 System (63.6 ly away)"
Gliese Gl 196,68.12,2.07,12.56,66.92,F6V,6362,1.549,Yellow-White,3.5286,1.0,Solar metallicity,Main Sequence,images/sun.jpg,FALSE,0,"55 Cancri System (56.2 ly away), Ross 128 System (63.8 ly away), Wolf 359 System (67.5 ly away)"
Gliese Gl 491A,68.13,-64.92,-17.1,-11.64,K0V,5376,0.699,Orange,0.3664,1.0,Solar metallicity,Main Sequence,images/orange_dwarf.jpg,TRUE,1,"Gliese 581 System (52.8 ly away), Gliese 667 System (61.6 ly away), Wolf 359 System (61.9 ly away)"
Gliese Gl 330.1,68.16,-44.86,45.4,23.92,M0,4480,0.465,Red,0.0781,0.5,Metal-poor,Main Sequence (Red Dwarf),images/red_dwarf.jpg,FALSE,0,"55 Cancri System (28.8 ly away), Ross 128 System (58.3 ly away), Wolf 359 System (61.6 ly away)"
Hipparcos 10529,68.23,21.51,14.46,63.12,F2,6571,0.157,Yellow-White,0.0414,1.0,Solar metallicity,Main Sequence,images/sun.jpg,FALSE,0,"55 Cancri System (64.5 ly away), Ross 128 System (64.8 ly away), Epsilon Eridani System (66.9 ly away)"
Gliese GJ 9015B,68.23,30.63,4.41,-60.81,A,8500,0.569,White,1.5177,1.0,Solar metallicity,Main Sequence,images/sirius.jpg,FALSE,0,"Gliese 876 System (60.0 ly away), Tau Ceti System (61.0 ly away), Gliese 667 System (62.9 ly away)"
Gliese Gl 822.1B,68.23,40.37,-35.47,42.05,G0 V,5968,0.952,Yellow,1.0309,1.0,Solar metallicity,Main Sequence,images/sun.jpg,FALSE,0,"Gliese 876 System (61.3 ly away), Barnard's Star System (64.6 ly away), Tau Ceti System (67.8 ly away)"
Gliese Gl 822.1C,68.23,40.38,-35.48,42.03,M3,3749,0.185,Red,0.006,0.5,Metal-poor,Main Sequence (Red Dwarf),images/red_dwarf.jpg,FALSE,0,"Gliese 876 System (61.3 ly away), Barnard's Star System (64.6 ly away), Tau Ceti System (67.8 ly away)"
Gliese Gl 834A,68.26,42.73,-30.86,43.38,M0...,3897,0.397,Red,0.0326,0.5,Metal-poor,Main Sequence (Red Dwarf),images/red_dwarf.jpg,FALSE,0,"Gliese 876 System (61.2 ly away), Barnard's Star System (65.0 ly away), Tau Ceti System (67.2 ly away)"
Gliese GJ 3748,68.28,-45.91,-9.55,49.63,K:...,4500,0.147,Orange,0.0079,1.0,Solar metallicity,Main Sequence,images/orange_dwarf.jpg,FALSE,0,"55 Cancri System (51.5 ly away), Gliese 581 System (62.1 ly away), Wolf 359 System (63.1 ly away)"
Gliese Gl 889A,68.29,61.12,-14.36,-26.86,K5V,4165,0.448,Orange,0.0542,1.0,Solar metallicity,Main Sequence,images/orange_dwarf.jpg,FALSE,0,"Gliese 876 System (53.3 ly away), Tau Ceti System (59.3 ly away), Epsilon Eridani System (64.5 ly away)"
Ross 687,68.3,-48.27,47.92,6.24,M4,3862,0.147,Red,0.0043,0.5,Metal-poor,Main Sequence (Red Dwarf),images/red_dwarf.jpg,FALSE,0,"55 Cancri System (35.1 ly away), Ross 128 System (58.9 ly away), Wolf 359 System (61.6 ly away)"
Gliese GJ 1280,68.3,24.08,-5.3,-63.7,K3V,4733,0.53,Orange,0.1265,1.0,Solar metallicity,Main Sequence,images/orange_dwarf.jpg,FALSE,0,"Gliese 667 System (59.1 ly away), Gliese 876 System (60.7 ly away), Tau Ceti System (62.8 ly away)"
Gliese Gl 797A,68.32,41.44,-49.06,23.29,G5V,5925,0.962,Yellow,1.0242,1.0,Solar metallicity,Main Sequence,images/sun.jpg,FALSE,0,"Gliese 876 System (59.0 ly away), Barnard's Star System (63.9 ly away), Gliese 667 System (65.3 ly away)"
Gliese Gl 533,68.33,-58.6,-31.64,15.31,M0,4002,0.451,Red,0.0468,0.5,Metal-poor,Main Sequence (Red Dwarf),images/red_dwarf.jpg,FALSE,0,"Gliese 581 System (51.7 ly away), Wolf 359 System (62.9 ly away), Gliese 667 System (63.5 ly away)"
Kap Tuc,68.35,23.3,8.0,-63.76,F6IV,6481,2.196,Yellow-White,7.6348,1.0,Solar metallicity,Subgiant,images/sun.jpg,FALSE,0,"Tau Ceti System (61.9 ly away), Gliese 876 System (61.9 ly away), Gliese 667 System (63.0 ly away)"
Hipparcos 48190,68.38,-32.75,20.97,-56.24,M2V:,3866,0.381,Red,0.029,0.5,Metal-poor,Main Sequence (Red Dwarf),images/red_dwarf.jpg,FALSE,0,"Proxima Centauri System (65.2 ly away), Wolf 359 System (65.3 ly away), Gliese 667 System (65.4 ly away)"
Hipparcos 84195,68.38,-13.32,-63.52,21.53,K0,4889,0.702,Orange,0.2528,1.0,Solar metallicity,Main Sequence,images/orange_dwarf.jpg,FALSE,0,"Gliese 581 System (53.9 ly away), Gliese 667 System (57.8 ly away), Barnard's Star System (62.5 ly away)"
Gliese GJ 1052,68.38,51.06,45.38,-2.93,DA7,7101,0.01,White,0.0002,1.0,Solar metallicity,White Dwarf,images/sirius.jpg,FALSE,0,"Tau Ceti System (57.4 ly away), Epsilon Eridani System (58.2 ly away), Gliese 876 System (61.8 ly away)"
Hipparcos 67105,68.45,-60.63,-29.98,10.51,K2,4624,0.619,Orange,0.157,1.0,Solar metallicity,Main Sequence,images/orange_dwarf.jpg,FALSE,0,"Gliese 581 System (51.6 ly away), Wolf 359 System (62.8 ly away), Gliese 667 System (63.0 ly away)"
Gliese Gl 797B,68.45,41.53,-49.16,23.3,m,3720,0.199,Red,0.0068,0.5,Metal-poor,Main Sequence (Red Dwarf),images/red_dwarf.jpg,FALSE,0,"Gliese 876 System (59.1 ly away), Barnard's Star System (64.0 ly away), Gliese 667 System (65.4 ly away)"
Gliese Gl 808.2,68.46,40.34,-43.95,33.59,K5V,4585,0.674,Orange,0.1803,1.0,Solar metallicity,Main Sequence,images/orange_dwarf.jpg,FALSE,0,"Gliese 876 System (60.5 ly away), Barnard's Star System (64.2 ly away), Tau Ceti System (68.3 ly away)"
50 Per,68.48,25.19,47.69,42.2,F7V,6300,1.297,Yellow-White,2.379,1.0,Solar metallicity,Main Sequence,images/sun.jpg,FALSE,0,"55 Cancri System (58.8 ly away), Ross 128 System (61.2 ly away), Epsilon Eridani System (62.0 ly away)"
Gliese Gl 464,68.48,-66.47,-6.95,14.91,K5,3883,0.363,Orange,0.0268,1.0,Solar metallicity,Main Sequence,images/orange_dwarf.jpg,FALSE,0,"55 Cancri System (53.6 ly away), Gliese 581 System (57.0 ly away), Wolf 359 System (61.3 ly away)"
Gliese GJ 1239,68.52,21.92,-51.33,-39.74,K3/K4V,4541,0.58,Orange,0.1285,1.0,Solar metallicity,Main Sequence,images/orange_dwarf.jpg,FALSE,0,"Gliese 667 System (49.4 ly away), Gliese 876 System (59.7 ly away), Gliese 581 System (62.3 ly away)"
Gliese Gl 491B,68.52,-65.29,-17.2,-11.7,G2V,5700,0.064,Yellow,0.0038,1.0,Solar metallicity,Main Sequence,images/sun.jpg,TRUE,1,"Gliese 581 System (53.1 ly away), Gliese 667 System (62.0 ly away), Wolf 359 System (62.3 ly away)"
Gliese GJ 4108,68.52,21.06,-55.84,33.67,m,3368,0.049,Red,0.0003,0.5,Metal-poor,Main Sequence (Red Dwarf),images/red_dwarf.jpg,FALSE,0,"Barnard's Star System (63.2 ly away), Gliese 876 System (64.1 ly away), Gliese 581 System (64.2 ly away)"
Gliese Gl 155.2,68.53,17.14,28.26,60.04,K0V,5189,0.657,Orange,0.2811,1.0,Solar metallicity,Main Sequence,images/orange_dwarf.jpg,FALSE,0,"55 Cancri System (58.3 ly away), Ross 128 System (63.0 ly away), Epsilon Eridani System (65.8 ly away)"
Gliese GJ 3523,68.61,-46.35,46.86,-19.06,F7/F8IV/V,6295,1.144,Yellow-White,1.845,1.0,Solar metallicity,Subgiant,images/sun.jpg,FALSE,0,"55 Cancri System (48.9 ly away), Ross 128 System (60.9 ly away), Wolf 359 System (62.6 ly away)"
13The Dra,68.61,-17.63,-31.13,58.54,F8IV-V,6265,2.635,Yellow-White,9.594,1.0,Solar metallicity,Subgiant,images/sun.jpg,FALSE,0,"Gliese 581 System (63.4 ly away), Barnard's Star System (64.9 ly away), Wolf 359 System (67.3 ly away)"
Gliese GJ 1271,68.64,61.71,-21.66,20.83,M3,3792,0.201,Red,0.0075,0.5,Metal-poor,Main Sequence (Red Dwarf),images/red_dwarf.jpg,FALSE,0,"Gliese 876 System (56.3 ly away), Tau Ceti System (62.7 ly away), Barnard's Star System (66.7 ly away)"
Gliese Gl 23B,68.65,67.71,10.49,-4.3,G1 V,5700,1.059,Yellow,1.0627,1.0,Solar metallicity,Main Sequence,images/sun.jpg,FALSE,0,"Gliese 876 System (55.5 ly away), Tau Ceti System (57.7 ly away), Epsilon Eridani System (61.6 ly away)"
Gliese Gl 53.1A,68.66,60.49,18.39,26.78,K4V,4468,0.683,Orange,0.167,1.0,Solar metallicity,Main Sequence,images/orange_dwarf.jpg,FALSE,0,"Gliese 876 System (59.9 ly away), Tau Ceti System (60.0 ly away), Epsilon Eridani System (62.2 ly away)"
Hipparcos 19855,68.68,30.08,61.29,7.42,G5IV,5671,0.835,Yellow,0.6468,1.0,Solar metallicity,Subgiant,images/sun.jpg,FALSE,0,"Epsilon Eridani System (58.8 ly away), Tau Ceti System (60.6 ly away), Ross 128 System (61.5 ly away)"
Gliese GJ 1153,68.71,-64.42,0.23,-23.9,K2V,4806,0.741,Orange,0.2625,1.0,Solar metallicity,Main Sequence,images/orange_dwarf.jpg,FALSE,0,"Gliese 581 System (57.8 ly away), Wolf 359 System (62.2 ly away), 55 Cancri System (64.2 ly away)"
Hipparcos 81563,68.72,-15.02,-40.99,53.08,K:,3428,0.235,Orange,0.0068,1.0,Solar metallicity,Main Sequence,images/orange_dwarf.jpg,FALSE,0,"Gliese 581 System (61.4 ly away), Barnard's Star System (64.2 ly away), Wolf 359 System (68.1 ly away)"
17Sig CrB,68.75,-25.32,-51.17,38.3,F8V,5971,1.657,Yellow-White,3.1304,1.0,Solar metallicity,Main Sequence,images/sun.jpg,FALSE,0,"Gliese 581 System (55.8 ly away), Barnard's Star System (63.7 ly away), Gliese 667 System (64.8 ly away)"
16 Cyg,68.75,18.78,-39.46,53.07,G2V,5804,1.236,Yellow,1.5545,1.0,Solar metallicity,Main Sequence,images/sun.jpg,TRUE,1,"Barnard's Star System (64.5 ly away), Gliese 876 System (67.0 ly away), Gliese 581 System (68.6 ly away)"
Gliese GJ 1008,68.77,67.49,5.64,-11.9,K7V,4090,0.411,Orange,0.0425,1.0,Solar metallicity,Main Sequence,images/orange_dwarf.jpg,FALSE,0,"Gliese 876 System (54.8 ly away), Tau Ceti System (57.9 ly away), Epsilon Eridani System (62.2 ly away)"
Hipparcos 65669,68.77,-56.84,-22.94,-31.17,G2V,3771,0.205,Yellow,0.0077,1.0,Solar metallicity,Main Sequence,images/sun.jpg,FALSE,0,"Gliese 581 System (52.9 ly away), Gliese 667 System (56.7 ly away), Wolf 359 System (64.0 ly away)"
Gliese Gl 804,68.77,42.54,-48.78,23.24,M2,3859,0.386,Red,0.0296,0.5,Metal-poor,Main Sequence (Red Dwarf),images/red_dwarf.jpg,FALSE,0,"Gliese 876 System (59.3 ly away), Barnard's Star System (64.4 ly away), Gliese 667 System (65.9 ly away)"
Gliese GJ 1045,68.81,54.59,36.48,20.6,m+,3622,0.065,Red,0.0006,0.5,Metal-poor,Main Sequence (Red Dwarf),images/red_dwarf.jpg,FALSE,0,"Tau Ceti System (59.3 ly away), Epsilon Eridani System (60.3 ly away), Gliese 876 System (62.3 ly away)"
Gliese GJ 3651,68.87,-60.83,12.22,29.88,K1V,5149,0.696,Orange,0.3056,1.0,Solar metallicity,Main Sequence,images/orange_dwarf.jpg,FALSE,0,"55 Cancri System (40.5 ly away), Wolf 359 System (61.5 ly away), Ross 128 System (63.3 ly away)"
Gliese Gl 55.1B,68.87,23.56,8.0,-64.22,G2V,5700,0.464,Yellow,0.2038,1.0,Solar metallicity,Main Sequence,images/sun.jpg,FALSE,0,"Tau Ceti System (62.4 ly away), Gliese 876 System (62.4 ly away), Gliese 667 System (63.5 ly away)"
Gliese Gl 889B,68.87,61.66,-14.45,-27.05,k-m,3581,0.096,Orange,0.0013,1.0,Solar metallicity,Main Sequence,images/orange_dwarf.jpg,FALSE,0,"Gliese 876 System (53.8 ly away), Tau Ceti System (59.9 ly away), Epsilon Eridani System (65.1 ly away)"
94 Aqr,68.88,65.93,-11.89,-16.03,G6/G8IV,5320,2.12,Yellow,3.23,1.0,Solar metallicity,Subgiant,images/sun.jpg,FALSE,0,"Gliese 876 System (53.7 ly away), Tau Ceti System (59.5 ly away), Epsilon Eridani System (64.7 ly away)"
Gliese Gl 765.4A,68.9,25.51,-51.4,38.13,K3V,4743,0.852,Orange,0.3293,1.0,Solar metallicity,Main Sequence,images/orange_dwarf.jpg,FALSE,0,"Barnard's Star System (63.9 ly away), Gliese 876 System (64.1 ly away), Gliese 581 System (66.7 ly away)"
Hipparcos 102300,68.93,19.59,-22.6,62.1,M0,3172,0.277,Red,0.007,0.5,Metal-poor,Main Sequence (Red Dwarf),images/red_dwarf.jpg,FALSE,0,"Barnard's Star System (66.0 ly away), Gliese 876 System (68.6 ly away), Solar System (Earth/Sun) (68.9 ly away)"
Gliese GJ 3507,68.94,-43.04,53.85,-0.87,G5,5308,0.803,Yellow,0.4592,1.0,Solar metallicity,Main Sequence,images/sun.jpg,FALSE,0,"55 Cancri System (39.2 ly away), Ross 128 System (59.3 ly away), Wolf 359 System (62.8 ly away)"
Gliese GJ 3071,68.95,66.16,18.47,6.08,K2,4724,0.689,Orange,0.212,1.0,Solar metallicity,Main Sequence,images/orange_dwarf.jpg,FALSE,0,"Gliese 876 System (57.6 ly away), Tau Ceti System (58.2 ly away), Epsilon Eridani System (61.3 ly away)"
Gliese GJ 4286,68.95,64.49,-24.39,-0.76,G2V,5700,0.161,Yellow,0.0246,1.0,Solar metallicity,Main Sequence,images/sun.jpg,FALSE,0,"Gliese 876 System (54.3 ly away), Tau Ceti System (61.7 ly away), Epsilon Eridani System (66.8 ly away)"
Gliese GJ 4041,69.01,1.05,-55.85,40.52,M2,3824,0.308,Red,0.0182,0.5,Metal-poor,Main Sequence (Red Dwarf),images/red_dwarf.jpg,FALSE,0,"Gliese 581 System (60.9 ly away), Barnard's Star System (63.5 ly away), Gliese 667 System (65.5 ly away)"
Gliese Gl 511.1,69.04,-28.9,-11.38,61.66,G6V,5472,1.104,Yellow,0.9799,1.0,Solar metallicity,Main Sequence,images/sun.jpg,FALSE,0,"55 Cancri System (56.7 ly away), Wolf 359 System (65.8 ly away), Gliese 581 System (66.4 ly away)"
Gliese GJ 3108,69.06,54.97,26.59,32.25,K0,3855,0.369,Orange,0.027,1.0,Solar metallicity,Main Sequence,images/orange_dwarf.jpg,FALSE,0,"Tau Ceti System (61.0 ly away), Epsilon Eridani System (62.2 ly away), Gliese 876 System (62.5 ly away)"
Gliese Gl 318.1,69.1,-32.23,37.29,48.43,M1.5:,3608,0.076,Red,0.0009,0.5,Metal-poor,Main Sequence (Red Dwarf),images/red_dwarf.jpg,FALSE,0,"55 Cancri System (32.5 ly away), Ross 128 System (60.0 ly away), Wolf 359 System (64.1 ly away)"
Nu Oct,69.14,12.42,-8.58,-67.48,K0III,4724,5.313,Orange,12.6125,1.4,Metal-rich,Red Giant,images/orange_dwarf.jpg,TRUE,1,"Gliese 667 System (57.5 ly away), Gliese 876 System (63.9 ly away), Proxima Centauri System (65.7 ly away)"
Gliese Gl 765.1B,69.19,18.92,-39.72,53.4,G5V,5739,1.128,Yellow,1.2394,1.0,Solar metallicity,Main Sequence,images/sun.jpg,FALSE,0,"Barnard's Star System (64.9 ly away), Gliese 876 System (67.4 ly away), Gliese 581 System (69.0 ly away)"
Gliese Gl 540.3,69.2,-40.61,-27.3,-48.93,F9V,5983,1.01,Yellow-White,1.1738,1.0,Solar metallicity,Main Sequence,images/sun.jpg,FALSE,0,"Gliese 667 System (52.5 ly away), Gliese 581 System (55.2 ly away), Proxima Centauri System (65.1 ly away)"
17 Cyg,69.25,25.79,-51.49,38.45,F5,6500,1.566,Yellow-White,3.9264,1.0,Solar metallicity,Main Sequence,images/sun.jpg,FALSE,0,"Barnard's Star System (64.3 ly away), Gliese 876 System (64.4 ly away), Gliese 581 System (67.1 ly away)"
Gliese GJ 3035,69.25,44.48,5.28,52.81,m,3100,0.097,Red,0.0008,0.5,Metal-poor,Main Sequence (Red Dwarf),images/red_dwarf.jpg,FALSE,0,"Gliese 876 System (64.9 ly away), Tau Ceti System (65.7 ly away), Epsilon Eridani System (66.7 ly away)"
Gliese GJ 3409B,69.25,-11.66,57.19,37.26,M0.5,3749,0.173,Red,0.0053,0.5,Metal-poor,Main Sequence (Red Dwarf),images/red_dwarf.jpg,FALSE,0,"55 Cancri System (38.3 ly away), Ross 128 System (58.7 ly away), Epsilon Eridani System (65.0 ly away)"
Gliese Gl 730,69.28,14.98,-67.54,3.73,M2,3877,0.315,Red,0.0201,0.5,Metal-poor,Main Sequence (Red Dwarf),images/red_dwarf.jpg,FALSE,0,"Gliese 667 System (55.1 ly away), Gliese 581 System (59.5 ly away), Barnard's Star System (63.6 ly away)"
Gliese Gl 773.4,69.31,28.9,-49.89,-38.46,F7V,6398,1.199,Yellow-White,2.1617,1.0,Solar metallicity,Main Sequence,images/sun.jpg,FALSE,0,"Gliese 667 System (51.8 ly away), Gliese 876 System (59.2 ly away), Gliese 581 System (65.0 ly away)"
Gliese GJ 4206,69.31,24.98,-17.83,-62.14,M2,3918,0.323,Red,0.022,0.5,Metal-poor,Main Sequence (Red Dwarf),images/red_dwarf.jpg,FALSE,0,"Gliese 667 System (56.7 ly away), Gliese 876 System (60.9 ly away), Tau Ceti System (64.8 ly away)"
Gliese Gl 379B,69.31,-15.8,8.13,66.99,G2V,5700,0.178,Yellow,0.0298,1.0,Solar metallicity,Main Sequence,images/sun.jpg,FALSE,0,"55 Cancri System (51.8 ly away), Ross 128 System (64.8 ly away), Wolf 359 System (66.8 ly away)"
13 Cet,69.32,68.37,10.6,-4.34,F8V...,6100,1.623,Yellow-White,3.2719,1.0,Solar metallicity,Main Sequence,images/sun.jpg,FALSE,0,"Gliese 876 System (56.2 ly away), Tau Ceti System (58.4 ly away), Epsilon Eridani System (62.3 ly away)"
Gliese GJ 1048,69.38,49.44,40.04,-27.69,K3V,4583,0.678,Orange,0.1818,1.0,Solar metallicity,Main Sequence,images/orange_dwarf.jpg,FALSE,0,"Tau Ceti System (57.9 ly away), Epsilon Eridani System (59.6 ly away), Gliese 876 System (61.4 ly away)"
Gliese GJ 1108A,69.38,-31.1,49.32,37.6,M0.5V:e,3950,0.445,Red,0.0432,0.5,Metal-poor,Main Sequence (Red Dwarf),images/red_dwarf.jpg,FALSE,0,"55 Cancri System (30.7 ly away), Ross 128 System (59.0 ly away), Wolf 359 System (64.3 ly away)"
The Scl,69.39,56.68,2.9,-39.94,F3/F5V,6581,1.371,Yellow-White,3.1623,1.0,Solar metallicity,Main Sequence,images/sun.jpg,FALSE,0,"Gliese 876 System (56.2 ly away), Tau Ceti System (59.2 ly away), Epsilon Eridani System (63.6 ly away)"
Gliese GJ 3150,69.39,52.13,36.18,28.09,m,3100,0.101,Red,0.0008,0.5,Metal-poor,Main Sequence (Red Dwarf),images/red_dwarf.jpg,FALSE,0,"Tau Ceti System (60.9 ly away), Epsilon Eridani System (61.5 ly away), Gliese 876 System (63.9 ly away)"
Gliese GJ 3179B,69.39,36.83,32.49,49.03,m,3100,0.069,Red,0.0004,0.5,Metal-poor,Main Sequence (Red Dwarf),images/red_dwarf.jpg,TRUE,2,"Epsilon Eridani System (64.0 ly away), Tau Ceti System (64.8 ly away), Ross 128 System (64.9 ly away)"
Gliese GJ 3236,69.39,14.39,20.03,64.87,m,3100,0.101,Red,0.0008,0.5,Metal-poor,Main Sequence (Red Dwarf),images/red_dwarf.jpg,FALSE,0,"55 Cancri System (60.2 ly away), Ross 128 System (64.8 ly away), Epsilon Eridani System (68.1 ly away)"
Gliese GJ 3362,69.39,5.83,67.46,15.2,M3,3855,0.239,Red,0.0113,0.5,Metal-poor,Main Sequence (Red Dwarf),images/red_dwarf.jpg,FALSE,0,"55 Cancri System (51.5 ly away), Ross 128 System (59.5 ly away), Epsilon Eridani System (61.5 ly away)"
Gliese GJ 3562,69.39,-42.78,30.78,45.14,m,3100,0.108,Red,0.001,0.5,Metal-poor,Main Sequence (Red Dwarf),images/red_dwarf.jpg,FALSE,0,"55 Cancri System (32.3 ly away), Ross 128 System (61.0 ly away), Wolf 359 System (63.4 ly away)"
Gliese GJ 3579,69.39,-40.81,23.61,50.92,m,3100,0.105,Red,0.0009,0.5,Metal-poor,Main Sequence (Red Dwarf),images/red_dwarf.jpg,TRUE,3,"55 Cancri System (36.0 ly away), Ross 128 System (62.0 ly away), Wolf 359 System (63.8 ly away)"
Gliese GJ 1149,69.39,-31.34,1.95,61.89,DC9,5742,0.011,White,0.0001,1.0,Solar metallicity,White Dwarf,images/sirius.jpg,FALSE,0,"55 Cancri System (49.5 ly away), Ross 128 System (65.3 ly away), Wolf 359 System (65.5 ly away)"
Gliese GJ 3705,69.39,-69.2,-2.9,-4.3,DA4,12000,0.01,White,0.0016,1.0,Solar metallicity,White Dwarf,images/sirius.jpg,FALSE,0,"Gliese 581 System (57.6 ly away), 55 Cancri System (58.3 ly away), Wolf 359 System (62.2 ly away)"
Gliese GJ 3734,69.39,-64.4,-9.17,24.18,M4,3705,0.127,Red,0.0027,0.5,Metal-poor,Main Sequence (Red Dwarf),images/red_dwarf.jpg,FALSE,0,"55 Cancri System (53.5 ly away), Gliese 581 System (58.4 ly away), Wolf 359 System (62.5 ly away)"
Gliese GJ 3739,69.39,-61.69,-10.8,29.89,m,3608,0.056,Red,0.0005,0.5,Metal-poor,Main Sequence (Red Dwarf),images/red_dwarf.jpg,FALSE,0,"55 Cancri System (53.5 ly away), Gliese 581 System (58.8 ly away), Wolf 359 System (62.8 ly away)"
Gliese GJ 3933,69.39,-26.28,-45.91,44.91,m,3100,0.164,Red,0.0022,0.5,Metal-poor,Main Sequence (Red Dwarf),images/red_dwarf.jpg,TRUE,1,"Gliese 581 System (58.1 ly away), Barnard's Star System (64.7 ly away), Wolf 359 System (67.8 ly away)"
Gliese GJ 3946,69.39,-30.65,-61.98,5.89,m,3100,0.136,Red,0.0015,0.5,Metal-poor,Main Sequence (Red Dwarf),images/red_dwarf.jpg,FALSE,0,"Gliese 581 System (50.6 ly away), Gliese 667 System (54.9 ly away), Barnard's Star System (64.1 ly away)"
Gliese GJ 3984,69.39,-17.48,-66.42,9.9,m,3100,0.142,Red,0.0017,0.5,Metal-poor,Main Sequence (Red Dwarf),images/red_dwarf.jpg,FALSE,0,"Gliese 581 System (52.8 ly away), Gliese 667 System (55.1 ly away), Barnard's Star System (63.6 ly away)"
Gliese GJ 4009,69.39,-7.55,-54.57,42.2,m,3100,0.148,Red,0.0018,0.5,Metal-poor,Main Sequence (Red Dwarf),images/red_dwarf.jpg,FALSE,0,"Gliese 581 System (59.9 ly away), Barnard's Star System (64.0 ly away), Gliese 667 System (66.2 ly away)"
Gliese GJ 4011,69.39,-5.37,-43.89,53.48,m,3839,0.127,Red,0.0032,0.5,Metal-poor,Main Sequence (Red Dwarf),images/red_dwarf.jpg,FALSE,0,"Gliese 581 System (63.5 ly away), Barnard's Star System (64.7 ly away), Solar System (Earth/Sun) (69.4 ly away)"
Gliese GJ 4015,69.39,-6.27,-63.99,26.1,m,3100,0.105,Red,0.0009,0.5,Metal-poor,Main Sequence (Red Dwarf),images/red_dwarf.jpg,FALSE,0,"Gliese 581 System (56.9 ly away), Gliese 667 System (60.2 ly away), Barnard's Star System (63.5 ly away)"
Gliese GJ 4084,69.39,14.12,-61.57,28.73,m,3100,0.194,Red,0.0031,0.5,Metal-poor,Main Sequence (Red Dwarf),images/red_dwarf.jpg,FALSE,0,"Gliese 581 System (62.1 ly away), Gliese 667 System (62.6 ly away), Barnard's Star System (63.7 ly away)"
Gliese GJ 4089,69.39,11.67,-46.43,50.24,m,3100,0.112,Red,0.001,0.5,Metal-poor,Main Sequence (Red Dwarf),images/red_dwarf.jpg,FALSE,0,"Barnard's Star System (64.6 ly away), Gliese 581 System (66.2 ly away), Gliese 876 System (68.6 ly away)"
Gliese GJ 4111,69.39,26.09,-63.72,8.65,K7,3934,0.309,Orange,0.0205,1.0,Solar metallicity,Main Sequence,images/orange_dwarf.jpg,TRUE,2,"Gliese 667 System (58.3 ly away), Gliese 876 System (61.9 ly away), Gliese 581 System (63.2 ly away)"
Gliese GJ 4179,69.39,48.11,-45.76,-20.2,K7,3918,0.371,Orange,0.0291,1.0,Solar metallicity,Main Sequence,images/orange_dwarf.jpg,FALSE,0,"Gliese 876 System (56.1 ly away), Gliese 667 System (58.7 ly away), Tau Ceti System (65.5 ly away)"
Gliese GJ 4218,69.39,54.06,-35.87,24.62,m,3541,0.07,Red,0.0007,0.5,Metal-poor,Main Sequence (Red Dwarf),images/red_dwarf.jpg,FALSE,0,"Gliese 876 System (58.3 ly away), Tau Ceti System (66.1 ly away), Barnard's Star System (66.2 ly away)"
Gliese GJ 4269B,69.39,36.08,-17.59,56.61,m,3100,0.109,Red,0.001,0.5,Metal-poor,Main Sequence (Red Dwarf),images/red_dwarf.jpg,FALSE,0,"Gliese 876 System (65.6 ly away), Barnard's Star System (67.0 ly away), Tau Ceti System (69.0 ly away)"
Gliese GJ 4297,69.39,56.04,-18.23,36.64,m,3100,0.181,Red,0.0027,0.5,Metal-poor,Main Sequence (Red Dwarf),images/red_dwarf.jpg,FALSE,0,"Gliese 876 System (59.8 ly away), Tau Ceti System (65.0 ly away), Barnard's Star System (67.4 ly away)"
Gliese GJ 4336,69.39,67.12,-9.87,14.62,m,3100,0.206,Red,0.0035,0.5,Metal-poor,Main Sequence (Red Dwarf),images/red_dwarf.jpg,TRUE,3,"Gliese 876 System (56.3 ly away), Tau Ceti System (61.4 ly away), Epsilon Eridani System (65.6 ly away)"
Gliese GJ 4342,69.39,59.71,-6.43,34.76,m,3100,0.157,Red,0.0021,0.5,Metal-poor,Main Sequence (Red Dwarf),images/red_dwarf.jpg,FALSE,0,"Gliese 876 System (59.7 ly away), Tau Ceti System (63.4 ly away), Epsilon Eridani System (66.4 ly away)"
Gliese GJ 4363,69.39,68.25,-3.2,12.16,dM4  :,12000,0.01,White,0.0015,1.0,Solar metallicity,White Dwarf,images/sirius.jpg,TRUE,1,"Gliese 876 System (56.4 ly away), Tau Ceti System (60.5 ly away), Epsilon Eridani System (64.6 ly away)"
Gliese GJ 4365,69.39,60.3,-2.66,34.24,DA9,6047,0.013,White,0.0002,1.0,Solar metallicity,White Dwarf,images/sirius.jpg,TRUE,1,"Gliese 876 System (59.8 ly away), Tau Ceti System (63.0 ly away), Epsilon Eridani System (65.9 ly away)"
Gliese GJ 9798,69.41,64.37,-19.85,16.76,K0,5137,0.552,Orange,0.1905,1.0,Solar metallicity,Main Sequence,images/orange_dwarf.jpg,FALSE,0,"Gliese 876 System (56.4 ly away), Tau Ceti System (62.8 ly away), Epsilon Eridani System (67.2 ly away)"
Gliese Gl 122,69.44,11.37,12.3,67.39,M0,4084,0.432,Red,0.0466,0.5,Metal-poor,Main Sequence (Red Dwarf),images/red_dwarf.jpg,FALSE,0,"55 Cancri System (61.5 ly away), Ross 128 System (65.7 ly away), Barnard's Star System (69.3 ly away)"
Gliese GJ 3917,69.44,-37.76,-58.24,1.9,G8V,5278,0.774,Yellow,0.4173,1.0,Solar metallicity,Main Sequence,images/sun.jpg,FALSE,0,"Gliese 581 System (49.8 ly away), Gliese 667 System (54.8 ly away), Barnard's Star System (64.6 ly away)"
Gliese GJ 3400A,69.45,-5.46,32.65,-61.06,G1/G2V,5875,1.132,Yellow,1.369,1.0,Solar metallicity,Main Sequence,images/sun.jpg,FALSE,0,"Epsilon Eridani System (65.2 ly away), Tau Ceti System (66.0 ly away), Proxima Centauri System (67.0 ly away)"
Hipparcos 110980,69.53,64.1,-26.85,2.02,G2V,3900,0.345,Yellow,0.0248,1.0,Solar metallicity,Main Sequence,images/sun.jpg,FALSE,0,"Gliese 876 System (55.1 ly away), Tau Ceti System (62.8 ly away), Barnard's Star System (67.6 ly away)"
Gliese GJ 1172,69.54,-63.52,-27.74,5.66,M0.5V:,3975,0.43,Red,0.0415,0.5,Metal-poor,Main Sequence (Red Dwarf),images/red_dwarf.jpg,FALSE,0,"Gliese 581 System (52.7 ly away), Wolf 359 System (63.7 ly away), Gliese 667 System (63.7 ly away)"
Gliese GJ 1198,69.54,-32.05,-60.42,-12.6,M2,3516,0.062,Red,0.0005,0.5,Metal-poor,Main Sequence (Red Dwarf),images/red_dwarf.jpg,FALSE,0,"Gliese 581 System (49.9 ly away), Gliese 667 System (51.0 ly away), Barnard's Star System (64.8 ly away)"
Gliese Gl 747.1,69.54,20.04,-64.2,-17.71,M3,3794,0.182,Red,0.0062,0.5,Metal-poor,Main Sequence (Red Dwarf),images/red_dwarf.jpg,FALSE,0,"Gliese 667 System (51.7 ly away), Gliese 581 System (60.8 ly away), Gliese 876 System (61.8 ly away)"
Hipparcos 19859,69.57,30.46,62.1,7.5,G0IV...,6088,0.976,Yellow,1.1749,1.0,Solar metallicity,Subgiant,images/sun.jpg,FALSE,0,"Epsilon Eridani System (59.7 ly away), Tau Ceti System (61.5 ly away), Ross 128 System (62.3 ly away)"
Hipparcos 114954,69.6,62.76,-11.91,-27.64,K7,3959,0.285,Orange,0.018,1.0,Solar metallicity,Main Sequence,images/orange_dwarf.jpg,FALSE,0,"Gliese 876 System (54.6 ly away), Tau Ceti System (60.3 ly away), Epsilon Eridani System (65.4 ly away)"
Gliese GJ 9188,69.65,5.28,66.96,18.42,M0,3530,0.383,Red,0.0205,0.5,Metal-poor,Main Sequence (Red Dwarf),images/red_dwarf.jpg,FALSE,0,"55 Cancri System (50.6 ly away), Ross 128 System (59.6 ly away), Epsilon Eridani System (62.0 ly away)"
Gliese GJ 2033,69.66,29.62,61.2,-15.14,G2V,3776,0.307,Yellow,0.0172,1.0,Solar metallicity,Main Sequence,images/sun.jpg,FALSE,0,"Epsilon Eridani System (59.4 ly away), Tau Ceti System (60.6 ly away), Ross 128 System (63.8 ly away)"
Gliese GJ 2085,69.68,-68.04,10.85,10.38,M1V:,3821,0.265,Red,0.0134,0.5,Metal-poor,Main Sequence (Red Dwarf),images/red_dwarf.jpg,FALSE,0,"55 Cancri System (47.1 ly away), Wolf 359 System (61.9 ly away), Gliese 581 System (62.4 ly away)"
40 Leo,69.69,-59.52,27.84,23.23,F6IV,6615,1.684,Yellow-White,4.8708,1.0,Solar metallicity,Subgiant,images/sun.jpg,FALSE,0,"55 Cancri System (35.6 ly away), Ross 128 System (62.1 ly away), Wolf 359 System (62.2 ly away)"
Gliese GJ 1027,69.69,66.75,19.09,6.17,DA6,7399,0.02,White,0.001,1.0,Solar metallicity,White Dwarf,images/sirius.jpg,FALSE,0,"Gliese 876 System (58.4 ly away), Tau Ceti System (58.9 ly away), Epsilon Eridani System (62.0 ly away)"
Gliese Gl 120,69.69,48.93,47.89,13.05,dM4,3705,0.12,White,0.0024,1.0,Solar metallicity,White Dwarf,images/sirius.jpg,FALSE,0,"Tau Ceti System (60.0 ly away), Epsilon Eridani System (60.1 ly away), Gliese 876 System (64.9 ly away)"
Gliese GJ 1250,69.69,30.93,-49.36,38.26,m,3368,0.062,Red,0.0004,0.5,Metal-poor,Main Sequence (Red Dwarf),images/red_dwarf.jpg,FALSE,0,"Gliese 876 System (63.9 ly away), Barnard's Star System (64.9 ly away), Gliese 581 System (69.0 ly away)"
Gliese Gl 834B,69.69,43.62,-31.51,44.29,G2V,5700,0.071,Yellow,0.0048,1.0,Solar metallicity,Main Sequence,images/sun.jpg,FALSE,0,"Gliese 876 System (62.6 ly away), Barnard's Star System (66.4 ly away), Tau Ceti System (68.6 ly away)"
Gliese Gl 39,69.71,64.36,14.67,22.39,K2,4321,0.511,Orange,0.0816,1.0,Solar metallicity,Main Sequence,images/orange_dwarf.jpg,FALSE,0,"Gliese 876 System (59.7 ly away), Tau Ceti System (60.6 ly away), Epsilon Eridani System (63.3 ly away)"
Hipparcos 7734,69.71,44.02,20.43,50.04,G5IV,5636,1.003,Yellow,0.9112,1.0,Solar metallicity,Subgiant,images/sun.jpg,FALSE,0,"Tau Ceti System (64.9 ly away), Epsilon Eridani System (65.3 ly away), Gliese 876 System (66.3 ly away)"
Hipparcos 16582,69.71,41.54,55.89,-3.09,K0,4750,0.537,Orange,0.1317,1.0,Solar metallicity,Main Sequence,images/orange_dwarf.jpg,FALSE,0,"Epsilon Eridani System (59.3 ly away), Tau Ceti System (59.7 ly away), Ross 128 System (64.6 ly away)"
Gliese GJ 9638,69.78,15.44,-62.07,27.89,K0V,4970,0.63,Orange,0.2172,1.0,Solar metallicity,Main Sequence,images/orange_dwarf.jpg,TRUE,1,"Gliese 581 System (62.6 ly away), Gliese 667 System (62.8 ly away), Barnard's Star System (64.1 ly away)"
Gliese Gl 857.1B,69.78,58.96,-26.02,26.76,G2V,5700,0.068,Yellow,0.0044,1.0,Solar metallicity,Main Sequence,images/sun.jpg,FALSE,0,"Gliese 876 System (58.4 ly away), Tau Ceti System (65.1 ly away), Barnard's Star System (67.4 ly away)"
Gliese GJ 3615,69.8,-57.64,19.99,-33.91,K1V,5070,0.741,Orange,0.3257,1.0,Solar metallicity,Main Sequence,images/orange_dwarf.jpg,FALSE,0,"55 Cancri System (62.9 ly away), Wolf 359 System (63.7 ly away), Gliese 581 System (65.0 ly away)"
Hipparcos 59780,69.81,-59.64,-4.03,-36.05,K5V,3978,0.475,Orange,0.0507,1.0,Solar metallicity,Main Sequence,images/orange_dwarf.jpg,FALSE,0,"Gliese 581 System (58.5 ly away), Gliese 667 System (62.5 ly away), Wolf 359 System (64.3 ly away)"
Hipparcos 91154,69.83,5.23,-33.2,-61.2,K3V,4405,0.466,Orange,0.0733,1.0,Solar metallicity,Main Sequence,images/orange_dwarf.jpg,FALSE,0,"Gliese 667 System (51.1 ly away), Gliese 581 System (63.8 ly away), Gliese 876 System (64.9 ly away)"
Gliese Gl 268.1,69.89,-14.91,45.5,-50.91,F0IV,7313,1.579,Yellow-White,6.3973,1.0,Solar metallicity,Subgiant,images/sun.jpg,FALSE,0,"Epsilon Eridani System (65.2 ly away), Ross 128 System (66.0 ly away), Tau Ceti System (67.4 ly away)"
Gliese GJ 1161A,69.89,-56.64,-8.86,-39.97,K4V,4686,0.822,Orange,0.2924,1.0,Solar metallicity,Main Sequence,images/orange_dwarf.jpg,FALSE,0,"Gliese 581 System (57.8 ly away), Gliese 667 System (60.5 ly away), Wolf 359 System (64.9 ly away)"
Gliese Gl 746,69.9,19.55,-63.98,20.27,G5V,5585,1.302,Yellow,1.4791,1.0,Solar metallicity,Main Sequence,images/sun.jpg,FALSE,0,"Gliese 667 System (61.0 ly away), Gliese 581 System (62.8 ly away), Barnard's Star System (64.3 ly away)"
Gliese Gl 143.2B,69.92,19.42,25.18,-62.27,m,3918,0.308,Red,0.0201,0.5,Metal-poor,Main Sequence (Red Dwarf),images/red_dwarf.jpg,FALSE,0,"Tau Ceti System (63.0 ly away), Epsilon Eridani System (64.2 ly away), Gliese 876 System (65.7 ly away)"
Lam Ara,69.96,-3.89,-45.35,-53.13,F3IV,6801,1.614,Yellow-White,4.998,1.0,Solar metallicity,Subgiant,images/sun.jpg,FALSE,0,"Gliese 667 System (48.3 ly away), Gliese 581 System (59.4 ly away), Proxima Centauri System (66.1 ly away)"
Gliese GJ 3024,69.99,68.98,5.27,-10.64,M0,3691,0.156,Red,0.004,0.5,Metal-poor,Main Sequence (Red Dwarf),images/red_dwarf.jpg,FALSE,0,"Gliese 876 System (56.0 ly away), Tau Ceti System (59.2 ly away), Epsilon Eridani System (63.5 ly away)"
Gliese GJ 3437,69.99,-21.88,62.21,23.45,m,3705,0.134,Red,0.003,0.5,Metal-poor,Main Sequence (Red Dwarf),images/red_dwarf.jpg,FALSE,0,"55 Cancri System (36.7 ly away), Ross 128 System (59.0 ly away), Wolf 359 System (65.8 ly away)"
Gliese GJ 4030,69.99,-2.72,-63.99,28.2,M4.5-5,3635,0.101,Red,0.0016,0.5,Metal-poor,Main Sequence (Red Dwarf),images/red_dwarf.jpg,FALSE,0,"Gliese 581 System (58.5 ly away), Gliese 667 System (61.5 ly away), Barnard's Star System (64.1 ly away)"
